{"rc-position-target": {"height": 4.100000000000003, "distance": 5.899999999999997, "heading": -13.5, "wrist_angle": -58.5, "wrist_rotation": 79.29634246635293, "gripper": 55.0}, "rc-angle-target": {"0": 76.5, "1": 103.0, "2": 95.0, "3": 69.0, "4": 79.29634246635293}, "rc-pulse-target": {"0": 1390.0, "1": 1604.0, "2": 1555.0, "3": 1266.0, "4": 1381.0, "5": 1675.0}, "reward": 1.0, "annotation": "closing in"}