{"rc-position-target": {"height": 4.200000000000003, "distance": 5.799999999999997, "heading": -12.0, "wrist_angle": -57.0, "wrist_rotation": 79.0, "gripper": 60.0}, "rc-angle-target": {"0": 78.0, "1": 104.0, "2": 96.0, "3": 69.0, "4": 79.0}, "rc-pulse-target": {"0": 1406.0, "1": 1615.0, "2": 1566.0, "3": 1266.0, "4": 1377.0, "5": 1600.0}, "reward": 1.0, "annotation": "closing in"}