{"rc-position-target": {"height": 4.400000000000002, "distance": 5.599999999999998, "heading": -9.0, "wrist_angle": -54.0, "wrist_rotation": 78.0, "gripper": 70.0}, "rc-angle-target": {"0": 81.0, "1": 107.0, "2": 96.0, "3": 70.0, "4": 78.0}, "rc-pulse-target": {"0": 1440.0, "1": 1648.0, "2": 1566.0, "3": 1277.0, "4": 1366.0, "5": 1450.0}, "reward": -1.0, "annotation": "unconc"}