{"rc-position-target": {"height": 3.1000000000000028, "distance": 6.899999999999993, "heading": -28.5, "wrist_angle": -73.5, "wrist_rotation": 79.29634246635293, "gripper": 26.70282264596451}, "rc-angle-target": {"0": 61.5, "1": 89.0, "2": 91.0, "3": 63.0, "4": 79.29634246635293}, "rc-pulse-target": {"0": 1223.0, "1": 1448.0, "2": 1511.0, "3": 1200.0, "4": 1381.0, "5": 2099.4576603105324}, "reward": 1.0, "annotation": "closing in"}