{"rc-position-target": {"height": 3.600000000000003, "distance": 6.399999999999995, "heading": -21.0, "wrist_angle": -66.0, "wrist_rotation": 79.29634246635293, "gripper": 30.0}, "rc-angle-target": {"0": 69.0, "1": 96.0, "2": 94.0, "3": 66.0, "4": 79.29634246635293}, "rc-pulse-target": {"0": 1306.0, "1": 1526.0, "2": 1544.0, "3": 1233.0, "4": 1381.0, "5": 2050.0}, "reward": 1.0, "annotation": "closing in"}