{"rc-position-target": {"height": 3.400000000000003, "distance": 6.599999999999994, "heading": -24.0, "wrist_angle": -69.0, "wrist_rotation": 79.29634246635293, "gripper": 26.70282264596451}, "rc-angle-target": {"0": 66.0, "1": 93.0, "2": 93.0, "3": 65.0, "4": 79.29634246635293}, "rc-pulse-target": {"0": 1273.0, "1": 1493.0, "2": 1533.0, "3": 1222.0, "4": 1381.0, "5": 2099.4576603105324}, "reward": 1.0, "annotation": "closing in"}