{"rc-position-target": {"height": 3.500000000000003, "distance": 6.499999999999995, "heading": -22.5, "wrist_angle": -67.5, "wrist_rotation": 79.29634246635293, "gripper": 26.70282264596451}, "rc-angle-target": {"0": 67.5, "1": 95.0, "2": 93.0, "3": 66.0, "4": 79.29634246635293}, "rc-pulse-target": {"0": 1290.0, "1": 1515.0, "2": 1533.0, "3": 1233.0, "4": 1381.0, "5": 2099.4576603105324}, "reward": -1.0, "annotation": "unconc"}