{"rc-position-target": {"height": 3.200000000000003, "distance": 6.799999999999994, "heading": -27.0, "wrist_angle": -72.0, "wrist_rotation": 79.29634246635293, "gripper": 26.70282264596451}, "rc-angle-target": {"0": 63.0, "1": 91.0, "2": 92.0, "3": 64.0, "4": 79.29634246635293}, "rc-pulse-target": {"0": 1240.0, "1": 1471.0, "2": 1522.0, "3": 1211.0, "4": 1381.0, "5": 2099.4576603105324}, "reward": 1.0, "annotation": "closing in"}