{"rc-position-target": {"height": 3.8000000000000034, "distance": 6.199999999999996, "heading": -18.0, "wrist_angle": -63.0, "wrist_rotation": 79.29634246635293, "gripper": 40.0}, "rc-angle-target": {"0": 72.0, "1": 99.0, "2": 95.0, "3": 67.0, "4": 79.29634246635293}, "rc-pulse-target": {"0": 1340.0, "1": 1560.0, "2": 1555.0, "3": 1244.0, "4": 1381.0, "5": 1900.0}, "reward": 1.0, "annotation": "closing in"}