{"rc-position-target": {"height": 3.9000000000000035, "distance": 6.099999999999996, "heading": -16.5, "wrist_angle": -61.5, "wrist_rotation": 79.29634246635293, "gripper": 45.0}, "rc-angle-target": {"0": 73.5, "1": 100.0, "2": 95.0, "3": 68.0, "4": 79.29634246635293}, "rc-pulse-target": {"0": 1356.0, "1": 1571.0, "2": 1555.0, "3": 1255.0, "4": 1381.0, "5": 1825.0}, "reward": 1.0, "annotation": "closing in"}