{"rc-position-target": {"height": 3.7000000000000033, "distance": 6.299999999999995, "heading": -19.5, "wrist_angle": -64.5, "wrist_rotation": 79.29634246635293, "gripper": 35.0}, "rc-angle-target": {"0": 70.5, "1": 98.0, "2": 94.0, "3": 67.0, "4": 79.29634246635293}, "rc-pulse-target": {"0": 1323.0, "1": 1548.0, "2": 1544.0, "3": 1244.0, "4": 1381.0, "5": 1975.0}, "reward": 1.0, "annotation": "closing in"}