{"rc-position-target": {"height": 2.7000000000000024, "distance": 7.299999999999992, "heading": -34.5, "wrist_angle": -79.5, "wrist_rotation": 79.29634246635293, "gripper": 26.70282264596451}, "rc-angle-target": {"0": 55.5, "1": 84.0, "2": 89.0, "3": 60.0, "4": 79.29634246635293}, "rc-pulse-target": {"0": 1156.0, "1": 1393.0, "2": 1488.0, "3": 1166.0, "4": 1381.0, "5": 2099.4576603105324}, "reward": -1.0, "annotation": "unconc"}