{"rc-position-target": {"height": 2.100000000000002, "distance": 7.89999999999999, "heading": -43.5, "wrist_angle": -88.24293879227515, "wrist_rotation": 79.29634246635293, "gripper": 26.70282264596451}, "rc-angle-target": {"0": 46.5, "1": 75.0, "2": 85.0, "3": 55.0, "4": 79.29634246635293}, "rc-pulse-target": {"0": 1056.0, "1": 1293.0, "2": 1444.0, "3": 1111.0, "4": 1381.0, "5": 2099.4576603105324}, "reward": 0.0, "annotation": ""}