{"rc-position-target": {"height": 2.9000000000000026, "distance": 7.0999999999999925, "heading": -31.5, "wrist_angle": -76.5, "wrist_rotation": 79.29634246635293, "gripper": 26.70282264596451}, "rc-angle-target": {"0": 58.5, "1": 87.0, "2": 90.0, "3": 62.0, "4": 79.29634246635293}, "rc-pulse-target": {"0": 1190.0, "1": 1426.0, "2": 1500.0, "3": 1188.0, "4": 1381.0, "5": 2099.4576603105324}, "reward": 1.0, "annotation": "closing in"}