{"rc-position-target": {"height": 2.8000000000000025, "distance": 7.199999999999992, "heading": -33.0, "wrist_angle": -78.0, "wrist_rotation": 79.29634246635293, "gripper": 26.70282264596451}, "rc-angle-target": {"0": 57.0, "1": 85.0, "2": 90.0, "3": 61.0, "4": 79.29634246635293}, "rc-pulse-target": {"0": 1173.0, "1": 1404.0, "2": 1500.0, "3": 1177.0, "4": 1381.0, "5": 2099.4576603105324}, "reward": 1.0, "annotation": "closing in"}