{"rc-position-target": {"height": 3.0000000000000027, "distance": 6.999999999999993, "heading": -30.0, "wrist_angle": -75.0, "wrist_rotation": 79.29634246635293, "gripper": 26.70282264596451}, "rc-angle-target": {"0": 60.0, "1": 88.0, "2": 91.0, "3": 62.0, "4": 79.29634246635293}, "rc-pulse-target": {"0": 1206.0, "1": 1437.0, "2": 1511.0, "3": 1188.0, "4": 1381.0, "5": 2099.4576603105324}, "reward": 1.0, "annotation": "closing in"}