{"rc-position-target": {"height": 2.6000000000000023, "distance": 7.3999999999999915, "heading": -36.0, "wrist_angle": -81.0, "wrist_rotation": 79.29634246635293, "gripper": 26.70282264596451}, "rc-angle-target": {"0": 54.0, "1": 82.0, "2": 88.0, "3": 59.0, "4": 79.29634246635293}, "rc-pulse-target": {"0": 1140.0, "1": 1371.0, "2": 1477.0, "3": 1155.0, "4": 1381.0, "5": 2099.4576603105324}, "reward": 1.0, "annotation": "closing in"}