{"rc-position-target": {"height": 2.200000000000002, "distance": 7.79999999999999, "heading": -42.0, "wrist_angle": -87.0, "wrist_rotation": 79.29634246635293, "gripper": 26.70282264596451}, "rc-angle-target": {"0": 48.0, "1": 77.0, "2": 85.0, "3": 56.0, "4": 79.29634246635293}, "rc-pulse-target": {"0": 1073.0, "1": 1315.0, "2": 1444.0, "3": 1122.0, "4": 1381.0, "5": 2099.4576603105324}, "reward": -1.0, "annotation": "away"}