{"rc-position-target": {"height": 2.400000000000002, "distance": 7.599999999999991, "heading": -39.0, "wrist_angle": -84.0, "wrist_rotation": 79.29634246635293, "gripper": 26.70282264596451}, "rc-angle-target": {"0": 51.0, "1": 80.0, "2": 87.0, "3": 58.0, "4": 79.29634246635293}, "rc-pulse-target": {"0": 1106.0, "1": 1348.0, "2": 1466.0, "3": 1144.0, "4": 1381.0, "5": 2099.4576603105324}, "reward": 1.0, "annotation": "closing in"}