{"rc-position-target": {"height": 2.500000000000002, "distance": 7.499999999999991, "heading": -37.5, "wrist_angle": -82.5, "wrist_rotation": 79.29634246635293, "gripper": 26.70282264596451}, "rc-angle-target": {"0": 52.5, "1": 81.0, "2": 88.0, "3": 59.0, "4": 79.29634246635293}, "rc-pulse-target": {"0": 1123.0, "1": 1360.0, "2": 1477.0, "3": 1155.0, "4": 1381.0, "5": 2099.4576603105324}, "reward": 1.0, "annotation": "closing in"}