{"rc-position-target": {"height": 2.300000000000002, "distance": 7.69999999999999, "heading": -40.5, "wrist_angle": -85.5, "wrist_rotation": 79.29634246635293, "gripper": 26.70282264596451}, "rc-angle-target": {"0": 49.5, "1": 78.0, "2": 86.0, "3": 57.0, "4": 79.29634246635293}, "rc-pulse-target": {"0": 1090.0, "1": 1326.0, "2": 1455.0, "3": 1133.0, "4": 1381.0, "5": 2099.4576603105324}, "reward": -1.0, "annotation": "unconc"}