{"rc-position-target": {"height": 1.8000000000000016, "distance": 8.199999999999989, "heading": -48.0, "wrist_angle": -88.24293879227515, "wrist_rotation": 79.29634246635293, "gripper": 26.70282264596451}, "rc-angle-target": {"0": 42.0, "1": 71.0, "2": 82.0, "3": 57.0, "4": 79.29634246635293}, "rc-pulse-target": {"0": 1006.0, "1": 1248.0, "2": 1411.0, "3": 1133.0, "4": 1381.0, "5": 2099.4576603105324}, "reward": 0.0, "annotation": ""}