{"rc-position-target": {"height": 1.6000000000000014, "distance": 8.399999999999988, "heading": -51.0, "wrist_angle": -88.24293879227515, "wrist_rotation": 79.29634246635293, "gripper": 26.70282264596451}, "rc-angle-target": {"0": 39.0, "1": 69.0, "2": 80.0, "3": 58.0, "4": 79.29634246635293}, "rc-pulse-target": {"0": 973.0, "1": 1226.0, "2": 1388.0, "3": 1144.0, "4": 1381.0, "5": 2099.4576603105324}, "reward": 0.0, "annotation": ""}