{"rc-position-target": {"height": 1.9000000000000017, "distance": 8.099999999999989, "heading": -46.5, "wrist_angle": -88.24293879227515, "wrist_rotation": 79.29634246635293, "gripper": 26.70282264596451}, "rc-angle-target": {"0": 43.5, "1": 73.0, "2": 83.0, "3": 57.0, "4": 79.29634246635293}, "rc-pulse-target": {"0": 1023.0, "1": 1271.0, "2": 1422.0, "3": 1133.0, "4": 1381.0, "5": 2099.4576603105324}, "reward": 0.0, "annotation": ""}