{"rc-position-target": {"height": 1.4000000000000012, "distance": 8.599999999999987, "heading": -54.0, "wrist_angle": -88.24293879227515, "wrist_rotation": 79.29634246635293, "gripper": 26.70282264596451}, "rc-angle-target": {"0": 36.0, "1": 66.0, "2": 78.0, "3": 59.0, "4": 79.29634246635293}, "rc-pulse-target": {"0": 940.0, "1": 1193.0, "2": 1366.0, "3": 1155.0, "4": 1381.0, "5": 2099.4576603105324}, "reward": 0.0, "annotation": ""}