{"rc-position-target": {"height": 1.5000000000000013, "distance": 8.499999999999988, "heading": -52.5, "wrist_angle": -88.24293879227515, "wrist_rotation": 79.29634246635293, "gripper": 26.70282264596451}, "rc-angle-target": {"0": 37.5, "1": 67.0, "2": 79.0, "3": 58.0, "4": 79.29634246635293}, "rc-pulse-target": {"0": 956.0, "1": 1204.0, "2": 1377.0, "3": 1144.0, "4": 1381.0, "5": 2099.4576603105324}, "reward": 0.0, "annotation": ""}