{"rc-position-target": {"height": 1.200000000000001, "distance": 8.62286746866221, "heading": -57.0, "wrist_angle": -88.24293879227515, "wrist_rotation": 79.29634246635293, "gripper": 26.70282264596451}, "rc-angle-target": {"0": 33.0, "1": 64.0, "2": 78.0, "3": 60.0, "4": 79.29634246635293}, "rc-pulse-target": {"0": 906.0, "1": 1171.0, "2": 1366.0, "3": 1166.0, "4": 1381.0, "5": 2099.4576603105324}, "reward": 0.0, "annotation": ""}