{"rc-position-target": {"height": 2.0000000000000018, "distance": 7.999999999999989, "heading": -45.0, "wrist_angle": -88.24293879227515, "wrist_rotation": 79.29634246635293, "gripper": 26.70282264596451}, "rc-angle-target": {"0": 45.0, "1": 74.0, "2": 84.0, "3": 56.0, "4": 79.29634246635293}, "rc-pulse-target": {"0": 1040.0, "1": 1282.0, "2": 1433.0, "3": 1122.0, "4": 1381.0, "5": 2099.4576603105324}, "reward": 0.0, "annotation": ""}