{"rc-position-target": {"height": 1.7000000000000015, "distance": 8.299999999999988, "heading": -49.5, "wrist_angle": -88.24293879227515, "wrist_rotation": 79.29634246635293, "gripper": 26.70282264596451}, "rc-angle-target": {"0": 40.5, "1": 70.0, "2": 81.0, "3": 58.0, "4": 79.29634246635293}, "rc-pulse-target": {"0": 990.0, "1": 1237.0, "2": 1400.0, "3": 1144.0, "4": 1381.0, "5": 2099.4576603105324}, "reward": 0.0, "annotation": ""}