{"rc-position-target": {"height": 1.1275763566388113, "distance": 8.62286746866221, "heading": -72.0, "wrist_angle": -88.24293879227515, "wrist_rotation": 79.29634246635293, "gripper": 26.70282264596451}, "rc-angle-target": {"0": 18.0, "1": 64.0, "2": 79.0, "3": 61.0, "4": 79.29634246635293}, "rc-pulse-target": {"0": 740.0, "1": 1171.0, "2": 1377.0, "3": 1177.0, "4": 1381.0, "5": 2099.4576603105324}, "reward": 0.0, "annotation": ""}