{"rc-position-target": {"height": 1.2275763566388114, "distance": 8.522867468662211, "heading": -85.5, "wrist_angle": -86.74293879227515, "wrist_rotation": 79.79634246635293, "gripper": 31.70282264596451}, "rc-angle-target": {"0": 4.5, "1": 65.0, "2": 80.0, "3": 62.0, "4": 79.79634246635293}, "rc-pulse-target": {"0": 590.0, "1": 1182.0, "2": 1388.0, "3": 1188.0, "4": 1386.0, "5": 2024.4576603105322}, "reward": 0.0, "annotation": ""}