{"rc-position-target": {"height": 2.027576356638812, "distance": 7.722867468662214, "heading": -73.5, "wrist_angle": -74.74293879227515, "wrist_rotation": 83.79634246635293, "gripper": 34.853590196384424}, "rc-angle-target": {"0": 16.5, "1": 77.0, "2": 87.0, "3": 70.0, "4": 83.79634246635293}, "rc-pulse-target": {"0": 723.0, "1": 1315.0, "2": 1466.0, "3": 1277.0, "4": 1431.0, "5": 1977.1961470542335}, "reward": 0.0, "annotation": ""}