{"rc-position-target": {"height": 1.7275763566388118, "distance": 8.022867468662213, "heading": -78.0, "wrist_angle": -79.24293879227515, "wrist_rotation": 82.29634246635293, "gripper": 34.853590196384424}, "rc-angle-target": {"0": 12.0, "1": 72.0, "2": 84.0, "3": 67.0, "4": 82.29634246635293}, "rc-pulse-target": {"0": 673.0, "1": 1260.0, "2": 1433.0, "3": 1244.0, "4": 1414.0, "5": 1977.1961470542335}, "reward": 0.0, "annotation": ""}