{"rc-position-target": {"height": 1.927576356638812, "distance": 7.8228674686622135, "heading": -75.0, "wrist_angle": -76.24293879227515, "wrist_rotation": 83.29634246635293, "gripper": 34.853590196384424}, "rc-angle-target": {"0": 15.0, "1": 75.0, "2": 86.0, "3": 69.0, "4": 83.29634246635293}, "rc-pulse-target": {"0": 706.0, "1": 1293.0, "2": 1455.0, "3": 1266.0, "4": 1425.0, "5": 1977.1961470542335}, "reward": 0.0, "annotation": ""}