{"rc-position-target": {"height": 1.5275763566388116, "distance": 8.222867468662212, "heading": -81.0, "wrist_angle": -82.24293879227515, "wrist_rotation": 81.29634246635293, "gripper": 34.853590196384424}, "rc-angle-target": {"0": 9.0, "1": 70.0, "2": 82.0, "3": 65.0, "4": 81.29634246635293}, "rc-pulse-target": {"0": 640.0, "1": 1237.0, "2": 1411.0, "3": 1222.0, "4": 1403.0, "5": 1977.1961470542335}, "reward": 0.0, "annotation": ""}