{"rc-position-target": {"height": 2.127576356638812, "distance": 7.622867468662214, "heading": -72.0, "wrist_angle": -73.24293879227515, "wrist_rotation": 84.29634246635293, "gripper": 34.853590196384424}, "rc-angle-target": {"0": 18.0, "1": 78.0, "2": 88.0, "3": 71.0, "4": 84.29634246635293}, "rc-pulse-target": {"0": 740.0, "1": 1326.0, "2": 1477.0, "3": 1288.0, "4": 1436.0, "5": 1977.1961470542335}, "reward": 0.0, "annotation": ""}