{"rc-position-target": {"height": 1.4275763566388115, "distance": 8.322867468662212, "heading": -82.5, "wrist_angle": -83.74293879227515, "wrist_rotation": 80.79634246635293, "gripper": 34.853590196384424}, "rc-angle-target": {"0": 7.5, "1": 68.0, "2": 81.0, "3": 64.0, "4": 80.79634246635293}, "rc-pulse-target": {"0": 623.0, "1": 1215.0, "2": 1400.0, "3": 1211.0, "4": 1397.0, "5": 1977.1961470542335}, "reward": 0.0, "annotation": ""}