{"rc-position-target": {"height": 1.827576356638812, "distance": 7.922867468662213, "heading": -76.5, "wrist_angle": -77.74293879227515, "wrist_rotation": 82.79634246635293, "gripper": 34.853590196384424}, "rc-angle-target": {"0": 13.5, "1": 74.0, "2": 85.0, "3": 68.0, "4": 82.79634246635293}, "rc-pulse-target": {"0": 690.0, "1": 1282.0, "2": 1444.0, "3": 1255.0, "4": 1419.0, "5": 1977.1961470542335}, "reward": 0.0, "annotation": ""}