{"rc-position-target": {"height": 1.3275763566388115, "distance": 8.422867468662211, "heading": -84.0, "wrist_angle": -85.24293879227515, "wrist_rotation": 80.29634246635293, "gripper": 34.853590196384424}, "rc-angle-target": {"0": 6.0, "1": 67.0, "2": 81.0, "3": 63.0, "4": 80.29634246635293}, "rc-pulse-target": {"0": 606.0, "1": 1204.0, "2": 1400.0, "3": 1200.0, "4": 1392.0, "5": 1977.1961470542335}, "reward": 0.0, "annotation": ""}