{"rc-position-target": {"height": 1.6275763566388117, "distance": 8.122867468662212, "heading": -79.5, "wrist_angle": -80.74293879227515, "wrist_rotation": 81.79634246635293, "gripper": 34.853590196384424}, "rc-angle-target": {"0": 10.5, "1": 71.0, "2": 83.0, "3": 66.0, "4": 81.79634246635293}, "rc-pulse-target": {"0": 656.0, "1": 1248.0, "2": 1422.0, "3": 1233.0, "4": 1408.0, "5": 1977.1961470542335}, "reward": 0.0, "annotation": ""}