{"rc-position-target": {"height": 2.2275763566388123, "distance": 7.522867468662215, "heading": -70.5, "wrist_angle": -71.74293879227515, "wrist_rotation": 84.79634246635293, "gripper": 34.853590196384424}, "rc-angle-target": {"0": 19.5, "1": 80.0, "2": 88.0, "3": 72.0, "4": 84.79634246635293}, "rc-pulse-target": {"0": 756.0, "1": 1348.0, "2": 1477.0, "3": 1300.0, "4": 1442.0, "5": 1977.1961470542335}, "reward": 0.0, "annotation": ""}