{"rc-position-target": {"height": 2.5275763566388125, "distance": 7.222867468662216, "heading": -66.0, "wrist_angle": -69.01697123047524, "wrist_rotation": 86.29634246635293, "gripper": 34.853590196384424}, "rc-angle-target": {"0": 24.0, "1": 84.0, "2": 90.0, "3": 72.0, "4": 86.29634246635293}, "rc-pulse-target": {"0": 806.0, "1": 1393.0, "2": 1500.0, "3": 1300.0, "4": 1458.0, "5": 1977.1961470542335}, "reward": 0.0, "annotation": ""}