{"rc-position-target": {"height": 2.827576356638813, "distance": 6.922867468662217, "heading": -61.5, "wrist_angle": -69.01697123047524, "wrist_rotation": 87.02981063303083, "gripper": 34.853590196384424}, "rc-angle-target": {"0": 28.5, "1": 88.0, "2": 92.0, "3": 70.0, "4": 87.02981063303083}, "rc-pulse-target": {"0": 856.0, "1": 1437.0, "2": 1522.0, "3": 1277.0, "4": 1466.0, "5": 1977.1961470542335}, "reward": 0.0, "annotation": ""}