{"rc-position-target": {"height": 2.8482629555553998, "distance": 6.822867468662217, "heading": -60.0, "wrist_angle": -69.01697123047524, "wrist_rotation": 87.02981063303083, "gripper": 34.853590196384424}, "rc-angle-target": {"0": 30.0, "1": 89.0, "2": 93.0, "3": 70.0, "4": 87.02981063303083}, "rc-pulse-target": {"0": 873.0, "1": 1448.0, "2": 1533.0, "3": 1277.0, "4": 1466.0, "5": 1977.1961470542335}, "reward": 0.0, "annotation": ""}