{"rc-position-target": {"height": 2.7275763566388127, "distance": 7.022867468662216, "heading": -63.0, "wrist_angle": -69.01697123047524, "wrist_rotation": 87.02981063303083, "gripper": 34.853590196384424}, "rc-angle-target": {"0": 27.0, "1": 87.0, "2": 92.0, "3": 71.0, "4": 87.02981063303083}, "rc-pulse-target": {"0": 840.0, "1": 1426.0, "2": 1522.0, "3": 1288.0, "4": 1466.0, "5": 1977.1961470542335}, "reward": 0.0, "annotation": ""}