{"rc-position-target": {"height": 2.4275763566388124, "distance": 7.322867468662215, "heading": -67.5, "wrist_angle": -69.01697123047524, "wrist_rotation": 85.79634246635293, "gripper": 34.853590196384424}, "rc-angle-target": {"0": 22.5, "1": 82.0, "2": 90.0, "3": 73.0, "4": 85.79634246635293}, "rc-pulse-target": {"0": 790.0, "1": 1371.0, "2": 1500.0, "3": 1311.0, "4": 1453.0, "5": 1977.1961470542335}, "reward": 0.0, "annotation": ""}