{"rc-position-target": {"height": 2.8482629555553998, "distance": 6.722867468662217, "heading": -58.5, "wrist_angle": -69.01697123047524, "wrist_rotation": 87.02981063303083, "gripper": 34.853590196384424}, "rc-angle-target": {"0": 31.5, "1": 90.0, "2": 94.0, "3": 70.0, "4": 87.02981063303083}, "rc-pulse-target": {"0": 890.0, "1": 1460.0, "2": 1544.0, "3": 1277.0, "4": 1466.0, "5": 1977.1961470542335}, "reward": 0.0, "annotation": ""}