{"rc-position-target": {"height": 2.8482629555553998, "distance": 6.622867468662218, "heading": -57.0, "wrist_angle": -69.01697123047524, "wrist_rotation": 87.02981063303083, "gripper": 34.853590196384424}, "rc-angle-target": {"0": 33.0, "1": 91.0, "2": 95.0, "3": 70.0, "4": 87.02981063303083}, "rc-pulse-target": {"0": 906.0, "1": 1471.0, "2": 1555.0, "3": 1277.0, "4": 1466.0, "5": 1977.1961470542335}, "reward": 0.0, "annotation": ""}