{"rc-position-target": {"height": 2.6275763566388126, "distance": 7.122867468662216, "heading": -64.5, "wrist_angle": -69.01697123047524, "wrist_rotation": 86.79634246635293, "gripper": 34.853590196384424}, "rc-angle-target": {"0": 25.5, "1": 85.0, "2": 91.0, "3": 71.0, "4": 86.79634246635293}, "rc-pulse-target": {"0": 823.0, "1": 1404.0, "2": 1511.0, "3": 1288.0, "4": 1464.0, "5": 1977.1961470542335}, "reward": 0.0, "annotation": ""}