{"rc-position-target": {"height": 2.3275763566388123, "distance": 7.422867468662215, "heading": -69.0, "wrist_angle": -70.24293879227515, "wrist_rotation": 85.29634246635293, "gripper": 34.853590196384424}, "rc-angle-target": {"0": 21.0, "1": 81.0, "2": 89.0, "3": 72.0, "4": 85.29634246635293}, "rc-pulse-target": {"0": 773.0, "1": 1360.0, "2": 1488.0, "3": 1300.0, "4": 1447.0, "5": 1977.1961470542335}, "reward": 0.0, "annotation": ""}