{"rc-position-target": {"height": 2.8482629555553998, "distance": 6.432436490365992, "heading": -54.0, "wrist_angle": -69.01697123047524, "wrist_rotation": 87.02981063303083, "gripper": 34.853590196384424}, "rc-angle-target": {"0": 36.0, "1": 93.0, "2": 97.0, "3": 70.0, "4": 87.02981063303083}, "rc-pulse-target": {"0": 940.0, "1": 1493.0, "2": 1577.0, "3": 1277.0, "4": 1466.0, "5": 1977.1961470542335}, "reward": 0.0, "annotation": ""}