{"rc-position-target": {"height": 2.9482629555554, "distance": 6.532436490365992, "heading": 31.27133250529971, "wrist_angle": -70.51697123047524, "wrist_rotation": 87.52981063303083, "gripper": 39.26159056626355}, "rc-angle-target": {"0": 121.27133250529971, "1": 92.0, "2": 96.0, "3": 67.0, "4": 87.52981063303083}, "rc-pulse-target": {"0": 1887.0, "1": 1482.0, "2": 1566.0, "3": 1244.0, "4": 1472.0, "5": 1911.0761415060467}, "reward": 0.0, "annotation": ""}