{"rc-position-target": {"height": 3.3482629555554, "distance": 6.878787210224486, "heading": 25.27133250529971, "wrist_angle": -76.51697123047524, "wrist_rotation": 87.62036851666346, "gripper": 39.26159056626355}, "rc-angle-target": {"0": 115.27133250529971, "1": 90.0, "2": 90.0, "3": 58.0, "4": 87.62036851666346}, "rc-pulse-target": {"0": 1820.0, "1": 1460.0, "2": 1500.0, "3": 1144.0, "4": 1473.0, "5": 1911.0761415060467}, "reward": 0.0, "annotation": ""}