{"rc-position-target": {"height": 3.1482629555554, "distance": 6.732436490365991, "heading": 28.27133250529971, "wrist_angle": -73.51697123047524, "wrist_rotation": 87.62036851666346, "gripper": 39.26159056626355}, "rc-angle-target": {"0": 118.27133250529971, "1": 91.0, "2": 93.0, "3": 63.0, "4": 87.62036851666346}, "rc-pulse-target": {"0": 1854.0, "1": 1471.0, "2": 1533.0, "3": 1200.0, "4": 1473.0, "5": 1911.0761415060467}, "reward": 0.0, "annotation": ""}