{"rc-position-target": {"height": 3.6482629555554005, "distance": 6.878787210224486, "heading": 20.77133250529971, "wrist_angle": -77.23604189385857, "wrist_rotation": 87.62036851666346, "gripper": 39.26159056626355}, "rc-angle-target": {"0": 110.77133250529971, "1": 91.0, "2": 89.0, "3": 55.0, "4": 87.62036851666346}, "rc-pulse-target": {"0": 1770.0, "1": 1471.0, "2": 1488.0, "3": 1111.0, "4": 1473.0, "5": 1911.0761415060467}, "reward": 0.0, "annotation": ""}