{"rc-position-target": {"height": 3.8482629555554007, "distance": 6.878787210224486, "heading": 17.77133250529971, "wrist_angle": -77.23604189385857, "wrist_rotation": 87.62036851666346, "gripper": 39.26159056626355}, "rc-angle-target": {"0": 107.77133250529971, "1": 92.0, "2": 88.0, "3": 53.0, "4": 87.62036851666346}, "rc-pulse-target": {"0": 1737.0, "1": 1482.0, "2": 1477.0, "3": 1088.0, "4": 1473.0, "5": 1911.0761415060467}, "reward": 0.0, "annotation": ""}