{"rc-position-target": {"height": 3.0482629555554, "distance": 6.632436490365992, "heading": 29.77133250529971, "wrist_angle": -72.01697123047524, "wrist_rotation": 87.62036851666346, "gripper": 39.26159056626355}, "rc-angle-target": {"0": 119.77133250529971, "1": 92.0, "2": 94.0, "3": 65.0, "4": 87.62036851666346}, "rc-pulse-target": {"0": 1870.0, "1": 1482.0, "2": 1544.0, "3": 1222.0, "4": 1473.0, "5": 1911.0761415060467}, "reward": 0.0, "annotation": ""}