{"rc-position-target": {"height": 3.2482629555554, "distance": 6.832436490365991, "heading": 26.77133250529971, "wrist_angle": -75.01697123047524, "wrist_rotation": 87.62036851666346, "gripper": 39.26159056626355}, "rc-angle-target": {"0": 116.77133250529971, "1": 91.0, "2": 91.0, "3": 60.0, "4": 87.62036851666346}, "rc-pulse-target": {"0": 1837.0, "1": 1471.0, "2": 1511.0, "3": 1166.0, "4": 1473.0, "5": 1911.0761415060467}, "reward": 0.0, "annotation": ""}