{"rc-position-target": {"height": 3.7482629555554006, "distance": 6.878787210224486, "heading": 19.27133250529971, "wrist_angle": -77.23604189385857, "wrist_rotation": 87.62036851666346, "gripper": 39.26159056626355}, "rc-angle-target": {"0": 109.27133250529971, "1": 92.0, "2": 88.0, "3": 54.0, "4": 87.62036851666346}, "rc-pulse-target": {"0": 1754.0, "1": 1482.0, "2": 1477.0, "3": 1100.0, "4": 1473.0, "5": 1911.0761415060467}, "reward": 0.0, "annotation": ""}