{"rc-position-target": {"height": 4.2482629555554, "distance": 6.878787210224486, "heading": 11.77133250529971, "wrist_angle": -77.23604189385857, "wrist_rotation": 87.62036851666346, "gripper": 39.26159056626355}, "rc-angle-target": {"0": 101.77133250529971, "1": 93.0, "2": 86.0, "3": 50.0, "4": 87.62036851666346}, "rc-pulse-target": {"0": 1670.0, "1": 1493.0, "2": 1455.0, "3": 1055.0, "4": 1473.0, "5": 1911.0761415060467}, "reward": 0.0, "annotation": ""}