{"rc-position-target": {"height": 4.348262955555399, "distance": 6.878787210224486, "heading": 10.27133250529971, "wrist_angle": -77.23604189385857, "wrist_rotation": 87.62036851666346, "gripper": 39.26159056626355}, "rc-angle-target": {"0": 100.27133250529971, "1": 93.0, "2": 85.0, "3": 49.0, "4": 87.62036851666346}, "rc-pulse-target": {"0": 1654.0, "1": 1493.0, "2": 1444.0, "3": 1044.0, "4": 1473.0, "5": 1911.0761415060467}, "reward": 0.0, "annotation": ""}