{"rc-position-target": {"height": 4.548262955555399, "distance": 6.878787210224486, "heading": 7.271332505299711, "wrist_angle": -77.23604189385857, "wrist_rotation": 87.62036851666346, "gripper": 39.26159056626355}, "rc-angle-target": {"0": 97.27133250529971, "1": 93.0, "2": 84.0, "3": 48.0, "4": 87.62036851666346}, "rc-pulse-target": {"0": 1620.0, "1": 1493.0, "2": 1433.0, "3": 1033.0, "4": 1473.0, "5": 1911.0761415060467}, "reward": 0.0, "annotation": ""}