{"rc-position-target": {"height": 4.820053774656632, "distance": 6.950405998430986, "heading": 11.77133250529971, "wrist_angle": -65.23604189385857, "wrist_rotation": 83.62036851666346, "gripper": 51.01208822599974}, "rc-angle-target": {"0": 101.77133250529971, "1": 93.0, "2": 81.0, "3": 57.0, "4": 83.62036851666346}, "rc-pulse-target": {"0": 1670.0, "1": 1493.0, "2": 1400.0, "3": 1133.0, "4": 1429.0, "5": 1734.8186766100039}, "reward": 0.0, "annotation": ""}