{"rc-position-target": {"height": 4.758831928493545, "distance": 6.950405998430986, "heading": 2.7713325052997106, "wrist_angle": -74.23604189385857, "wrist_rotation": 86.62036851666346, "gripper": 49.26159056626355}, "rc-angle-target": {"0": 92.77133250529971, "1": 93.0, "2": 82.0, "3": 49.0, "4": 86.62036851666346}, "rc-pulse-target": {"0": 1570.0, "1": 1493.0, "2": 1411.0, "3": 1044.0, "4": 1462.0, "5": 1761.0761415060467}, "reward": 0.0, "annotation": ""}