{"rc-position-target": {"height": 4.820053774656632, "distance": 6.950405998430986, "heading": 7.271332505299711, "wrist_angle": -69.73604189385857, "wrist_rotation": 85.12036851666346, "gripper": 51.01208822599974}, "rc-angle-target": {"0": 97.27133250529971, "1": 93.0, "2": 81.0, "3": 53.0, "4": 85.12036851666346}, "rc-pulse-target": {"0": 1620.0, "1": 1493.0, "2": 1400.0, "3": 1088.0, "4": 1445.0, "5": 1734.8186766100039}, "reward": 0.0, "annotation": ""}