{"rc-position-target": {"height": 4.658831928493545, "distance": 6.950405998430986, "heading": 1.2713325052997106, "wrist_angle": -75.73604189385857, "wrist_rotation": 87.12036851666346, "gripper": 44.26159056626355}, "rc-angle-target": {"0": 91.27133250529971, "1": 93.0, "2": 82.0, "3": 48.0, "4": 87.12036851666346}, "rc-pulse-target": {"0": 1554.0, "1": 1493.0, "2": 1411.0, "3": 1033.0, "4": 1468.0, "5": 1836.0761415060467}, "reward": 0.0, "annotation": ""}