{"rc-position-target": {"height": 4.558831928493546, "distance": 6.878787210224486, "heading": -0.22866749470028935, "wrist_angle": -77.23604189385857, "wrist_rotation": 87.62036851666346, "gripper": 39.26159056626355}, "rc-angle-target": {"0": 89.77133250529971, "1": 94.0, "2": 84.0, "3": 47.0, "4": 87.62036851666346}, "rc-pulse-target": {"0": 1537.0, "1": 1504.0, "2": 1433.0, "3": 1022.0, "4": 1473.0, "5": 1911.0761415060467}, "reward": 0.0, "annotation": ""}