{"rc-position-target": {"height": 4.820053774656632, "distance": 6.950405998430986, "heading": 19.6986305436251, "wrist_angle": -56.23604189385857, "wrist_rotation": 80.62036851666346, "gripper": 51.01208822599974}, "rc-angle-target": {"0": 109.6986305436251, "1": 93.0, "2": 81.0, "3": 66.0, "4": 80.62036851666346}, "rc-pulse-target": {"0": 1758.0, "1": 1493.0, "2": 1400.0, "3": 1233.0, "4": 1395.0, "5": 1734.8186766100039}, "reward": 0.0, "annotation": ""}