{"rc-position-target": {"height": 4.820053774656632, "distance": 6.950405998430986, "heading": 17.77133250529971, "wrist_angle": -59.23604189385857, "wrist_rotation": 81.62036851666346, "gripper": 51.01208822599974}, "rc-angle-target": {"0": 107.77133250529971, "1": 93.0, "2": 81.0, "3": 63.0, "4": 81.62036851666346}, "rc-pulse-target": {"0": 1737.0, "1": 1493.0, "2": 1400.0, "3": 1200.0, "4": 1406.0, "5": 1734.8186766100039}, "reward": 0.0, "annotation": ""}