{"rc-position-target": {"height": 4.820053774656632, "distance": 6.950405998430986, "heading": 16.27133250529971, "wrist_angle": -60.73604189385857, "wrist_rotation": 82.12036851666346, "gripper": 51.01208822599974}, "rc-angle-target": {"0": 106.27133250529971, "1": 93.0, "2": 81.0, "3": 62.0, "4": 82.12036851666346}, "rc-pulse-target": {"0": 1720.0, "1": 1493.0, "2": 1400.0, "3": 1188.0, "4": 1412.0, "5": 1734.8186766100039}, "reward": 0.0, "annotation": ""}