{"rc-position-target": {"height": 4.720053774656632, "distance": 6.850405998430986, "heading": 21.1986305436251, "wrist_angle": -51.084848785701226, "wrist_rotation": 73.76073311705893, "gripper": 46.01208822599974}, "rc-angle-target": {"0": 111.1986305436251, "1": 94.0, "2": 83.0, "3": 72.0, "4": 73.76073311705893}, "rc-pulse-target": {"0": 1775.0, "1": 1504.0, "2": 1422.0, "3": 1300.0, "4": 1319.0, "5": 1809.8186766100039}, "reward": 0.0, "annotation": ""}