{"rc-position-target": {"height": 4.6746058109604665, "distance": 6.7504059984309865, "heading": 22.6986305436251, "wrist_angle": -52.584848785701226, "wrist_rotation": 73.26073311705893, "gripper": 41.01208822599974}, "rc-angle-target": {"0": 112.6986305436251, "1": 95.0, "2": 84.0, "3": 71.0, "4": 73.26073311705893}, "rc-pulse-target": {"0": 1792.0, "1": 1515.0, "2": 1433.0, "3": 1288.0, "4": 1314.0, "5": 1884.8186766100039}, "reward": 0.0, "annotation": ""}