{"rc-position-target": {"height": 4.6746058109604665, "distance": 6.250405998430988, "heading": 30.1986305436251, "wrist_angle": -60.084848785701226, "wrist_rotation": 70.76073311705893, "gripper": 38.18098510087474}, "rc-angle-target": {"0": 120.1986305436251, "1": 100.0, "2": 89.0, "3": 63.0, "4": 70.76073311705893}, "rc-pulse-target": {"0": 1875.0, "1": 1571.0, "2": 1488.0, "3": 1200.0, "4": 1286.0, "5": 1927.2852234868787}, "reward": 0.0, "annotation": ""}