{"rc-position-target": {"height": 4.6746058109604665, "distance": 5.75040599843099, "heading": 37.6986305436251, "wrist_angle": -67.58484878570123, "wrist_rotation": 68.26073311705893, "gripper": 38.18098510087474}, "rc-angle-target": {"0": 127.6986305436251, "1": 105.0, "2": 93.0, "3": 55.0, "4": 68.26073311705893}, "rc-pulse-target": {"0": 1958.0, "1": 1626.0, "2": 1533.0, "3": 1111.0, "4": 1258.0, "5": 1927.2852234868787}, "reward": 0.0, "annotation": ""}