{"rc-position-target": {"height": 4.6746058109604665, "distance": 6.150405998430989, "heading": 31.6986305436251, "wrist_angle": -61.584848785701226, "wrist_rotation": 70.26073311705893, "gripper": 38.18098510087474}, "rc-angle-target": {"0": 121.6986305436251, "1": 101.0, "2": 90.0, "3": 61.0, "4": 70.26073311705893}, "rc-pulse-target": {"0": 1892.0, "1": 1582.0, "2": 1500.0, "3": 1177.0, "4": 1280.0, "5": 1927.2852234868787}, "reward": 0.0, "annotation": ""}