{"rc-position-target": {"height": 4.6746058109604665, "distance": 6.550405998430987, "heading": 25.6986305436251, "wrist_angle": -55.584848785701226, "wrist_rotation": 72.26073311705893, "gripper": 38.18098510087474}, "rc-angle-target": {"0": 115.6986305436251, "1": 97.0, "2": 86.0, "3": 68.0, "4": 72.26073311705893}, "rc-pulse-target": {"0": 1825.0, "1": 1537.0, "2": 1455.0, "3": 1255.0, "4": 1302.0, "5": 1927.2852234868787}, "reward": 0.0, "annotation": ""}