{"rc-position-target": {"height": 4.6746058109604665, "distance": 5.950405998430989, "heading": 34.6986305436251, "wrist_angle": -64.58484878570123, "wrist_rotation": 69.26073311705893, "gripper": 38.18098510087474}, "rc-angle-target": {"0": 124.6986305436251, "1": 103.0, "2": 91.0, "3": 58.0, "4": 69.26073311705893}, "rc-pulse-target": {"0": 1925.0, "1": 1604.0, "2": 1511.0, "3": 1144.0, "4": 1269.0, "5": 1927.2852234868787}, "reward": 0.0, "annotation": ""}