{"rc-position-target": {"height": 4.6746058109604665, "distance": 6.650405998430987, "heading": 24.1986305436251, "wrist_angle": -54.084848785701226, "wrist_rotation": 72.76073311705893, "gripper": 38.18098510087474}, "rc-angle-target": {"0": 114.1986305436251, "1": 96.0, "2": 85.0, "3": 70.0, "4": 72.76073311705893}, "rc-pulse-target": {"0": 1808.0, "1": 1526.0, "2": 1444.0, "3": 1277.0, "4": 1308.0, "5": 1927.2852234868787}, "reward": 0.0, "annotation": ""}