{"rc-position-target": {"height": 4.6746058109604665, "distance": 5.85040599843099, "heading": 36.1986305436251, "wrist_angle": -66.08484878570123, "wrist_rotation": 68.76073311705893, "gripper": 38.18098510087474}, "rc-angle-target": {"0": 126.1986305436251, "1": 104.0, "2": 92.0, "3": 56.0, "4": 68.76073311705893}, "rc-pulse-target": {"0": 1942.0, "1": 1615.0, "2": 1522.0, "3": 1122.0, "4": 1264.0, "5": 1927.2852234868787}, "reward": 0.0, "annotation": ""}