{"rc-position-target": {"height": 4.6746058109604665, "distance": 6.050405998430989, "heading": 33.1986305436251, "wrist_angle": -63.084848785701226, "wrist_rotation": 69.76073311705893, "gripper": 38.18098510087474}, "rc-angle-target": {"0": 123.1986305436251, "1": 102.0, "2": 90.0, "3": 60.0, "4": 69.76073311705893}, "rc-pulse-target": {"0": 1908.0, "1": 1593.0, "2": 1500.0, "3": 1166.0, "4": 1275.0, "5": 1927.2852234868787}, "reward": 0.0, "annotation": ""}