{"rc-position-target": {"height": 4.6746058109604665, "distance": 6.350405998430988, "heading": 28.6986305436251, "wrist_angle": -58.584848785701226, "wrist_rotation": 71.26073311705893, "gripper": 38.18098510087474}, "rc-angle-target": {"0": 118.6986305436251, "1": 99.0, "2": 88.0, "3": 65.0, "4": 71.26073311705893}, "rc-pulse-target": {"0": 1858.0, "1": 1560.0, "2": 1477.0, "3": 1222.0, "4": 1291.0, "5": 1927.2852234868787}, "reward": 0.0, "annotation": ""}