{"rc-position-target": {"height": 4.6746058109604665, "distance": 6.450405998430988, "heading": 27.1986305436251, "wrist_angle": -57.084848785701226, "wrist_rotation": 71.76073311705893, "gripper": 38.18098510087474}, "rc-angle-target": {"0": 117.1986305436251, "1": 98.0, "2": 87.0, "3": 66.0, "4": 71.76073311705893}, "rc-pulse-target": {"0": 1842.0, "1": 1548.0, "2": 1466.0, "3": 1233.0, "4": 1297.0, "5": 1927.2852234868787}, "reward": 0.0, "annotation": ""}