{"rc-position-target": {"height": 4.6746058109604665, "distance": 5.450405998430991, "heading": 42.1986305436251, "wrist_angle": -72.08484878570123, "wrist_rotation": 66.76073311705893, "gripper": 38.18098510087474}, "rc-angle-target": {"0": 132.1986305436251, "1": 109.0, "2": 96.0, "3": 49.0, "4": 66.76073311705893}, "rc-pulse-target": {"0": 2008.0, "1": 1671.0, "2": 1566.0, "3": 1044.0, "4": 1241.0, "5": 1927.2852234868787}, "reward": 0.0, "annotation": ""}