{"rc-position-target": {"height": 4.6746058109604665, "distance": 5.250405998430992, "heading": 45.1986305436251, "wrist_angle": -73.03449191652285, "wrist_rotation": 65.76073311705893, "gripper": 38.18098510087474}, "rc-angle-target": {"0": 135.1986305436251, "1": 111.0, "2": 97.0, "3": 48.0, "4": 65.76073311705893}, "rc-pulse-target": {"0": 2042.0, "1": 1693.0, "2": 1577.0, "3": 1033.0, "4": 1230.0, "5": 1927.2852234868787}, "reward": 0.0, "annotation": ""}