{"rc-position-target": {"height": 4.6746058109604665, "distance": 5.050405998430993, "heading": 48.1986305436251, "wrist_angle": -73.03449191652285, "wrist_rotation": 64.76073311705893, "gripper": 38.18098510087474}, "rc-angle-target": {"0": 138.1986305436251, "1": 113.0, "2": 99.0, "3": 47.0, "4": 64.76073311705893}, "rc-pulse-target": {"0": 2075.0, "1": 1715.0, "2": 1600.0, "3": 1022.0, "4": 1219.0, "5": 1927.2852234868787}, "reward": 0.0, "annotation": ""}