{"rc-position-target": {"height": 4.6746058109604665, "distance": 5.150405998430992, "heading": 46.6986305436251, "wrist_angle": -73.03449191652285, "wrist_rotation": 65.26073311705893, "gripper": 38.18098510087474}, "rc-angle-target": {"0": 136.6986305436251, "1": 112.0, "2": 98.0, "3": 47.0, "4": 65.26073311705893}, "rc-pulse-target": {"0": 2058.0, "1": 1704.0, "2": 1588.0, "3": 1022.0, "4": 1225.0, "5": 1927.2852234868787}, "reward": 0.0, "annotation": ""}