{"rc-position-target": {"height": 4.6746058109604665, "distance": 5.6504059984309905, "heading": 39.1986305436251, "wrist_angle": -69.08484878570123, "wrist_rotation": 67.76073311705893, "gripper": 38.18098510087474}, "rc-angle-target": {"0": 129.1986305436251, "1": 106.0, "2": 94.0, "3": 53.0, "4": 67.76073311705893}, "rc-pulse-target": {"0": 1975.0, "1": 1637.0, "2": 1544.0, "3": 1088.0, "4": 1252.0, "5": 1927.2852234868787}, "reward": 0.0, "annotation": ""}