{"rc-position-target": {"height": 4.6746058109604665, "distance": 4.950405998430993, "heading": 49.6986305436251, "wrist_angle": -73.03449191652285, "wrist_rotation": 64.43432890405242, "gripper": 38.18098510087474}, "rc-angle-target": {"0": 139.6986305436251, "1": 114.0, "2": 99.0, "3": 47.0, "4": 64.43432890405242}, "rc-pulse-target": {"0": 2092.0, "1": 1726.0, "2": 1600.0, "3": 1022.0, "4": 1215.0, "5": 1927.2852234868787}, "reward": 0.0, "annotation": ""}