{"rc-position-target": {"height": 4.6746058109604665, "distance": 5.550405998430991, "heading": 40.6986305436251, "wrist_angle": -70.58484878570123, "wrist_rotation": 67.26073311705893, "gripper": 38.18098510087474}, "rc-angle-target": {"0": 130.6986305436251, "1": 108.0, "2": 95.0, "3": 51.0, "4": 67.26073311705893}, "rc-pulse-target": {"0": 1992.0, "1": 1660.0, "2": 1555.0, "3": 1066.0, "4": 1247.0, "5": 1927.2852234868787}, "reward": 0.0, "annotation": ""}