{"rc-position-target": {"height": 4.6746058109604665, "distance": 5.3504059984309915, "heading": 43.6986305436251, "wrist_angle": -73.03449191652285, "wrist_rotation": 66.26073311705893, "gripper": 38.18098510087474}, "rc-angle-target": {"0": 133.6986305436251, "1": 110.0, "2": 96.0, "3": 48.0, "4": 66.26073311705893}, "rc-pulse-target": {"0": 2025.0, "1": 1682.0, "2": 1566.0, "3": 1033.0, "4": 1236.0, "5": 1927.2852234868787}, "reward": 0.0, "annotation": ""}