{"rc-position-target": {"height": 4.474605810960467, "distance": 5.090145504405669, "heading": 51.1986305436251, "wrist_angle": -70.03449191652285, "wrist_rotation": 65.43432890405242, "gripper": 48.18098510087474}, "rc-angle-target": {"0": 141.1986305436251, "1": 112.0, "2": 100.0, "3": 52.0, "4": 65.43432890405242}, "rc-pulse-target": {"0": 2108.0, "1": 1704.0, "2": 1611.0, "3": 1077.0, "4": 1227.0, "5": 1777.2852234868787}, "reward": 0.0, "annotation": ""}