{"rc-position-target": {"height": 4.074605810960469, "distance": 5.4901455044056675, "heading": 45.1986305436251, "wrist_angle": -64.03449191652285, "wrist_rotation": 67.43432890405242, "gripper": 68.18098510087475}, "rc-angle-target": {"0": 135.1986305436251, "1": 107.0, "2": 99.0, "3": 62.0, "4": 67.43432890405242}, "rc-pulse-target": {"0": 2042.0, "1": 1648.0, "2": 1600.0, "3": 1188.0, "4": 1249.0, "5": 1477.2852234868787}, "reward": 0.0, "annotation": ""}