{"rc-position-target": {"height": 3.7746058109604683, "distance": 5.790145504405666, "heading": 40.6986305436251, "wrist_angle": -59.53449191652285, "wrist_rotation": 68.93432890405242, "gripper": 75.32135238907331}, "rc-angle-target": {"0": 130.6986305436251, "1": 103.0, "2": 98.0, "3": 70.0, "4": 68.93432890405242}, "rc-pulse-target": {"0": 1992.0, "1": 1604.0, "2": 1588.0, "3": 1277.0, "4": 1265.0, "5": 1370.1797141639004}, "reward": 0.0, "annotation": ""}