{"rc-position-target": {"height": 4.274605810960468, "distance": 5.290145504405668, "heading": 48.1986305436251, "wrist_angle": -67.03449191652285, "wrist_rotation": 66.43432890405242, "gripper": 58.18098510087474}, "rc-angle-target": {"0": 138.1986305436251, "1": 110.0, "2": 100.0, "3": 57.0, "4": 66.43432890405242}, "rc-pulse-target": {"0": 2075.0, "1": 1682.0, "2": 1611.0, "3": 1133.0, "4": 1238.0, "5": 1627.2852234868787}, "reward": 0.0, "annotation": ""}