{"rc-position-target": {"height": 4.3746058109604675, "distance": 5.190145504405669, "heading": 49.6986305436251, "wrist_angle": -68.53449191652285, "wrist_rotation": 65.93432890405242, "gripper": 53.18098510087474}, "rc-angle-target": {"0": 139.6986305436251, "1": 111.0, "2": 100.0, "3": 55.0, "4": 65.93432890405242}, "rc-pulse-target": {"0": 2092.0, "1": 1693.0, "2": 1611.0, "3": 1111.0, "4": 1232.0, "5": 1702.2852234868787}, "reward": 0.0, "annotation": ""}