{"rc-position-target": {"height": 4.6746058109604665, "distance": 4.89014550440567, "heading": 54.1986305436251, "wrist_angle": -73.03449191652285, "wrist_rotation": 64.43432890405242, "gripper": 38.18098510087474}, "rc-angle-target": {"0": 144.1986305436251, "1": 115.0, "2": 100.0, "3": 47.0, "4": 64.43432890405242}, "rc-pulse-target": {"0": 2142.0, "1": 1737.0, "2": 1611.0, "3": 1022.0, "4": 1215.0, "5": 1927.2852234868787}, "reward": 0.0, "annotation": ""}