{"rc-position-target": {"height": 4.574605810960467, "distance": 4.990145504405669, "heading": 52.6986305436251, "wrist_angle": -71.53449191652285, "wrist_rotation": 64.93432890405242, "gripper": 43.18098510087474}, "rc-angle-target": {"0": 142.6986305436251, "1": 114.0, "2": 100.0, "3": 49.0, "4": 64.93432890405242}, "rc-pulse-target": {"0": 2125.0, "1": 1726.0, "2": 1611.0, "3": 1044.0, "4": 1221.0, "5": 1852.2852234868787}, "reward": 0.0, "annotation": ""}