{"rc-position-target": {"height": 3.9746058109604685, "distance": 5.590145504405667, "heading": 43.6986305436251, "wrist_angle": -62.53449191652285, "wrist_rotation": 67.93432890405242, "gripper": 73.18098510087475}, "rc-angle-target": {"0": 133.6986305436251, "1": 106.0, "2": 99.0, "3": 65.0, "4": 67.93432890405242}, "rc-pulse-target": {"0": 2025.0, "1": 1637.0, "2": 1600.0, "3": 1222.0, "4": 1254.0, "5": 1402.2852234868787}, "reward": 0.0, "annotation": ""}