{"rc-position-target": {"height": 4.174605810960468, "distance": 5.390145504405668, "heading": 46.6986305436251, "wrist_angle": -65.53449191652285, "wrist_rotation": 66.93432890405242, "gripper": 63.18098510087474}, "rc-angle-target": {"0": 136.6986305436251, "1": 109.0, "2": 99.0, "3": 60.0, "4": 66.93432890405242}, "rc-pulse-target": {"0": 2058.0, "1": 1671.0, "2": 1600.0, "3": 1166.0, "4": 1243.0, "5": 1552.2852234868787}, "reward": 0.0, "annotation": ""}