{"rc-position-target": {"height": 3.8746058109604684, "distance": 5.690145504405667, "heading": 42.1986305436251, "wrist_angle": -61.03449191652285, "wrist_rotation": 68.43432890405242, "gripper": 75.32135238907331}, "rc-angle-target": {"0": 132.1986305436251, "1": 105.0, "2": 99.0, "3": 68.0, "4": 68.43432890405242}, "rc-pulse-target": {"0": 2008.0, "1": 1626.0, "2": 1600.0, "3": 1255.0, "4": 1260.0, "5": 1370.1797141639004}, "reward": 0.0, "annotation": ""}