{"rc-position-target": {"height": 3.0746058109604677, "distance": 6.172085936458946, "heading": 30.1986305436251, "wrist_angle": -51.190919860524495, "wrist_rotation": 72.43432890405242, "gripper": 75.32135238907331}, "rc-angle-target": {"0": 120.1986305436251, "1": 97.0, "2": 99.0, "3": 85.0, "4": 72.43432890405242}, "rc-pulse-target": {"0": 1875.0, "1": 1537.0, "2": 1600.0, "3": 1444.0, "4": 1304.0, "5": 1370.1797141639004}, "reward": 0.0, "annotation": ""}