{"rc-position-target": {"height": 3.274605810960468, "distance": 6.172085936458946, "heading": 33.1986305436251, "wrist_angle": -52.03449191652285, "wrist_rotation": 71.43432890405242, "gripper": 75.32135238907331}, "rc-angle-target": {"0": 123.1986305436251, "1": 97.0, "2": 98.0, "3": 83.0, "4": 71.43432890405242}, "rc-pulse-target": {"0": 1908.0, "1": 1537.0, "2": 1588.0, "3": 1422.0, "4": 1293.0, "5": 1370.1797141639004}, "reward": 0.0, "annotation": ""}