{"rc-position-target": {"height": 3.374605810960468, "distance": 6.172085936458946, "heading": 34.6986305436251, "wrist_angle": -53.53449191652285, "wrist_rotation": 70.93432890405242, "gripper": 75.32135238907331}, "rc-angle-target": {"0": 124.6986305436251, "1": 98.0, "2": 97.0, "3": 80.0, "4": 70.93432890405242}, "rc-pulse-target": {"0": 1925.0, "1": 1548.0, "2": 1577.0, "3": 1388.0, "4": 1288.0, "5": 1370.1797141639004}, "reward": 0.0, "annotation": ""}