{"rc-position-target": {"height": 2.8746058109604675, "distance": 6.172085936458946, "heading": 27.1986305436251, "wrist_angle": -51.190919860524495, "wrist_rotation": 73.43432890405242, "gripper": 75.32135238907331}, "rc-angle-target": {"0": 117.1986305436251, "1": 96.0, "2": 99.0, "3": 87.0, "4": 73.43432890405242}, "rc-pulse-target": {"0": 1842.0, "1": 1526.0, "2": 1600.0, "3": 1466.0, "4": 1315.0, "5": 1370.1797141639004}, "reward": 0.0, "annotation": ""}