{"rc-position-target": {"height": 2.7746058109604674, "distance": 6.172085936458946, "heading": 25.6986305436251, "wrist_angle": -51.190919860524495, "wrist_rotation": 73.93432890405242, "gripper": 75.32135238907331}, "rc-angle-target": {"0": 115.6986305436251, "1": 95.0, "2": 100.0, "3": 88.0, "4": 73.93432890405242}, "rc-pulse-target": {"0": 1825.0, "1": 1515.0, "2": 1611.0, "3": 1477.0, "4": 1321.0, "5": 1370.1797141639004}, "reward": 0.0, "annotation": ""}