{"rc-position-target": {"height": 3.574605810960468, "distance": 5.990145504405666, "heading": 37.6986305436251, "wrist_angle": -56.53449191652285, "wrist_rotation": 69.93432890405242, "gripper": 75.32135238907331}, "rc-angle-target": {"0": 127.6986305436251, "1": 100.0, "2": 98.0, "3": 75.0, "4": 69.93432890405242}, "rc-pulse-target": {"0": 1958.0, "1": 1571.0, "2": 1588.0, "3": 1333.0, "4": 1277.0, "5": 1370.1797141639004}, "reward": 0.0, "annotation": ""}