{"rc-position-target": {"height": 3.6746058109604682, "distance": 5.890145504405666, "heading": 39.1986305436251, "wrist_angle": -58.03449191652285, "wrist_rotation": 69.43432890405242, "gripper": 75.32135238907331}, "rc-angle-target": {"0": 129.1986305436251, "1": 102.0, "2": 98.0, "3": 73.0, "4": 69.43432890405242}, "rc-pulse-target": {"0": 1975.0, "1": 1593.0, "2": 1588.0, "3": 1311.0, "4": 1271.0, "5": 1370.1797141639004}, "reward": 0.0, "annotation": ""}