{"rc-position-target": {"height": 3.474605810960468, "distance": 6.090145504405665, "heading": 36.1986305436251, "wrist_angle": -55.03449191652285, "wrist_rotation": 70.43432890405242, "gripper": 75.32135238907331}, "rc-angle-target": {"0": 126.1986305436251, "1": 99.0, "2": 97.0, "3": 78.0, "4": 70.43432890405242}, "rc-pulse-target": {"0": 1942.0, "1": 1560.0, "2": 1577.0, "3": 1366.0, "4": 1282.0, "5": 1370.1797141639004}, "reward": 0.0, "annotation": ""}