{"rc-position-target": {"height": 3.174605810960468, "distance": 6.172085936458946, "heading": 31.6986305436251, "wrist_angle": -51.190919860524495, "wrist_rotation": 71.93432890405242, "gripper": 75.32135238907331}, "rc-angle-target": {"0": 121.6986305436251, "1": 97.0, "2": 98.0, "3": 84.0, "4": 71.93432890405242}, "rc-pulse-target": {"0": 1892.0, "1": 1537.0, "2": 1588.0, "3": 1433.0, "4": 1299.0, "5": 1370.1797141639004}, "reward": 0.0, "annotation": ""}