{"rc-position-target": {"height": 2.9746058109604676, "distance": 6.172085936458946, "heading": 28.6986305436251, "wrist_angle": -51.190919860524495, "wrist_rotation": 72.93432890405242, "gripper": 75.32135238907331}, "rc-angle-target": {"0": 118.6986305436251, "1": 96.0, "2": 99.0, "3": 86.0, "4": 72.93432890405242}, "rc-pulse-target": {"0": 1858.0, "1": 1526.0, "2": 1600.0, "3": 1455.0, "4": 1310.0, "5": 1370.1797141639004}, "reward": 0.0, "annotation": ""}