{"rc-position-target": {"height": 2.074605810960467, "distance": 6.172085936458946, "heading": 15.1986305436251, "wrist_angle": -51.190919860524495, "wrist_rotation": 77.43432890405242, "gripper": 75.32135238907331}, "rc-angle-target": {"0": 105.1986305436251, "1": 92.0, "2": 103.0, "3": 94.0, "4": 77.43432890405242}, "rc-pulse-target": {"0": 1708.0, "1": 1482.0, "2": 1644.0, "3": 1544.0, "4": 1360.0, "5": 1370.1797141639004}, "reward": 0.0, "annotation": ""}