{"rc-position-target": {"height": 1.8746058109604666, "distance": 6.172085936458946, "heading": 12.1986305436251, "wrist_angle": -51.190919860524495, "wrist_rotation": 78.43432890405242, "gripper": 75.32135238907331}, "rc-angle-target": {"0": 102.1986305436251, "1": 91.0, "2": 103.0, "3": 96.0, "4": 78.43432890405242}, "rc-pulse-target": {"0": 1675.0, "1": 1471.0, "2": 1644.0, "3": 1566.0, "4": 1371.0, "5": 1370.1797141639004}, "reward": 0.0, "annotation": ""}