{"rc-position-target": {"height": 1.7746058109604665, "distance": 6.172085936458946, "heading": 10.6986305436251, "wrist_angle": -51.190919860524495, "wrist_rotation": 78.93432890405242, "gripper": 75.32135238907331}, "rc-angle-target": {"0": 100.6986305436251, "1": 90.0, "2": 104.0, "3": 97.0, "4": 78.93432890405242}, "rc-pulse-target": {"0": 1658.0, "1": 1460.0, "2": 1655.0, "3": 1577.0, "4": 1377.0, "5": 1370.1797141639004}, "reward": 0.0, "annotation": ""}