{"rc-position-target": {"height": 1.9746058109604667, "distance": 6.172085936458946, "heading": 13.6986305436251, "wrist_angle": -51.190919860524495, "wrist_rotation": 77.93432890405242, "gripper": 75.32135238907331}, "rc-angle-target": {"0": 103.6986305436251, "1": 91.0, "2": 103.0, "3": 95.0, "4": 77.93432890405242}, "rc-pulse-target": {"0": 1692.0, "1": 1471.0, "2": 1644.0, "3": 1555.0, "4": 1365.0, "5": 1370.1797141639004}, "reward": 0.0, "annotation": ""}