{"rc-position-target": {"height": 2.474605810960467, "distance": 6.172085936458946, "heading": 21.1986305436251, "wrist_angle": -51.190919860524495, "wrist_rotation": 75.43432890405242, "gripper": 75.32135238907331}, "rc-angle-target": {"0": 111.1986305436251, "1": 94.0, "2": 101.0, "3": 91.0, "4": 75.43432890405242}, "rc-pulse-target": {"0": 1775.0, "1": 1504.0, "2": 1622.0, "3": 1511.0, "4": 1338.0, "5": 1370.1797141639004}, "reward": 0.0, "annotation": ""}