{"rc-position-target": {"height": 2.5746058109604673, "distance": 6.172085936458946, "heading": 22.6986305436251, "wrist_angle": -51.190919860524495, "wrist_rotation": 74.93432890405242, "gripper": 75.32135238907331}, "rc-angle-target": {"0": 112.6986305436251, "1": 94.0, "2": 101.0, "3": 90.0, "4": 74.93432890405242}, "rc-pulse-target": {"0": 1792.0, "1": 1504.0, "2": 1622.0, "3": 1500.0, "4": 1332.0, "5": 1370.1797141639004}, "reward": 0.0, "annotation": ""}