{"rc-position-target": {"height": 2.174605810960467, "distance": 6.172085936458946, "heading": 16.6986305436251, "wrist_angle": -51.190919860524495, "wrist_rotation": 76.93432890405242, "gripper": 75.32135238907331}, "rc-angle-target": {"0": 106.6986305436251, "1": 92.0, "2": 102.0, "3": 93.0, "4": 76.93432890405242}, "rc-pulse-target": {"0": 1725.0, "1": 1482.0, "2": 1633.0, "3": 1533.0, "4": 1354.0, "5": 1370.1797141639004}, "reward": 0.0, "annotation": ""}