{"rc-position-target": {"height": 2.274605810960467, "distance": 6.172085936458946, "heading": 18.1986305436251, "wrist_angle": -51.190919860524495, "wrist_rotation": 76.43432890405242, "gripper": 75.32135238907331}, "rc-angle-target": {"0": 108.1986305436251, "1": 93.0, "2": 102.0, "3": 92.0, "4": 76.43432890405242}, "rc-pulse-target": {"0": 1742.0, "1": 1493.0, "2": 1633.0, "3": 1522.0, "4": 1349.0, "5": 1370.1797141639004}, "reward": 0.0, "annotation": ""}