{"rc-position-target": {"height": 2.6746058109604673, "distance": 6.172085936458946, "heading": 24.1986305436251, "wrist_angle": -51.190919860524495, "wrist_rotation": 74.43432890405242, "gripper": 75.32135238907331}, "rc-angle-target": {"0": 114.1986305436251, "1": 95.0, "2": 100.0, "3": 89.0, "4": 74.43432890405242}, "rc-pulse-target": {"0": 1808.0, "1": 1515.0, "2": 1611.0, "3": 1488.0, "4": 1327.0, "5": 1370.1797141639004}, "reward": 0.0, "annotation": ""}