{"rc-position-target": {"height": 2.374605810960467, "distance": 6.172085936458946, "heading": 19.6986305436251, "wrist_angle": -51.190919860524495, "wrist_rotation": 75.93432890405242, "gripper": 75.32135238907331}, "rc-angle-target": {"0": 109.6986305436251, "1": 93.0, "2": 102.0, "3": 91.0, "4": 75.93432890405242}, "rc-pulse-target": {"0": 1758.0, "1": 1493.0, "2": 1633.0, "3": 1511.0, "4": 1343.0, "5": 1370.1797141639004}, "reward": 0.0, "annotation": ""}