{"rc-position-target": {"height": 1.6746058109604665, "distance": 6.172085936458946, "heading": 9.1986305436251, "wrist_angle": -51.190919860524495, "wrist_rotation": 79.43432890405242, "gripper": 75.32135238907331}, "rc-angle-target": {"0": 99.1986305436251, "1": 89.0, "2": 104.0, "3": 98.0, "4": 79.43432890405242}, "rc-pulse-target": {"0": 1642.0, "1": 1448.0, "2": 1655.0, "3": 1588.0, "4": 1382.0, "5": 1370.1797141639004}, "reward": 0.0, "annotation": ""}