{"rc-position-target": {"height": 1.5746058109604664, "distance": 6.172085936458946, "heading": 7.6986305436251, "wrist_angle": -51.190919860524495, "wrist_rotation": 79.93432890405242, "gripper": 75.32135238907331}, "rc-angle-target": {"0": 97.6986305436251, "1": 89.0, "2": 104.0, "3": 99.0, "4": 79.93432890405242}, "rc-pulse-target": {"0": 1625.0, "1": 1448.0, "2": 1655.0, "3": 1600.0, "4": 1388.0, "5": 1370.1797141639004}, "reward": 0.0, "annotation": ""}