{"rc-position-target": {"height": 1.3746058109604662, "distance": 6.172085936458946, "heading": 4.6986305436251, "wrist_angle": -51.190919860524495, "wrist_rotation": 80.93432890405242, "gripper": 75.32135238907331}, "rc-angle-target": {"0": 94.6986305436251, "1": 87.0, "2": 105.0, "3": 101.0, "4": 80.93432890405242}, "rc-pulse-target": {"0": 1592.0, "1": 1426.0, "2": 1666.0, "3": 1622.0, "4": 1399.0, "5": 1370.1797141639004}, "reward": 0.0, "annotation": ""}