{"rc-position-target": {"height": 1.4746058109604663, "distance": 6.172085936458946, "heading": 6.1986305436251, "wrist_angle": -51.190919860524495, "wrist_rotation": 80.43432890405242, "gripper": 75.32135238907331}, "rc-angle-target": {"0": 96.1986305436251, "1": 88.0, "2": 104.0, "3": 100.0, "4": 80.43432890405242}, "rc-pulse-target": {"0": 1608.0, "1": 1437.0, "2": 1655.0, "3": 1611.0, "4": 1393.0, "5": 1370.1797141639004}, "reward": 0.0, "annotation": ""}