{"rc-position-target": {"height": 1.074605810960466, "distance": 6.172085936458946, "heading": 3.5992834685612536, "wrist_angle": -51.190919860524495, "wrist_rotation": 82.43432890405242, "gripper": 75.32135238907331}, "rc-angle-target": {"0": 93.59928346856125, "1": 85.0, "2": 105.0, "3": 103.0, "4": 82.43432890405242}, "rc-pulse-target": {"0": 1579.0, "1": 1404.0, "2": 1666.0, "3": 1644.0, "4": 1415.0, "5": 1370.1797141639004}, "reward": 0.0, "annotation": ""}