{"rc-position-target": {"height": 1.3392737454090726, "distance": 6.472085936458945, "heading": 8.099283468561254, "wrist_angle": -46.690919860524495, "wrist_rotation": 83.43432890405242, "gripper": 87.02128562447518}, "rc-angle-target": {"0": 98.09928346856125, "1": 84.0, "2": 102.0, "3": 105.0, "4": 83.43432890405242}, "rc-pulse-target": {"0": 1629.0, "1": 1393.0, "2": 1633.0, "3": 1666.0, "4": 1427.0, "5": 1194.6807156328723}, "reward": 0.0, "annotation": ""}