{"rc-position-target": {"height": 1.2392737454090725, "distance": 6.372085936458945, "heading": 6.599283468561254, "wrist_angle": -48.190919860524495, "wrist_rotation": 83.93432890405242, "gripper": 85.32135238907331}, "rc-angle-target": {"0": 96.59928346856125, "1": 84.0, "2": 103.0, "3": 105.0, "4": 83.93432890405242}, "rc-pulse-target": {"0": 1613.0, "1": 1393.0, "2": 1644.0, "3": 1666.0, "4": 1432.0, "5": 1220.1797141639004}, "reward": 0.0, "annotation": ""}