{"rc-position-target": {"height": 1.639273745409073, "distance": 6.772085936458944, "heading": 12.599283468561254, "wrist_angle": -42.190919860524495, "wrist_rotation": 81.93432890405242, "gripper": 87.02128562447518}, "rc-angle-target": {"0": 102.59928346856125, "1": 83.0, "2": 98.0, "3": 107.0, "4": 81.93432890405242}, "rc-pulse-target": {"0": 1679.0, "1": 1382.0, "2": 1588.0, "3": 1688.0, "4": 1410.0, "5": 1194.6807156328723}, "reward": 0.0, "annotation": ""}