{"rc-position-target": {"height": 1.4392737454090727, "distance": 6.572085936458945, "heading": 9.599283468561254, "wrist_angle": -45.190919860524495, "wrist_rotation": 82.93432890405242, "gripper": 87.02128562447518}, "rc-angle-target": {"0": 99.59928346856125, "1": 84.0, "2": 100.0, "3": 106.0, "4": 82.93432890405242}, "rc-pulse-target": {"0": 1646.0, "1": 1393.0, "2": 1611.0, "3": 1677.0, "4": 1421.0, "5": 1194.6807156328723}, "reward": 0.0, "annotation": ""}