{"rc-position-target": {"height": 1.5392737454090728, "distance": 6.672085936458944, "heading": 11.099283468561254, "wrist_angle": -43.690919860524495, "wrist_rotation": 82.43432890405242, "gripper": 87.02128562447518}, "rc-angle-target": {"0": 101.09928346856125, "1": 84.0, "2": 99.0, "3": 106.0, "4": 82.43432890405242}, "rc-pulse-target": {"0": 1663.0, "1": 1393.0, "2": 1600.0, "3": 1677.0, "4": 1415.0, "5": 1194.6807156328723}, "reward": 0.0, "annotation": ""}