{"rc-position-target": {"height": 1.1392737454090724, "distance": 6.272085936458946, "heading": 5.099283468561254, "wrist_angle": -49.690919860524495, "wrist_rotation": 84.43432890405242, "gripper": 80.32135238907331}, "rc-angle-target": {"0": 95.09928346856125, "1": 85.0, "2": 104.0, "3": 104.0, "4": 84.43432890405242}, "rc-pulse-target": {"0": 1596.0, "1": 1404.0, "2": 1655.0, "3": 1655.0, "4": 1438.0, "5": 1295.1797141639004}, "reward": 0.0, "annotation": ""}