{"rc-position-target": {"height": 1.839273745409073, "distance": 6.972085936458943, "heading": 15.599283468561254, "wrist_angle": -39.190919860524495, "wrist_rotation": 80.93432890405242, "gripper": 87.02128562447518}, "rc-angle-target": {"0": 105.59928346856125, "1": 83.0, "2": 95.0, "3": 108.0, "4": 80.93432890405242}, "rc-pulse-target": {"0": 1713.0, "1": 1382.0, "2": 1555.0, "3": 1700.0, "4": 1399.0, "5": 1194.6807156328723}, "reward": 0.0, "annotation": ""}