{"rc-position-target": {"height": 1.739273745409073, "distance": 6.8720859364589435, "heading": 14.099283468561254, "wrist_angle": -40.690919860524495, "wrist_rotation": 81.43432890405242, "gripper": 87.02128562447518}, "rc-angle-target": {"0": 104.09928346856125, "1": 83.0, "2": 97.0, "3": 107.0, "4": 81.43432890405242}, "rc-pulse-target": {"0": 1696.0, "1": 1382.0, "2": 1577.0, "3": 1688.0, "4": 1404.0, "5": 1194.6807156328723}, "reward": 0.0, "annotation": ""}