{"rc-position-target": {"height": 2.3392737454090735, "distance": 7.472085936458941, "heading": 23.099283468561254, "wrist_angle": -31.690919860524495, "wrist_rotation": 78.80089033855766, "gripper": 87.02128562447518}, "rc-angle-target": {"0": 113.09928346856125, "1": 81.0, "2": 88.0, "3": 111.0, "4": 78.80089033855766}, "rc-pulse-target": {"0": 1796.0, "1": 1360.0, "2": 1477.0, "3": 1733.0, "4": 1375.0, "5": 1194.6807156328723}, "reward": 0.0, "annotation": ""}