{"rc-position-target": {"height": 2.0392737454090732, "distance": 7.172085936458942, "heading": 18.599283468561254, "wrist_angle": -36.190919860524495, "wrist_rotation": 79.93432890405242, "gripper": 87.02128562447518}, "rc-angle-target": {"0": 108.59928346856125, "1": 82.0, "2": 93.0, "3": 109.0, "4": 79.93432890405242}, "rc-pulse-target": {"0": 1746.0, "1": 1371.0, "2": 1533.0, "3": 1711.0, "4": 1388.0, "5": 1194.6807156328723}, "reward": 0.0, "annotation": ""}