{"rc-position-target": {"height": 2.739273745409074, "distance": 7.87208593645894, "heading": 29.099283468561254, "wrist_angle": -25.690919860524495, "wrist_rotation": 78.80089033855766, "gripper": 87.02128562447518}, "rc-angle-target": {"0": 119.09928346856125, "1": 79.0, "2": 83.0, "3": 113.0, "4": 78.80089033855766}, "rc-pulse-target": {"0": 1863.0, "1": 1337.0, "2": 1422.0, "3": 1755.0, "4": 1375.0, "5": 1194.6807156328723}, "reward": 0.0, "annotation": ""}