{"rc-position-target": {"height": 2.4392737454090736, "distance": 7.572085936458941, "heading": 24.599283468561254, "wrist_angle": -30.190919860524495, "wrist_rotation": 78.80089033855766, "gripper": 87.02128562447518}, "rc-angle-target": {"0": 114.59928346856125, "1": 80.0, "2": 87.0, "3": 111.0, "4": 78.80089033855766}, "rc-pulse-target": {"0": 1813.0, "1": 1348.0, "2": 1466.0, "3": 1733.0, "4": 1375.0, "5": 1194.6807156328723}, "reward": 0.0, "annotation": ""}