{"rc-position-target": {"height": 2.1392737454090733, "distance": 7.272085936458942, "heading": 20.099283468561254, "wrist_angle": -34.690919860524495, "wrist_rotation": 79.43432890405242, "gripper": 87.02128562447518}, "rc-angle-target": {"0": 110.09928346856125, "1": 81.0, "2": 91.0, "3": 110.0, "4": 79.43432890405242}, "rc-pulse-target": {"0": 1763.0, "1": 1360.0, "2": 1511.0, "3": 1722.0, "4": 1382.0, "5": 1194.6807156328723}, "reward": 0.0, "annotation": ""}