{"rc-position-target": {"height": 2.5392737454090737, "distance": 7.672085936458941, "heading": 26.099283468561254, "wrist_angle": -28.690919860524495, "wrist_rotation": 78.80089033855766, "gripper": 87.02128562447518}, "rc-angle-target": {"0": 116.09928346856125, "1": 80.0, "2": 86.0, "3": 112.0, "4": 78.80089033855766}, "rc-pulse-target": {"0": 1829.0, "1": 1348.0, "2": 1455.0, "3": 1744.0, "4": 1375.0, "5": 1194.6807156328723}, "reward": 0.0, "annotation": ""}