{"rc-position-target": {"height": 1.9392737454090732, "distance": 7.072085936458943, "heading": 17.099283468561254, "wrist_angle": -37.690919860524495, "wrist_rotation": 80.43432890405242, "gripper": 87.02128562447518}, "rc-angle-target": {"0": 107.09928346856125, "1": 82.0, "2": 94.0, "3": 108.0, "4": 80.43432890405242}, "rc-pulse-target": {"0": 1729.0, "1": 1371.0, "2": 1544.0, "3": 1700.0, "4": 1393.0, "5": 1194.6807156328723}, "reward": 0.0, "annotation": ""}