{"rc-position-target": {"height": 2.2392737454090734, "distance": 7.372085936458942, "heading": 21.599283468561254, "wrist_angle": -33.190919860524495, "wrist_rotation": 78.93432890405242, "gripper": 87.02128562447518}, "rc-angle-target": {"0": 111.59928346856125, "1": 81.0, "2": 90.0, "3": 110.0, "4": 78.93432890405242}, "rc-pulse-target": {"0": 1779.0, "1": 1360.0, "2": 1500.0, "3": 1722.0, "4": 1377.0, "5": 1194.6807156328723}, "reward": 0.0, "annotation": ""}