{"rc-position-target": {"height": 2.839273745409074, "distance": 7.97208593645894, "heading": 30.599283468561254, "wrist_angle": -24.190919860524495, "wrist_rotation": 78.80089033855766, "gripper": 87.02128562447518}, "rc-angle-target": {"0": 120.59928346856125, "1": 78.0, "2": 81.0, "3": 114.0, "4": 78.80089033855766}, "rc-pulse-target": {"0": 1879.0, "1": 1326.0, "2": 1400.0, "3": 1766.0, "4": 1375.0, "5": 1194.6807156328723}, "reward": 0.0, "annotation": ""}