{"rc-position-target": {"height": 2.639273745409074, "distance": 7.77208593645894, "heading": 27.599283468561254, "wrist_angle": -27.190919860524495, "wrist_rotation": 78.80089033855766, "gripper": 87.02128562447518}, "rc-angle-target": {"0": 117.59928346856125, "1": 79.0, "2": 84.0, "3": 112.0, "4": 78.80089033855766}, "rc-pulse-target": {"0": 1846.0, "1": 1337.0, "2": 1433.0, "3": 1744.0, "4": 1375.0, "5": 1194.6807156328723}, "reward": 0.0, "annotation": ""}