{"rc-position-target": {"height": 3.5392737454090746, "distance": 8.672085936458938, "heading": 41.099283468561254, "wrist_angle": -13.690919860524495, "wrist_rotation": 78.80089033855766, "gripper": 87.02128562447518}, "rc-angle-target": {"0": 131.09928346856125, "1": 74.0, "2": 70.0, "3": 117.0, "4": 78.80089033855766}, "rc-pulse-target": {"0": 1996.0, "1": 1282.0, "2": 1277.0, "3": 1800.0, "4": 1375.0, "5": 1194.6807156328723}, "reward": 0.0, "annotation": ""}