{"rc-position-target": {"height": 3.839273745409075, "distance": 8.972085936458937, "heading": 45.599283468561254, "wrist_angle": -9.190919860524495, "wrist_rotation": 78.80089033855766, "gripper": 87.02128562447518}, "rc-angle-target": {"0": 135.59928346856125, "1": 71.0, "2": 65.0, "3": 119.0, "4": 78.80089033855766}, "rc-pulse-target": {"0": 2046.0, "1": 1248.0, "2": 1222.0, "3": 1822.0, "4": 1375.0, "5": 1194.6807156328723}, "reward": 0.0, "annotation": ""}