{"rc-position-target": {"height": 3.7392737454090748, "distance": 8.872085936458937, "heading": 44.099283468561254, "wrist_angle": -10.690919860524495, "wrist_rotation": 78.80089033855766, "gripper": 87.02128562447518}, "rc-angle-target": {"0": 134.09928346856125, "1": 72.0, "2": 67.0, "3": 119.0, "4": 78.80089033855766}, "rc-pulse-target": {"0": 2029.0, "1": 1260.0, "2": 1244.0, "3": 1822.0, "4": 1375.0, "5": 1194.6807156328723}, "reward": 0.0, "annotation": ""}