{"rc-position-target": {"height": 3.4392737454090745, "distance": 8.572085936458938, "heading": 39.599283468561254, "wrist_angle": -15.190919860524495, "wrist_rotation": 78.80089033855766, "gripper": 87.02128562447518}, "rc-angle-target": {"0": 129.59928346856125, "1": 74.0, "2": 72.0, "3": 117.0, "4": 78.80089033855766}, "rc-pulse-target": {"0": 1979.0, "1": 1282.0, "2": 1300.0, "3": 1800.0, "4": 1375.0, "5": 1194.6807156328723}, "reward": 0.0, "annotation": ""}