{"rc-position-target": {"height": 3.1392737454090742, "distance": 8.27208593645894, "heading": 35.099283468561254, "wrist_angle": -19.690919860524495, "wrist_rotation": 78.80089033855766, "gripper": 87.02128562447518}, "rc-angle-target": {"0": 125.09928346856125, "1": 76.0, "2": 77.0, "3": 115.0, "4": 78.80089033855766}, "rc-pulse-target": {"0": 1929.0, "1": 1304.0, "2": 1355.0, "3": 1777.0, "4": 1375.0, "5": 1194.6807156328723}, "reward": 0.0, "annotation": ""}