{"rc-position-target": {"height": 3.039273745409074, "distance": 8.17208593645894, "heading": 33.599283468561254, "wrist_angle": -21.190919860524495, "wrist_rotation": 78.80089033855766, "gripper": 87.02128562447518}, "rc-angle-target": {"0": 123.59928346856125, "1": 77.0, "2": 78.0, "3": 115.0, "4": 78.80089033855766}, "rc-pulse-target": {"0": 1913.0, "1": 1315.0, "2": 1366.0, "3": 1777.0, "4": 1375.0, "5": 1194.6807156328723}, "reward": 0.0, "annotation": ""}