{"rc-position-target": {"height": 3.6392737454090747, "distance": 8.772085936458938, "heading": 42.599283468561254, "wrist_angle": -12.190919860524495, "wrist_rotation": 78.80089033855766, "gripper": 87.02128562447518}, "rc-angle-target": {"0": 132.59928346856125, "1": 73.0, "2": 69.0, "3": 118.0, "4": 78.80089033855766}, "rc-pulse-target": {"0": 2013.0, "1": 1271.0, "2": 1266.0, "3": 1811.0, "4": 1375.0, "5": 1194.6807156328723}, "reward": 0.0, "annotation": ""}