{"rc-position-target": {"height": 2.939273745409074, "distance": 8.07208593645894, "heading": 32.099283468561254, "wrist_angle": -22.690919860524495, "wrist_rotation": 78.80089033855766, "gripper": 87.02128562447518}, "rc-angle-target": {"0": 122.09928346856125, "1": 77.0, "2": 80.0, "3": 114.0, "4": 78.80089033855766}, "rc-pulse-target": {"0": 1896.0, "1": 1315.0, "2": 1388.0, "3": 1766.0, "4": 1375.0, "5": 1194.6807156328723}, "reward": 0.0, "annotation": ""}