{"rc-position-target": {"height": 3.2392737454090743, "distance": 8.372085936458939, "heading": 36.599283468561254, "wrist_angle": -18.190919860524495, "wrist_rotation": 78.80089033855766, "gripper": 87.02128562447518}, "rc-angle-target": {"0": 126.59928346856125, "1": 76.0, "2": 75.0, "3": 116.0, "4": 78.80089033855766}, "rc-pulse-target": {"0": 1946.0, "1": 1304.0, "2": 1333.0, "3": 1788.0, "4": 1375.0, "5": 1194.6807156328723}, "reward": 0.0, "annotation": ""}