{"rc-position-target": {"height": 3.3392737454090744, "distance": 8.472085936458939, "heading": 38.099283468561254, "wrist_angle": -16.690919860524495, "wrist_rotation": 78.80089033855766, "gripper": 87.02128562447518}, "rc-angle-target": {"0": 128.09928346856125, "1": 75.0, "2": 74.0, "3": 116.0, "4": 78.80089033855766}, "rc-pulse-target": {"0": 1963.0, "1": 1293.0, "2": 1322.0, "3": 1788.0, "4": 1375.0, "5": 1194.6807156328723}, "reward": 0.0, "annotation": ""}