{"rc-position-target": {"height": 4.439273745409073, "distance": 9.504884791500873, "heading": 54.599283468561254, "wrist_angle": -2.3375788055163866, "wrist_rotation": 78.80089033855766, "gripper": 87.02128562447518}, "rc-angle-target": {"0": 144.59928346856125, "1": 67.0, "2": 55.0, "3": 120.0, "4": 78.80089033855766}, "rc-pulse-target": {"0": 2146.0, "1": 1204.0, "2": 1111.0, "3": 1833.0, "4": 1375.0, "5": 1194.6807156328723}, "reward": 0.0, "annotation": ""}