{"rc-position-target": {"height": 4.239273745409074, "distance": 9.372085936458936, "heading": 51.599283468561254, "wrist_angle": -3.1909198605244953, "wrist_rotation": 78.80089033855766, "gripper": 87.02128562447518}, "rc-angle-target": {"0": 141.59928346856125, "1": 68.0, "2": 58.0, "3": 121.0, "4": 78.80089033855766}, "rc-pulse-target": {"0": 2113.0, "1": 1215.0, "2": 1144.0, "3": 1844.0, "4": 1375.0, "5": 1194.6807156328723}, "reward": 0.0, "annotation": ""}