{"rc-position-target": {"height": 4.739273745409072, "distance": 9.304884791500873, "heading": 52.42766968450488, "wrist_angle": -5.337578805516387, "wrist_rotation": 78.15904957579002, "gripper": 77.02128562447518}, "rc-angle-target": {"0": 142.42766968450488, "1": 70.0, "2": 56.0, "3": 115.0, "4": 78.15904957579002}, "rc-pulse-target": {"0": 2122.0, "1": 1237.0, "2": 1122.0, "3": 1777.0, "4": 1368.0, "5": 1344.6807156328723}, "reward": 0.0, "annotation": ""}