{"rc-position-target": {"height": 3.939273745409075, "distance": 9.072085936458937, "heading": 47.099283468561254, "wrist_angle": -7.690919860524495, "wrist_rotation": 78.80089033855766, "gripper": 87.02128562447518}, "rc-angle-target": {"0": 137.09928346856125, "1": 71.0, "2": 63.0, "3": 120.0, "4": 78.80089033855766}, "rc-pulse-target": {"0": 2063.0, "1": 1248.0, "2": 1200.0, "3": 1833.0, "4": 1375.0, "5": 1194.6807156328723}, "reward": 0.0, "annotation": ""}