{"rc-position-target": {"height": 4.3392737454090735, "distance": 9.472085936458935, "heading": 53.099283468561254, "wrist_angle": -2.3375788055163866, "wrist_rotation": 78.80089033855766, "gripper": 87.02128562447518}, "rc-angle-target": {"0": 143.09928346856125, "1": 67.0, "2": 56.0, "3": 121.0, "4": 78.80089033855766}, "rc-pulse-target": {"0": 2129.0, "1": 1204.0, "2": 1122.0, "3": 1844.0, "4": 1375.0, "5": 1194.6807156328723}, "reward": 0.0, "annotation": ""}