{"rc-position-target": {"height": 4.539273745409073, "distance": 9.504884791500873, "heading": 55.42766968450488, "wrist_angle": -2.3375788055163866, "wrist_rotation": 78.80089033855766, "gripper": 87.02128562447518}, "rc-angle-target": {"0": 145.42766968450488, "1": 67.0, "2": 54.0, "3": 119.0, "4": 78.80089033855766}, "rc-pulse-target": {"0": 2155.0, "1": 1204.0, "2": 1100.0, "3": 1822.0, "4": 1375.0, "5": 1194.6807156328723}, "reward": 0.0, "annotation": ""}