{"rc-position-target": {"height": 4.808481869318294, "distance": 9.204884791500874, "heading": 50.92766968450488, "wrist_angle": -6.837578805516387, "wrist_rotation": 78.15904957579002, "gripper": 72.02128562447518}, "rc-angle-target": {"0": 140.92766968450488, "1": 71.0, "2": 57.0, "3": 114.0, "4": 78.15904957579002}, "rc-pulse-target": {"0": 2105.0, "1": 1248.0, "2": 1133.0, "3": 1766.0, "4": 1368.0, "5": 1419.6807156328723}, "reward": 0.0, "annotation": ""}