{"rc-position-target": {"height": 4.139273745409074, "distance": 9.272085936458936, "heading": 50.099283468561254, "wrist_angle": -4.690919860524495, "wrist_rotation": 78.80089033855766, "gripper": 87.02128562447518}, "rc-angle-target": {"0": 140.09928346856125, "1": 69.0, "2": 60.0, "3": 121.0, "4": 78.80089033855766}, "rc-pulse-target": {"0": 2096.0, "1": 1226.0, "2": 1166.0, "3": 1844.0, "4": 1375.0, "5": 1194.6807156328723}, "reward": 0.0, "annotation": ""}