{"rc-position-target": {"height": 4.039273745409075, "distance": 9.172085936458936, "heading": 48.599283468561254, "wrist_angle": -6.190919860524495, "wrist_rotation": 78.80089033855766, "gripper": 87.02128562447518}, "rc-angle-target": {"0": 138.59928346856125, "1": 70.0, "2": 62.0, "3": 120.0, "4": 78.80089033855766}, "rc-pulse-target": {"0": 2079.0, "1": 1237.0, "2": 1188.0, "3": 1833.0, "4": 1375.0, "5": 1194.6807156328723}, "reward": 0.0, "annotation": ""}