{"rc-position-target": {"height": 4.6392737454090724, "distance": 9.404884791500873, "heading": 53.92766968450488, "wrist_angle": -3.8375788055163866, "wrist_rotation": 78.30089033855766, "gripper": 82.02128562447518}, "rc-angle-target": {"0": 143.92766968450488, "1": 68.0, "2": 55.0, "3": 117.0, "4": 78.30089033855766}, "rc-pulse-target": {"0": 2139.0, "1": 1215.0, "2": 1111.0, "3": 1800.0, "4": 1370.0, "5": 1269.6807156328723}, "reward": 0.0, "annotation": ""}