{"rc-position-target": {"height": 4.808481869318294, "distance": 8.404884791500876, "heading": 38.92766968450488, "wrist_angle": -18.837578805516387, "wrist_rotation": 78.15904957579002, "gripper": 32.02128562447518}, "rc-angle-target": {"0": 128.92766968450488, "1": 79.0, "2": 66.0, "3": 103.0, "4": 78.15904957579002}, "rc-pulse-target": {"0": 1972.0, "1": 1337.0, "2": 1233.0, "3": 1644.0, "4": 1368.0, "5": 2019.6807156328723}, "reward": 0.0, "annotation": ""}