{"rc-position-target": {"height": 4.808481869318294, "distance": 9.004884791500874, "heading": 47.92766968450488, "wrist_angle": -9.837578805516387, "wrist_rotation": 78.15904957579002, "gripper": 62.02128562447518}, "rc-angle-target": {"0": 137.92766968450488, "1": 73.0, "2": 59.0, "3": 111.0, "4": 78.15904957579002}, "rc-pulse-target": {"0": 2072.0, "1": 1271.0, "2": 1155.0, "3": 1733.0, "4": 1368.0, "5": 1569.6807156328723}, "reward": 0.0, "annotation": ""}