{"rc-position-target": {"height": 4.808481869318294, "distance": 9.104884791500874, "heading": 49.42766968450488, "wrist_angle": -8.337578805516387, "wrist_rotation": 78.15904957579002, "gripper": 67.02128562447518}, "rc-angle-target": {"0": 139.42766968450488, "1": 72.0, "2": 58.0, "3": 112.0, "4": 78.15904957579002}, "rc-pulse-target": {"0": 2089.0, "1": 1260.0, "2": 1144.0, "3": 1744.0, "4": 1368.0, "5": 1494.6807156328723}, "reward": 0.0, "annotation": ""}