{"rc-position-target": {"height": 4.808481869318294, "distance": 8.904884791500875, "heading": 46.42766968450488, "wrist_angle": -11.337578805516387, "wrist_rotation": 78.15904957579002, "gripper": 57.02128562447518}, "rc-angle-target": {"0": 136.42766968450488, "1": 74.0, "2": 60.0, "3": 110.0, "4": 78.15904957579002}, "rc-pulse-target": {"0": 2055.0, "1": 1282.0, "2": 1166.0, "3": 1722.0, "4": 1368.0, "5": 1644.6807156328723}, "reward": 0.0, "annotation": ""}