{"rc-position-target": {"height": 4.808481869318294, "distance": 8.204884791500877, "heading": 35.92766968450488, "wrist_angle": -21.837578805516387, "wrist_rotation": 78.15904957579002, "gripper": 29.644841868129966}, "rc-angle-target": {"0": 125.92766968450488, "1": 81.0, "2": 68.0, "3": 100.0, "4": 78.15904957579002}, "rc-pulse-target": {"0": 1939.0, "1": 1360.0, "2": 1255.0, "3": 1611.0, "4": 1368.0, "5": 2055.327371978051}, "reward": 0.0, "annotation": ""}