{"rc-position-target": {"height": 4.808481869318294, "distance": 8.304884791500877, "heading": 37.42766968450488, "wrist_angle": -20.337578805516387, "wrist_rotation": 78.15904957579002, "gripper": 29.644841868129966}, "rc-angle-target": {"0": 127.42766968450488, "1": 80.0, "2": 67.0, "3": 102.0, "4": 78.15904957579002}, "rc-pulse-target": {"0": 1955.0, "1": 1348.0, "2": 1244.0, "3": 1633.0, "4": 1368.0, "5": 2055.327371978051}, "reward": 0.0, "annotation": ""}