{"rc-position-target": {"height": 4.808481869318294, "distance": 8.504884791500876, "heading": 40.42766968450488, "wrist_angle": -17.337578805516387, "wrist_rotation": 78.15904957579002, "gripper": 37.02128562447518}, "rc-angle-target": {"0": 130.42766968450488, "1": 78.0, "2": 65.0, "3": 105.0, "4": 78.15904957579002}, "rc-pulse-target": {"0": 1989.0, "1": 1326.0, "2": 1222.0, "3": 1666.0, "4": 1368.0, "5": 1944.6807156328723}, "reward": 0.0, "annotation": ""}