{"rc-position-target": {"height": 4.808481869318294, "distance": 8.704884791500875, "heading": 43.42766968450488, "wrist_angle": -14.337578805516387, "wrist_rotation": 78.15904957579002, "gripper": 47.02128562447518}, "rc-angle-target": {"0": 133.42766968450488, "1": 76.0, "2": 63.0, "3": 107.0, "4": 78.15904957579002}, "rc-pulse-target": {"0": 2022.0, "1": 1304.0, "2": 1200.0, "3": 1688.0, "4": 1368.0, "5": 1794.6807156328723}, "reward": 0.0, "annotation": ""}