{"rc-position-target": {"height": 4.808481869318294, "distance": 8.604884791500876, "heading": 41.92766968450488, "wrist_angle": -15.837578805516387, "wrist_rotation": 78.15904957579002, "gripper": 42.02128562447518}, "rc-angle-target": {"0": 131.92766968450488, "1": 77.0, "2": 64.0, "3": 106.0, "4": 78.15904957579002}, "rc-pulse-target": {"0": 2005.0, "1": 1315.0, "2": 1211.0, "3": 1677.0, "4": 1368.0, "5": 1869.6807156328723}, "reward": 0.0, "annotation": ""}