{"rc-position-target": {"height": 4.808481869318294, "distance": 8.804884791500875, "heading": 44.92766968450488, "wrist_angle": -12.837578805516387, "wrist_rotation": 78.15904957579002, "gripper": 52.02128562447518}, "rc-angle-target": {"0": 134.92766968450488, "1": 75.0, "2": 62.0, "3": 109.0, "4": 78.15904957579002}, "rc-pulse-target": {"0": 2039.0, "1": 1293.0, "2": 1188.0, "3": 1711.0, "4": 1368.0, "5": 1719.6807156328723}, "reward": 0.0, "annotation": ""}