{"rc-position-target": {"height": 4.808481869318294, "distance": 7.904884791500878, "heading": 31.427669684504878, "wrist_angle": -26.337578805516387, "wrist_rotation": 78.15904957579002, "gripper": 29.644841868129966}, "rc-angle-target": {"0": 121.42766968450488, "1": 84.0, "2": 72.0, "3": 96.0, "4": 78.15904957579002}, "rc-pulse-target": {"0": 1889.0, "1": 1393.0, "2": 1300.0, "3": 1566.0, "4": 1368.0, "5": 2055.327371978051}, "reward": 0.0, "annotation": ""}