{"rc-position-target": {"height": 4.808481869318294, "distance": 7.50488479150088, "heading": 25.427669684504878, "wrist_angle": -32.33757880551639, "wrist_rotation": 78.15904957579002, "gripper": 29.644841868129966}, "rc-angle-target": {"0": 115.42766968450488, "1": 88.0, "2": 76.0, "3": 90.0, "4": 78.15904957579002}, "rc-pulse-target": {"0": 1822.0, "1": 1437.0, "2": 1344.0, "3": 1500.0, "4": 1368.0, "5": 2055.327371978051}, "reward": 0.0, "annotation": ""}