{"rc-position-target": {"height": 4.808481869318294, "distance": 8.104884791500877, "heading": 34.42766968450488, "wrist_angle": -23.337578805516387, "wrist_rotation": 78.15904957579002, "gripper": 29.644841868129966}, "rc-angle-target": {"0": 124.42766968450488, "1": 82.0, "2": 70.0, "3": 99.0, "4": 78.15904957579002}, "rc-pulse-target": {"0": 1922.0, "1": 1371.0, "2": 1277.0, "3": 1600.0, "4": 1368.0, "5": 2055.327371978051}, "reward": 0.0, "annotation": ""}