{"rc-position-target": {"height": 4.808481869318294, "distance": 8.004884791500878, "heading": 32.92766968450488, "wrist_angle": -24.837578805516387, "wrist_rotation": 78.15904957579002, "gripper": 29.644841868129966}, "rc-angle-target": {"0": 122.92766968450488, "1": 83.0, "2": 71.0, "3": 98.0, "4": 78.15904957579002}, "rc-pulse-target": {"0": 1905.0, "1": 1382.0, "2": 1288.0, "3": 1588.0, "4": 1368.0, "5": 2055.327371978051}, "reward": 0.0, "annotation": ""}