{"rc-position-target": {"height": 4.808481869318294, "distance": 7.604884791500879, "heading": 26.927669684504878, "wrist_angle": -30.837578805516387, "wrist_rotation": 78.15904957579002, "gripper": 29.644841868129966}, "rc-angle-target": {"0": 116.92766968450488, "1": 87.0, "2": 75.0, "3": 92.0, "4": 78.15904957579002}, "rc-pulse-target": {"0": 1839.0, "1": 1426.0, "2": 1333.0, "3": 1522.0, "4": 1368.0, "5": 2055.327371978051}, "reward": 0.0, "annotation": ""}