{"rc-position-target": {"height": 4.808481869318294, "distance": 7.204884791500881, "heading": 20.927669684504878, "wrist_angle": -36.83757880551639, "wrist_rotation": 78.15904957579002, "gripper": 29.644841868129966}, "rc-angle-target": {"0": 110.92766968450488, "1": 91.0, "2": 79.0, "3": 86.0, "4": 78.15904957579002}, "rc-pulse-target": {"0": 1772.0, "1": 1471.0, "2": 1377.0, "3": 1455.0, "4": 1368.0, "5": 2055.327371978051}, "reward": 0.0, "annotation": ""}