{"rc-position-target": {"height": 4.808481869318294, "distance": 7.8048847915008785, "heading": 29.927669684504878, "wrist_angle": -27.837578805516387, "wrist_rotation": 78.15904957579002, "gripper": 29.644841868129966}, "rc-angle-target": {"0": 119.92766968450488, "1": 85.0, "2": 73.0, "3": 95.0, "4": 78.15904957579002}, "rc-pulse-target": {"0": 1872.0, "1": 1404.0, "2": 1311.0, "3": 1555.0, "4": 1368.0, "5": 2055.327371978051}, "reward": 0.0, "annotation": ""}