{"rc-position-target": {"height": 4.808481869318294, "distance": 7.40488479150088, "heading": 23.927669684504878, "wrist_angle": -33.83757880551639, "wrist_rotation": 78.15904957579002, "gripper": 29.644841868129966}, "rc-angle-target": {"0": 113.92766968450488, "1": 89.0, "2": 77.0, "3": 89.0, "4": 78.15904957579002}, "rc-pulse-target": {"0": 1805.0, "1": 1448.0, "2": 1355.0, "3": 1488.0, "4": 1368.0, "5": 2055.327371978051}, "reward": 0.0, "annotation": ""}