{"rc-position-target": {"height": 4.808481869318294, "distance": 7.704884791500879, "heading": 28.427669684504878, "wrist_angle": -29.337578805516387, "wrist_rotation": 78.15904957579002, "gripper": 29.644841868129966}, "rc-angle-target": {"0": 118.42766968450488, "1": 86.0, "2": 74.0, "3": 93.0, "4": 78.15904957579002}, "rc-pulse-target": {"0": 1855.0, "1": 1415.0, "2": 1322.0, "3": 1533.0, "4": 1368.0, "5": 2055.327371978051}, "reward": 0.0, "annotation": ""}