{"rc-position-target": {"height": 4.808481869318294, "distance": 7.30488479150088, "heading": 22.427669684504878, "wrist_angle": -35.33757880551639, "wrist_rotation": 78.15904957579002, "gripper": 29.644841868129966}, "rc-angle-target": {"0": 112.42766968450488, "1": 90.0, "2": 78.0, "3": 87.0, "4": 78.15904957579002}, "rc-pulse-target": {"0": 1789.0, "1": 1460.0, "2": 1366.0, "3": 1466.0, "4": 1368.0, "5": 2055.327371978051}, "reward": 0.0, "annotation": ""}