{"rc-position-target": {"height": 4.808481869318294, "distance": 7.104884791500881, "heading": 19.427669684504878, "wrist_angle": -38.33757880551639, "wrist_rotation": 78.15904957579002, "gripper": 29.644841868129966}, "rc-angle-target": {"0": 109.42766968450488, "1": 92.0, "2": 80.0, "3": 84.0, "4": 78.15904957579002}, "rc-pulse-target": {"0": 1755.0, "1": 1482.0, "2": 1388.0, "3": 1433.0, "4": 1368.0, "5": 2055.327371978051}, "reward": 0.0, "annotation": ""}