{"rc-position-target": {"height": 4.808481869318294, "distance": 6.804884791500882, "heading": 14.927669684504878, "wrist_angle": -42.83757880551639, "wrist_rotation": 78.15904957579002, "gripper": 29.644841868129966}, "rc-angle-target": {"0": 104.92766968450488, "1": 95.0, "2": 83.0, "3": 80.0, "4": 78.15904957579002}, "rc-pulse-target": {"0": 1705.0, "1": 1515.0, "2": 1422.0, "3": 1388.0, "4": 1368.0, "5": 2055.327371978051}, "reward": 0.0, "annotation": ""}