{"rc-position-target": {"height": 4.808481869318294, "distance": 6.304884791500884, "heading": 7.4276696845048775, "wrist_angle": -49.21697203770895, "wrist_rotation": 78.15904957579002, "gripper": 29.644841868129966}, "rc-angle-target": {"0": 97.42766968450488, "1": 100.0, "2": 87.0, "3": 73.0, "4": 78.15904957579002}, "rc-pulse-target": {"0": 1622.0, "1": 1571.0, "2": 1466.0, "3": 1311.0, "4": 1368.0, "5": 2055.327371978051}, "reward": 0.0, "annotation": ""}