{"rc-position-target": {"height": 4.808481869318294, "distance": 6.7048847915008825, "heading": 13.427669684504878, "wrist_angle": -44.33757880551639, "wrist_rotation": 78.15904957579002, "gripper": 29.644841868129966}, "rc-angle-target": {"0": 103.42766968450488, "1": 96.0, "2": 84.0, "3": 78.0, "4": 78.15904957579002}, "rc-pulse-target": {"0": 1689.0, "1": 1526.0, "2": 1433.0, "3": 1366.0, "4": 1368.0, "5": 2055.327371978051}, "reward": 0.0, "annotation": ""}