{"rc-position-target": {"height": 4.808481869318294, "distance": 6.604884791500883, "heading": 11.927669684504878, "wrist_angle": -45.83757880551639, "wrist_rotation": 78.15904957579002, "gripper": 29.644841868129966}, "rc-angle-target": {"0": 101.92766968450488, "1": 97.0, "2": 85.0, "3": 77.0, "4": 78.15904957579002}, "rc-pulse-target": {"0": 1672.0, "1": 1537.0, "2": 1444.0, "3": 1355.0, "4": 1368.0, "5": 2055.327371978051}, "reward": 0.0, "annotation": ""}