{"rc-position-target": {"height": 4.808481869318294, "distance": 6.504884791500883, "heading": 10.427669684504878, "wrist_angle": -47.33757880551639, "wrist_rotation": 78.15904957579002, "gripper": 29.644841868129966}, "rc-angle-target": {"0": 100.42766968450488, "1": 98.0, "2": 86.0, "3": 75.0, "4": 78.15904957579002}, "rc-pulse-target": {"0": 1655.0, "1": 1548.0, "2": 1455.0, "3": 1333.0, "4": 1368.0, "5": 2055.327371978051}, "reward": 0.0, "annotation": ""}