{"rc-position-target": {"height": 4.808481869318294, "distance": 6.4048847915008835, "heading": 8.927669684504878, "wrist_angle": -48.83757880551639, "wrist_rotation": 78.15904957579002, "gripper": 29.644841868129966}, "rc-angle-target": {"0": 98.92766968450488, "1": 99.0, "2": 86.0, "3": 73.0, "4": 78.15904957579002}, "rc-pulse-target": {"0": 1639.0, "1": 1560.0, "2": 1455.0, "3": 1311.0, "4": 1368.0, "5": 2055.327371978051}, "reward": 0.0, "annotation": ""}