{"rc-position-target": {"height": 4.808481869318294, "distance": 6.904884791500882, "heading": 16.427669684504878, "wrist_angle": -41.33757880551639, "wrist_rotation": 78.15904957579002, "gripper": 29.644841868129966}, "rc-angle-target": {"0": 106.42766968450488, "1": 94.0, "2": 82.0, "3": 81.0, "4": 78.15904957579002}, "rc-pulse-target": {"0": 1722.0, "1": 1504.0, "2": 1411.0, "3": 1400.0, "4": 1368.0, "5": 2055.327371978051}, "reward": 0.0, "annotation": ""}