{"rc-position-target": {"height": 4.808481869318294, "distance": 7.004884791500881, "heading": 17.927669684504878, "wrist_angle": -39.83757880551639, "wrist_rotation": 78.15904957579002, "gripper": 29.644841868129966}, "rc-angle-target": {"0": 107.92766968450488, "1": 93.0, "2": 81.0, "3": 83.0, "4": 78.15904957579002}, "rc-pulse-target": {"0": 1739.0, "1": 1493.0, "2": 1400.0, "3": 1422.0, "4": 1368.0, "5": 2055.327371978051}, "reward": 0.0, "annotation": ""}