{"rc-position-target": {"height": 4.808481869318294, "distance": 5.404884791500887, "heading": -6.0723303154951225, "wrist_angle": -49.21697203770895, "wrist_rotation": 78.15904957579002, "gripper": 29.644841868129966}, "rc-angle-target": {"0": 83.92766968450488, "1": 109.0, "2": 95.0, "3": 71.0, "4": 78.15904957579002}, "rc-pulse-target": {"0": 1472.0, "1": 1671.0, "2": 1555.0, "3": 1288.0, "4": 1368.0, "5": 2055.327371978051}, "reward": 0.0, "annotation": ""}