{"rc-position-target": {"height": 4.808481869318294, "distance": 5.304884791500887, "heading": -7.5723303154951225, "wrist_angle": -49.21697203770895, "wrist_rotation": 78.15904957579002, "gripper": 29.644841868129966}, "rc-angle-target": {"0": 82.42766968450488, "1": 110.0, "2": 96.0, "3": 71.0, "4": 78.15904957579002}, "rc-pulse-target": {"0": 1455.0, "1": 1682.0, "2": 1566.0, "3": 1288.0, "4": 1368.0, "5": 2055.327371978051}, "reward": 0.0, "annotation": ""}