{"rc-position-target": {"height": 4.808481869318294, "distance": 5.604884791500886, "heading": -3.0723303154951225, "wrist_angle": -49.21697203770895, "wrist_rotation": 78.15904957579002, "gripper": 29.644841868129966}, "rc-angle-target": {"0": 86.92766968450488, "1": 107.0, "2": 93.0, "3": 72.0, "4": 78.15904957579002}, "rc-pulse-target": {"0": 1505.0, "1": 1648.0, "2": 1533.0, "3": 1300.0, "4": 1368.0, "5": 2055.327371978051}, "reward": 0.0, "annotation": ""}