{"rc-position-target": {"height": 4.808481869318294, "distance": 6.104884791500885, "heading": 4.4276696845048775, "wrist_angle": -49.21697203770895, "wrist_rotation": 78.15904957579002, "gripper": 29.644841868129966}, "rc-angle-target": {"0": 94.42766968450488, "1": 102.0, "2": 89.0, "3": 73.0, "4": 78.15904957579002}, "rc-pulse-target": {"0": 1589.0, "1": 1593.0, "2": 1488.0, "3": 1311.0, "4": 1368.0, "5": 2055.327371978051}, "reward": 0.0, "annotation": ""}