{"rc-position-target": {"height": 4.808481869318294, "distance": 5.904884791500885, "heading": 1.4276696845048775, "wrist_angle": -49.21697203770895, "wrist_rotation": 78.15904957579002, "gripper": 29.644841868129966}, "rc-angle-target": {"0": 91.42766968450488, "1": 104.0, "2": 91.0, "3": 72.0, "4": 78.15904957579002}, "rc-pulse-target": {"0": 1555.0, "1": 1615.0, "2": 1511.0, "3": 1300.0, "4": 1368.0, "5": 2055.327371978051}, "reward": 0.0, "annotation": ""}