{"rc-position-target": {"height": 4.808481869318294, "distance": 5.704884791500886, "heading": -1.5723303154951225, "wrist_angle": -49.21697203770895, "wrist_rotation": 78.15904957579002, "gripper": 29.644841868129966}, "rc-angle-target": {"0": 88.42766968450488, "1": 106.0, "2": 93.0, "3": 72.0, "4": 78.15904957579002}, "rc-pulse-target": {"0": 1522.0, "1": 1637.0, "2": 1533.0, "3": 1300.0, "4": 1368.0, "5": 2055.327371978051}, "reward": 0.0, "annotation": ""}