{"rc-position-target": {"height": 4.808481869318294, "distance": 6.004884791500885, "heading": 2.9276696845048775, "wrist_angle": -49.21697203770895, "wrist_rotation": 78.15904957579002, "gripper": 29.644841868129966}, "rc-angle-target": {"0": 92.92766968450488, "1": 103.0, "2": 90.0, "3": 72.0, "4": 78.15904957579002}, "rc-pulse-target": {"0": 1572.0, "1": 1604.0, "2": 1500.0, "3": 1300.0, "4": 1368.0, "5": 2055.327371978051}, "reward": 0.0, "annotation": ""}