{"rc-position-target": {"height": 4.808481869318294, "distance": 4.804884791500889, "heading": -15.072330315495122, "wrist_angle": -49.21697203770895, "wrist_rotation": 78.15904957579002, "gripper": 29.644841868129966}, "rc-angle-target": {"0": 74.92766968450488, "1": 116.0, "2": 100.0, "3": 69.0, "4": 78.15904957579002}, "rc-pulse-target": {"0": 1372.0, "1": 1748.0, "2": 1611.0, "3": 1266.0, "4": 1368.0, "5": 2055.327371978051}, "reward": 0.0, "annotation": ""}