{"rc-position-target": {"height": 4.808481869318294, "distance": 5.104884791500888, "heading": -10.572330315495122, "wrist_angle": -49.21697203770895, "wrist_rotation": 78.15904957579002, "gripper": 29.644841868129966}, "rc-angle-target": {"0": 79.42766968450488, "1": 113.0, "2": 97.0, "3": 70.0, "4": 78.15904957579002}, "rc-pulse-target": {"0": 1422.0, "1": 1715.0, "2": 1577.0, "3": 1277.0, "4": 1368.0, "5": 2055.327371978051}, "reward": 0.0, "annotation": ""}