{"rc-position-target": {"height": 4.808481869318294, "distance": 4.60488479150089, "heading": -18.072330315495122, "wrist_angle": -49.21697203770895, "wrist_rotation": 78.15904957579002, "gripper": 29.644841868129966}, "rc-angle-target": {"0": 71.92766968450488, "1": 118.0, "2": 101.0, "3": 68.0, "4": 78.15904957579002}, "rc-pulse-target": {"0": 1339.0, "1": 1771.0, "2": 1622.0, "3": 1255.0, "4": 1368.0, "5": 2055.327371978051}, "reward": 0.0, "annotation": ""}