{"rc-position-target": {"height": 4.808481869318294, "distance": 4.459775184968611, "heading": -30.072330315495122, "wrist_angle": -49.21697203770895, "wrist_rotation": 78.15904957579002, "gripper": 29.644841868129966}, "rc-angle-target": {"0": 59.92766968450488, "1": 120.0, "2": 102.0, "3": 67.0, "4": 78.15904957579002}, "rc-pulse-target": {"0": 1205.0, "1": 1793.0, "2": 1633.0, "3": 1244.0, "4": 1368.0, "5": 2055.327371978051}, "reward": 0.0, "annotation": ""}