{"rc-position-target": {"height": 4.842721507726184, "distance": 4.55977518496861, "heading": -37.57233031549512, "wrist_angle": -49.90103125560689, "wrist_rotation": 77.65904957579002, "gripper": 34.644841868129966}, "rc-angle-target": {"0": 52.42766968450488, "1": 119.0, "2": 101.0, "3": 67.0, "4": 77.65904957579002}, "rc-pulse-target": {"0": 1122.0, "1": 1782.0, "2": 1622.0, "3": 1244.0, "4": 1362.0, "5": 1980.3273719780507}, "reward": 0.0, "annotation": ""}