{"rc-position-target": {"height": 4.842721507726184, "distance": 4.65977518496861, "heading": -39.07233031549512, "wrist_angle": -49.90103125560689, "wrist_rotation": 77.15904957579002, "gripper": 39.644841868129966}, "rc-angle-target": {"0": 50.92766968450488, "1": 118.0, "2": 100.0, "3": 67.0, "4": 77.15904957579002}, "rc-pulse-target": {"0": 1105.0, "1": 1771.0, "2": 1611.0, "3": 1244.0, "4": 1357.0, "5": 1905.3273719780505}, "reward": 0.0, "annotation": ""}