{"rc-position-target": {"height": 4.842721507726184, "distance": 5.059775184968609, "heading": -45.07233031549512, "wrist_angle": -49.90103125560689, "wrist_rotation": 75.15904957579002, "gripper": 42.02320199802458}, "rc-angle-target": {"0": 44.92766968450488, "1": 113.0, "2": 97.0, "3": 69.0, "4": 75.15904957579002}, "rc-pulse-target": {"0": 1039.0, "1": 1715.0, "2": 1577.0, "3": 1266.0, "4": 1335.0, "5": 1869.6519700296312}, "reward": 0.0, "annotation": ""}