{"rc-position-target": {"height": 4.842721507726184, "distance": 5.259775184968608, "heading": -48.07233031549512, "wrist_angle": -49.90103125560689, "wrist_rotation": 74.15904957579002, "gripper": 42.02320199802458}, "rc-angle-target": {"0": 41.92766968450488, "1": 111.0, "2": 96.0, "3": 70.0, "4": 74.15904957579002}, "rc-pulse-target": {"0": 1005.0, "1": 1693.0, "2": 1566.0, "3": 1277.0, "4": 1323.0, "5": 1869.6519700296312}, "reward": 0.0, "annotation": ""}