{"rc-position-target": {"height": 4.842721507726184, "distance": 5.659775184968606, "heading": -54.07233031549512, "wrist_angle": -49.90103125560689, "wrist_rotation": 72.15904957579002, "gripper": 42.02320199802458}, "rc-angle-target": {"0": 35.92766968450488, "1": 107.0, "2": 93.0, "3": 71.0, "4": 72.15904957579002}, "rc-pulse-target": {"0": 939.0, "1": 1648.0, "2": 1533.0, "3": 1288.0, "4": 1301.0, "5": 1869.6519700296312}, "reward": 0.0, "annotation": ""}