{"rc-position-target": {"height": 4.842721507726184, "distance": 5.559775184968607, "heading": -52.57233031549512, "wrist_angle": -49.90103125560689, "wrist_rotation": 72.65904957579002, "gripper": 42.02320199802458}, "rc-angle-target": {"0": 37.42766968450488, "1": 108.0, "2": 93.0, "3": 70.0, "4": 72.65904957579002}, "rc-pulse-target": {"0": 955.0, "1": 1660.0, "2": 1533.0, "3": 1277.0, "4": 1307.0, "5": 1869.6519700296312}, "reward": 0.0, "annotation": ""}