{"rc-position-target": {"height": 4.842721507726184, "distance": 4.75977518496861, "heading": -40.57233031549512, "wrist_angle": -49.90103125560689, "wrist_rotation": 76.65904957579002, "gripper": 42.02320199802458}, "rc-angle-target": {"0": 49.42766968450488, "1": 116.0, "2": 100.0, "3": 68.0, "4": 76.65904957579002}, "rc-pulse-target": {"0": 1089.0, "1": 1748.0, "2": 1611.0, "3": 1255.0, "4": 1351.0, "5": 1869.6519700296312}, "reward": 0.0, "annotation": ""}