{"rc-position-target": {"height": 4.842721507726184, "distance": 5.459775184968607, "heading": -51.07233031549512, "wrist_angle": -49.90103125560689, "wrist_rotation": 73.15904957579002, "gripper": 42.02320199802458}, "rc-angle-target": {"0": 38.92766968450488, "1": 109.0, "2": 94.0, "3": 70.0, "4": 73.15904957579002}, "rc-pulse-target": {"0": 972.0, "1": 1671.0, "2": 1544.0, "3": 1277.0, "4": 1312.0, "5": 1869.6519700296312}, "reward": 0.0, "annotation": ""}