{"rc-position-target": {"height": 4.842721507726184, "distance": 4.959775184968609, "heading": -43.57233031549512, "wrist_angle": -49.90103125560689, "wrist_rotation": 75.65904957579002, "gripper": 42.02320199802458}, "rc-angle-target": {"0": 46.42766968450488, "1": 114.0, "2": 98.0, "3": 69.0, "4": 75.65904957579002}, "rc-pulse-target": {"0": 1055.0, "1": 1726.0, "2": 1588.0, "3": 1266.0, "4": 1340.0, "5": 1869.6519700296312}, "reward": 0.0, "annotation": ""}