{"rc-position-target": {"height": 4.842721507726184, "distance": 4.859775184968609, "heading": -42.07233031549512, "wrist_angle": -49.90103125560689, "wrist_rotation": 76.15904957579002, "gripper": 42.02320199802458}, "rc-angle-target": {"0": 47.92766968450488, "1": 115.0, "2": 99.0, "3": 68.0, "4": 76.15904957579002}, "rc-pulse-target": {"0": 1072.0, "1": 1737.0, "2": 1600.0, "3": 1255.0, "4": 1346.0, "5": 1869.6519700296312}, "reward": 0.0, "annotation": ""}