{"rc-position-target": {"height": 4.842721507726184, "distance": 5.3597751849686075, "heading": -49.57233031549512, "wrist_angle": -49.90103125560689, "wrist_rotation": 73.65904957579002, "gripper": 42.02320199802458}, "rc-angle-target": {"0": 40.42766968450488, "1": 110.0, "2": 95.0, "3": 70.0, "4": 73.65904957579002}, "rc-pulse-target": {"0": 989.0, "1": 1682.0, "2": 1555.0, "3": 1277.0, "4": 1318.0, "5": 1869.6519700296312}, "reward": 0.0, "annotation": ""}