{"rc-position-target": {"height": 4.842721507726184, "distance": 5.159775184968608, "heading": -46.57233031549512, "wrist_angle": -49.90103125560689, "wrist_rotation": 74.65904957579002, "gripper": 42.02320199802458}, "rc-angle-target": {"0": 43.42766968450488, "1": 112.0, "2": 97.0, "3": 69.0, "4": 74.65904957579002}, "rc-pulse-target": {"0": 1022.0, "1": 1704.0, "2": 1577.0, "3": 1266.0, "4": 1329.0, "5": 1869.6519700296312}, "reward": 0.0, "annotation": ""}