{"rc-position-target": {"height": 4.842721507726184, "distance": 5.859775184968606, "heading": -57.07233031549512, "wrist_angle": -49.90103125560689, "wrist_rotation": 71.15904957579002, "gripper": 42.02320199802458}, "rc-angle-target": {"0": 32.92766968450488, "1": 104.0, "2": 91.0, "3": 71.0, "4": 71.15904957579002}, "rc-pulse-target": {"0": 905.0, "1": 1615.0, "2": 1511.0, "3": 1288.0, "4": 1290.0, "5": 1869.6519700296312}, "reward": 0.0, "annotation": ""}