{"rc-position-target": {"height": 4.842721507726184, "distance": 6.059775184968605, "heading": -60.07233031549512, "wrist_angle": -49.90103125560689, "wrist_rotation": 70.15904957579002, "gripper": 42.02320199802458}, "rc-angle-target": {"0": 29.927669684504878, "1": 102.0, "2": 89.0, "3": 72.0, "4": 70.15904957579002}, "rc-pulse-target": {"0": 872.0, "1": 1593.0, "2": 1488.0, "3": 1300.0, "4": 1279.0, "5": 1869.6519700296312}, "reward": 0.0, "annotation": ""}