{"rc-position-target": {"height": 4.842721507726184, "distance": 6.159775184968605, "heading": -61.57233031549512, "wrist_angle": -49.90103125560689, "wrist_rotation": 69.65904957579002, "gripper": 42.02320199802458}, "rc-angle-target": {"0": 28.427669684504878, "1": 101.0, "2": 88.0, "3": 72.0, "4": 69.65904957579002}, "rc-pulse-target": {"0": 855.0, "1": 1582.0, "2": 1477.0, "3": 1300.0, "4": 1273.0, "5": 1869.6519700296312}, "reward": 0.0, "annotation": ""}