{"rc-position-target": {"height": 4.842721507726184, "distance": 6.559775184968603, "heading": -67.57233031549512, "wrist_angle": -49.90103125560689, "wrist_rotation": 69.63903529995551, "gripper": 42.02320199802458}, "rc-angle-target": {"0": 22.427669684504878, "1": 97.0, "2": 85.0, "3": 72.0, "4": 69.63903529995551}, "rc-pulse-target": {"0": 789.0, "1": 1537.0, "2": 1444.0, "3": 1300.0, "4": 1273.0, "5": 1869.6519700296312}, "reward": 0.0, "annotation": ""}