{"rc-position-target": {"height": 4.842721507726184, "distance": 5.959775184968605, "heading": -58.57233031549512, "wrist_angle": -49.90103125560689, "wrist_rotation": 70.65904957579002, "gripper": 42.02320199802458}, "rc-angle-target": {"0": 31.427669684504878, "1": 103.0, "2": 90.0, "3": 71.0, "4": 70.65904957579002}, "rc-pulse-target": {"0": 889.0, "1": 1604.0, "2": 1500.0, "3": 1288.0, "4": 1285.0, "5": 1869.6519700296312}, "reward": 0.0, "annotation": ""}