{"rc-position-target": {"height": 4.842721507726184, "distance": 5.759775184968606, "heading": -55.57233031549512, "wrist_angle": -49.90103125560689, "wrist_rotation": 71.65904957579002, "gripper": 42.02320199802458}, "rc-angle-target": {"0": 34.42766968450488, "1": 105.0, "2": 92.0, "3": 71.0, "4": 71.65904957579002}, "rc-pulse-target": {"0": 922.0, "1": 1626.0, "2": 1522.0, "3": 1288.0, "4": 1296.0, "5": 1869.6519700296312}, "reward": 0.0, "annotation": ""}