{"rc-position-target": {"height": 4.842721507726184, "distance": 7.3597751849686, "heading": -79.57233031549512, "wrist_angle": -49.90103125560689, "wrist_rotation": 69.63903529995551, "gripper": 42.02320199802458}, "rc-angle-target": {"0": 10.427669684504878, "1": 89.0, "2": 77.0, "3": 73.0, "4": 69.63903529995551}, "rc-pulse-target": {"0": 655.0, "1": 1448.0, "2": 1355.0, "3": 1311.0, "4": 1273.0, "5": 1869.6519700296312}, "reward": 0.0, "annotation": ""}