{"rc-position-target": {"height": 4.842721507726184, "distance": 7.159775184968601, "heading": -76.57233031549512, "wrist_angle": -49.90103125560689, "wrist_rotation": 69.63903529995551, "gripper": 42.02320199802458}, "rc-angle-target": {"0": 13.427669684504878, "1": 91.0, "2": 79.0, "3": 73.0, "4": 69.63903529995551}, "rc-pulse-target": {"0": 689.0, "1": 1471.0, "2": 1377.0, "3": 1311.0, "4": 1273.0, "5": 1869.6519700296312}, "reward": 0.0, "annotation": ""}