{"rc-position-target": {"height": 4.842721507726184, "distance": 7.515093659486074, "heading": -82.57233031549512, "wrist_angle": -49.90103125560689, "wrist_rotation": 69.63903529995551, "gripper": 42.02320199802458}, "rc-angle-target": {"0": 7.4276696845048775, "1": 88.0, "2": 76.0, "3": 73.0, "4": 69.63903529995551}, "rc-pulse-target": {"0": 622.0, "1": 1437.0, "2": 1344.0, "3": 1311.0, "4": 1273.0, "5": 1869.6519700296312}, "reward": 0.0, "annotation": ""}