{"rc-position-target": {"height": 4.842721507726184, "distance": 7.259775184968601, "heading": -78.07233031549512, "wrist_angle": -49.90103125560689, "wrist_rotation": 69.63903529995551, "gripper": 42.02320199802458}, "rc-angle-target": {"0": 11.927669684504878, "1": 90.0, "2": 78.0, "3": 73.0, "4": 69.63903529995551}, "rc-pulse-target": {"0": 672.0, "1": 1460.0, "2": 1366.0, "3": 1311.0, "4": 1273.0, "5": 1869.6519700296312}, "reward": 0.0, "annotation": ""}