{"rc-position-target": {"height": 4.742721507726184, "distance": 7.415093659486074, "heading": -81.07233031549512, "wrist_angle": -51.40103125560689, "wrist_rotation": 69.13903529995551, "gripper": 37.02320199802458}, "rc-angle-target": {"0": 8.927669684504878, "1": 88.0, "2": 77.0, "3": 72.0, "4": 69.13903529995551}, "rc-pulse-target": {"0": 639.0, "1": 1437.0, "2": 1355.0, "3": 1300.0, "4": 1268.0, "5": 1944.6519700296312}, "reward": 0.0, "annotation": ""}