{"rc-position-target": {"height": 4.489864509372531, "distance": 6.5150936594860775, "heading": -67.57233031549512, "wrist_angle": -56.30214217162049, "wrist_rotation": 68.63446354898431, "gripper": 11.884093682859609}, "rc-angle-target": {"0": 22.427669684504878, "1": 97.0, "2": 88.0, "3": 69.0, "4": 68.63446354898431}, "rc-pulse-target": {"0": 789.0, "1": 1537.0, "2": 1477.0, "3": 1266.0, "4": 1262.0, "5": 2321.7385947571056}, "reward": 0.0, "annotation": ""}