{"rc-position-target": {"height": 4.489864509372531, "distance": 7.015093659486076, "heading": -75.07233031549512, "wrist_angle": -56.30214217162049, "wrist_rotation": 68.63446354898431, "gripper": 17.023201998024582}, "rc-angle-target": {"0": 14.927669684504878, "1": 92.0, "2": 83.0, "3": 69.0, "4": 68.63446354898431}, "rc-pulse-target": {"0": 705.0, "1": 1482.0, "2": 1422.0, "3": 1266.0, "4": 1262.0, "5": 2244.6519700296312}, "reward": 0.0, "annotation": ""}