{"rc-position-target": {"height": 4.542721507726185, "distance": 7.215093659486075, "heading": -78.07233031549512, "wrist_angle": -54.40103125560689, "wrist_rotation": 68.63446354898431, "gripper": 27.023201998024582}, "rc-angle-target": {"0": 11.927669684504878, "1": 90.0, "2": 81.0, "3": 71.0, "4": 68.63446354898431}, "rc-pulse-target": {"0": 672.0, "1": 1460.0, "2": 1400.0, "3": 1288.0, "4": 1262.0, "5": 2094.6519700296312}, "reward": 0.0, "annotation": ""}