{"rc-position-target": {"height": 4.6427215077261845, "distance": 7.315093659486075, "heading": -79.57233031549512, "wrist_angle": -52.90103125560689, "wrist_rotation": 68.63903529995551, "gripper": 32.02320199802458}, "rc-angle-target": {"0": 10.427669684504878, "1": 89.0, "2": 79.0, "3": 71.0, "4": 68.63903529995551}, "rc-pulse-target": {"0": 655.0, "1": 1448.0, "2": 1377.0, "3": 1288.0, "4": 1262.0, "5": 2019.6519700296312}, "reward": 0.0, "annotation": ""}