{"rc-position-target": {"height": 4.489864509372531, "distance": 7.115093659486075, "heading": -76.57233031549512, "wrist_angle": -55.90103125560689, "wrist_rotation": 68.63446354898431, "gripper": 22.023201998024582}, "rc-angle-target": {"0": 13.427669684504878, "1": 91.0, "2": 82.0, "3": 69.0, "4": 68.63446354898431}, "rc-pulse-target": {"0": 689.0, "1": 1471.0, "2": 1411.0, "3": 1266.0, "4": 1262.0, "5": 2169.6519700296312}, "reward": 0.0, "annotation": ""}