{"rc-position-target": {"height": 4.489864509372531, "distance": 6.915093659486076, "heading": -73.57233031549512, "wrist_angle": -56.30214217162049, "wrist_rotation": 68.63446354898431, "gripper": 12.023201998024582}, "rc-angle-target": {"0": 16.427669684504878, "1": 93.0, "2": 84.0, "3": 69.0, "4": 68.63446354898431}, "rc-pulse-target": {"0": 722.0, "1": 1493.0, "2": 1433.0, "3": 1266.0, "4": 1262.0, "5": 2319.6519700296312}, "reward": 0.0, "annotation": ""}