{"rc-position-target": {"height": 4.489864509372531, "distance": 6.315093659486078, "heading": -64.57233031549512, "wrist_angle": -56.30214217162049, "wrist_rotation": 68.63446354898431, "gripper": 11.884093682859609}, "rc-angle-target": {"0": 25.427669684504878, "1": 99.0, "2": 89.0, "3": 68.0, "4": 68.63446354898431}, "rc-pulse-target": {"0": 822.0, "1": 1560.0, "2": 1488.0, "3": 1255.0, "4": 1262.0, "5": 2321.7385947571056}, "reward": 0.0, "annotation": ""}