{"rc-position-target": {"height": 4.489864509372531, "distance": 5.615093659486081, "heading": -54.07233031549512, "wrist_angle": -56.30214217162049, "wrist_rotation": 68.63446354898431, "gripper": 11.884093682859609}, "rc-angle-target": {"0": 35.92766968450488, "1": 107.0, "2": 95.0, "3": 67.0, "4": 68.63446354898431}, "rc-pulse-target": {"0": 939.0, "1": 1648.0, "2": 1555.0, "3": 1244.0, "4": 1262.0, "5": 2321.7385947571056}, "reward": 0.0, "annotation": ""}