{"rc-position-target": {"height": 4.489864509372531, "distance": 5.71509365948608, "heading": -55.57233031549512, "wrist_angle": -56.30214217162049, "wrist_rotation": 68.63446354898431, "gripper": 11.884093682859609}, "rc-angle-target": {"0": 34.42766968450488, "1": 106.0, "2": 95.0, "3": 67.0, "4": 68.63446354898431}, "rc-pulse-target": {"0": 922.0, "1": 1637.0, "2": 1555.0, "3": 1244.0, "4": 1262.0, "5": 2321.7385947571056}, "reward": 0.0, "annotation": ""}