{"rc-position-target": {"height": 4.489864509372531, "distance": 5.81509365948608, "heading": -57.07233031549512, "wrist_angle": -56.30214217162049, "wrist_rotation": 68.63446354898431, "gripper": 11.884093682859609}, "rc-angle-target": {"0": 32.92766968450488, "1": 104.0, "2": 94.0, "3": 68.0, "4": 68.63446354898431}, "rc-pulse-target": {"0": 905.0, "1": 1615.0, "2": 1544.0, "3": 1255.0, "4": 1262.0, "5": 2321.7385947571056}, "reward": 0.0, "annotation": ""}