{"rc-position-target": {"height": 4.489864509372531, "distance": 5.515093659486081, "heading": -52.57233031549512, "wrist_angle": -56.30214217162049, "wrist_rotation": 68.63446354898431, "gripper": 11.884093682859609}, "rc-angle-target": {"0": 37.42766968450488, "1": 108.0, "2": 96.0, "3": 67.0, "4": 68.63446354898431}, "rc-pulse-target": {"0": 955.0, "1": 1660.0, "2": 1566.0, "3": 1244.0, "4": 1262.0, "5": 2321.7385947571056}, "reward": 0.0, "annotation": ""}