{"rc-position-target": {"height": 4.489864509372531, "distance": 5.315093659486082, "heading": -49.57233031549512, "wrist_angle": -56.30214217162049, "wrist_rotation": 68.63446354898431, "gripper": 11.884093682859609}, "rc-angle-target": {"0": 40.42766968450488, "1": 110.0, "2": 98.0, "3": 66.0, "4": 68.63446354898431}, "rc-pulse-target": {"0": 989.0, "1": 1682.0, "2": 1588.0, "3": 1233.0, "4": 1262.0, "5": 2321.7385947571056}, "reward": 0.0, "annotation": ""}