{"rc-position-target": {"height": 4.489864509372531, "distance": 4.815093659486084, "heading": -42.07233031549512, "wrist_angle": -56.30214217162049, "wrist_rotation": 68.63446354898431, "gripper": 11.884093682859609}, "rc-angle-target": {"0": 47.92766968450488, "1": 116.0, "2": 102.0, "3": 64.0, "4": 68.63446354898431}, "rc-pulse-target": {"0": 1072.0, "1": 1748.0, "2": 1633.0, "3": 1211.0, "4": 1262.0, "5": 2321.7385947571056}, "reward": 0.0, "annotation": ""}