{"rc-position-target": {"height": 4.489864509372531, "distance": 4.415093659486085, "heading": -36.07233031549512, "wrist_angle": -56.30214217162049, "wrist_rotation": 68.63446354898431, "gripper": 11.884093682859609}, "rc-angle-target": {"0": 53.92766968450488, "1": 120.0, "2": 105.0, "3": 63.0, "4": 68.63446354898431}, "rc-pulse-target": {"0": 1139.0, "1": 1793.0, "2": 1666.0, "3": 1200.0, "4": 1262.0, "5": 2321.7385947571056}, "reward": 0.0, "annotation": ""}