{"rc-position-target": {"height": 4.489864509372531, "distance": 5.015093659486083, "heading": -45.07233031549512, "wrist_angle": -56.30214217162049, "wrist_rotation": 68.63446354898431, "gripper": 11.884093682859609}, "rc-angle-target": {"0": 44.92766968450488, "1": 113.0, "2": 100.0, "3": 65.0, "4": 68.63446354898431}, "rc-pulse-target": {"0": 1039.0, "1": 1715.0, "2": 1611.0, "3": 1222.0, "4": 1262.0, "5": 2321.7385947571056}, "reward": 0.0, "annotation": ""}