{"rc-position-target": {"height": 4.489864509372531, "distance": 4.515093659486085, "heading": -37.57233031549512, "wrist_angle": -56.30214217162049, "wrist_rotation": 68.63446354898431, "gripper": 11.884093682859609}, "rc-angle-target": {"0": 52.42766968450488, "1": 119.0, "2": 104.0, "3": 63.0, "4": 68.63446354898431}, "rc-pulse-target": {"0": 1122.0, "1": 1782.0, "2": 1655.0, "3": 1200.0, "4": 1262.0, "5": 2321.7385947571056}, "reward": 0.0, "annotation": ""}