{"rc-position-target": {"height": 4.489864509372531, "distance": 4.715093659486084, "heading": -40.57233031549512, "wrist_angle": -56.30214217162049, "wrist_rotation": 68.63446354898431, "gripper": 11.884093682859609}, "rc-angle-target": {"0": 49.42766968450488, "1": 117.0, "2": 103.0, "3": 64.0, "4": 68.63446354898431}, "rc-pulse-target": {"0": 1089.0, "1": 1760.0, "2": 1644.0, "3": 1211.0, "4": 1262.0, "5": 2321.7385947571056}, "reward": 0.0, "annotation": ""}