{"rc-position-target": {"height": 4.489864509372531, "distance": 3.715093659486086, "heading": -25.572330315495122, "wrist_angle": -56.30214217162049, "wrist_rotation": 68.63446354898431, "gripper": 11.884093682859609}, "rc-angle-target": {"0": 64.42766968450488, "1": 129.0, "2": 110.0, "3": 59.0, "4": 68.63446354898431}, "rc-pulse-target": {"0": 1255.0, "1": 1893.0, "2": 1722.0, "3": 1155.0, "4": 1262.0, "5": 2321.7385947571056}, "reward": 0.0, "annotation": ""}