{"rc-position-target": {"height": 4.489864509372531, "distance": 3.415093659486086, "heading": -21.072330315495122, "wrist_angle": -56.30214217162049, "wrist_rotation": 68.63446354898431, "gripper": 11.884093682859609}, "rc-angle-target": {"0": 68.92766968450488, "1": 133.0, "2": 111.0, "3": 57.0, "4": 68.63446354898431}, "rc-pulse-target": {"0": 1305.0, "1": 1937.0, "2": 1733.0, "3": 1133.0, "4": 1262.0, "5": 2321.7385947571056}, "reward": 0.0, "annotation": ""}