{"rc-position-target": {"height": 4.489864509372531, "distance": 3.9150936594860863, "heading": -28.572330315495122, "wrist_angle": -56.30214217162049, "wrist_rotation": 68.63446354898431, "gripper": 11.884093682859609}, "rc-angle-target": {"0": 61.42766968450488, "1": 126.0, "2": 108.0, "3": 60.0, "4": 68.63446354898431}, "rc-pulse-target": {"0": 1222.0, "1": 1860.0, "2": 1700.0, "3": 1166.0, "4": 1262.0, "5": 2321.7385947571056}, "reward": 0.0, "annotation": ""}