{"rc-position-target": {"height": 4.489864509372531, "distance": 3.8150936594860863, "heading": -27.072330315495122, "wrist_angle": -56.30214217162049, "wrist_rotation": 68.63446354898431, "gripper": 11.884093682859609}, "rc-angle-target": {"0": 62.92766968450488, "1": 128.0, "2": 109.0, "3": 59.0, "4": 68.63446354898431}, "rc-pulse-target": {"0": 1239.0, "1": 1882.0, "2": 1711.0, "3": 1155.0, "4": 1262.0, "5": 2321.7385947571056}, "reward": 0.0, "annotation": ""}