{"rc-position-target": {"height": 4.489864509372531, "distance": 4.315093659486085, "heading": -34.57233031549512, "wrist_angle": -56.30214217162049, "wrist_rotation": 68.63446354898431, "gripper": 11.884093682859609}, "rc-angle-target": {"0": 55.42766968450488, "1": 122.0, "2": 106.0, "3": 62.0, "4": 68.63446354898431}, "rc-pulse-target": {"0": 1155.0, "1": 1815.0, "2": 1677.0, "3": 1188.0, "4": 1262.0, "5": 2321.7385947571056}, "reward": 0.0, "annotation": ""}