{"rc-position-target": {"height": 4.489864509372531, "distance": 3.315093659486086, "heading": -19.572330315495122, "wrist_angle": -56.30214217162049, "wrist_rotation": 68.63446354898431, "gripper": 11.884093682859609}, "rc-angle-target": {"0": 70.42766968450488, "1": 134.0, "2": 112.0, "3": 56.0, "4": 68.63446354898431}, "rc-pulse-target": {"0": 1322.0, "1": 1948.0, "2": 1744.0, "3": 1122.0, "4": 1262.0, "5": 2321.7385947571056}, "reward": 0.0, "annotation": ""}