{"rc-position-target": {"height": 4.489864509372531, "distance": 3.2400029240278756, "heading": 1.4276696845048775, "wrist_angle": -56.30214217162049, "wrist_rotation": 68.63446354898431, "gripper": 11.884093682859609}, "rc-angle-target": {"0": 91.42766968450488, "1": 135.0, "2": 113.0, "3": 55.0, "4": 68.63446354898431}, "rc-pulse-target": {"0": 1555.0, "1": 1960.0, "2": 1755.0, "3": 1111.0, "4": 1262.0, "5": 2321.7385947571056}, "reward": 0.0, "annotation": ""}