{"rc-position-target": {"height": 4.100000000000003, "distance": 5.899999999999997, "heading": -13.5, "wrist_angle": -56.796266244162325, "wrist_rotation": 79.5, "gripper": 55.0}, "rc-angle-target": {"0": 76.5, "1": 103.0, "2": 95.0, "3": 70.0, "4": 79.5}, "rc-pulse-target": {"0": 1390.0, "1": 1604.0, "2": 1555.0, "3": 1277.0, "4": 1383.0, "5": 1675.0}, "reward": 0.0, "annotation": ""}