{"rc-position-target": {"height": 3.9000000000000035, "distance": 6.099999999999996, "heading": -16.5, "wrist_angle": -56.796266244162325, "wrist_rotation": 80.5, "gripper": 45.0}, "rc-angle-target": {"0": 73.5, "1": 100.0, "2": 95.0, "3": 72.0, "4": 80.5}, "rc-pulse-target": {"0": 1356.0, "1": 1571.0, "2": 1555.0, "3": 1300.0, "4": 1394.0, "5": 1825.0}, "reward": 0.0, "annotation": ""}