{"rc-position-target": {"height": 3.200000000000003, "distance": 6.799999999999994, "heading": -27.0, "wrist_angle": -56.796266244162325, "wrist_rotation": 84.0, "gripper": 10.0}, "rc-angle-target": {"0": 63.0, "1": 91.0, "2": 92.0, "3": 79.0, "4": 84.0}, "rc-pulse-target": {"0": 1240.0, "1": 1471.0, "2": 1522.0, "3": 1377.0, "4": 1433.0, "5": 2350.0}, "reward": 0.0, "annotation": ""}