{"rc-position-target": {"height": 3.300000000000003, "distance": 6.699999999999994, "heading": -25.5, "wrist_angle": -56.796266244162325, "wrist_rotation": 83.5, "gripper": 15.0}, "rc-angle-target": {"0": 64.5, "1": 92.0, "2": 92.0, "3": 78.0, "4": 83.5}, "rc-pulse-target": {"0": 1256.0, "1": 1482.0, "2": 1522.0, "3": 1366.0, "4": 1427.0, "5": 2275.0}, "reward": 0.0, "annotation": ""}