{"rc-position-target": {"height": 3.8000000000000034, "distance": 6.199999999999996, "heading": -18.0, "wrist_angle": -56.796266244162325, "wrist_rotation": 81.0, "gripper": 40.0}, "rc-angle-target": {"0": 72.0, "1": 99.0, "2": 95.0, "3": 73.0, "4": 81.0}, "rc-pulse-target": {"0": 1340.0, "1": 1560.0, "2": 1555.0, "3": 1311.0, "4": 1400.0, "5": 1900.0}, "reward": 0.0, "annotation": ""}