{"rc-position-target": {"height": 3.7000000000000033, "distance": 6.299999999999995, "heading": -19.5, "wrist_angle": -56.796266244162325, "wrist_rotation": 81.5, "gripper": 35.0}, "rc-angle-target": {"0": 70.5, "1": 98.0, "2": 94.0, "3": 74.0, "4": 81.5}, "rc-pulse-target": {"0": 1323.0, "1": 1548.0, "2": 1544.0, "3": 1322.0, "4": 1405.0, "5": 1975.0}, "reward": 0.0, "annotation": ""}