{"rc-position-target": {"height": 3.1000000000000028, "distance": 6.899999999999993, "heading": -28.5, "wrist_angle": -56.796266244162325, "wrist_rotation": 84.5, "gripper": 5.0}, "rc-angle-target": {"0": 61.5, "1": 89.0, "2": 91.0, "3": 80.0, "4": 84.5}, "rc-pulse-target": {"0": 1223.0, "1": 1448.0, "2": 1511.0, "3": 1388.0, "4": 1438.0, "5": 2425.0}, "reward": 0.0, "annotation": ""}