{"rc-position-target": {"height": 4.0000000000000036, "distance": 5.9999999999999964, "heading": -15.0, "wrist_angle": -56.796266244162325, "wrist_rotation": 80.0, "gripper": 50.0}, "rc-angle-target": {"0": 75.0, "1": 101.0, "2": 95.0, "3": 71.0, "4": 80.0}, "rc-pulse-target": {"0": 1373.0, "1": 1582.0, "2": 1555.0, "3": 1288.0, "4": 1388.0, "5": 1750.0}, "reward": 0.0, "annotation": ""}