{"rc-position-target": {"height": 2.6000000000000023, "distance": 7.3999999999999915, "heading": -36.0, "wrist_angle": -56.796266244162325, "wrist_rotation": 87.0, "gripper": 2.8950327310785506}, "rc-angle-target": {"0": 54.0, "1": 82.0, "2": 88.0, "3": 84.0, "4": 87.0}, "rc-pulse-target": {"0": 1140.0, "1": 1371.0, "2": 1477.0, "3": 1433.0, "4": 1466.0, "5": 2456.574509033822}, "reward": 0.0, "annotation": ""}