{"rc-position-target": {"height": 2.400000000000002, "distance": 7.599999999999991, "heading": -39.0, "wrist_angle": -56.796266244162325, "wrist_rotation": 88.0, "gripper": 2.8950327310785506}, "rc-angle-target": {"0": 51.0, "1": 80.0, "2": 87.0, "3": 85.0, "4": 88.0}, "rc-pulse-target": {"0": 1106.0, "1": 1348.0, "2": 1466.0, "3": 1444.0, "4": 1477.0, "5": 2456.574509033822}, "reward": 0.0, "annotation": ""}