{"rc-position-target": {"height": 2.300000000000002, "distance": 7.69999999999999, "heading": -40.5, "wrist_angle": -56.796266244162325, "wrist_rotation": 88.5, "gripper": 2.8950327310785506}, "rc-angle-target": {"0": 49.5, "1": 78.0, "2": 86.0, "3": 86.0, "4": 88.5}, "rc-pulse-target": {"0": 1090.0, "1": 1326.0, "2": 1455.0, "3": 1455.0, "4": 1483.0, "5": 2456.574509033822}, "reward": 0.0, "annotation": ""}