{"rc-position-target": {"height": 2.200000000000002, "distance": 7.79999999999999, "heading": -42.0, "wrist_angle": -56.796266244162325, "wrist_rotation": 88.57108313674166, "gripper": 2.8950327310785506}, "rc-angle-target": {"0": 48.0, "1": 77.0, "2": 85.0, "3": 86.0, "4": 88.57108313674166}, "rc-pulse-target": {"0": 1073.0, "1": 1315.0, "2": 1444.0, "3": 1455.0, "4": 1484.0, "5": 2456.574509033822}, "reward": 0.0, "annotation": ""}