{"rc-position-target": {"height": 2.7000000000000024, "distance": 7.299999999999992, "heading": -34.5, "wrist_angle": -56.796266244162325, "wrist_rotation": 86.5, "gripper": 2.8950327310785506}, "rc-angle-target": {"0": 55.5, "1": 84.0, "2": 89.0, "3": 83.0, "4": 86.5}, "rc-pulse-target": {"0": 1156.0, "1": 1393.0, "2": 1488.0, "3": 1422.0, "4": 1461.0, "5": 2456.574509033822}, "reward": 0.0, "annotation": ""}