{"rc-position-target": {"height": 2.100000000000002, "distance": 7.89999999999999, "heading": -43.5, "wrist_angle": -56.796266244162325, "wrist_rotation": 88.57108313674166, "gripper": 2.8950327310785506}, "rc-angle-target": {"0": 46.5, "1": 75.0, "2": 85.0, "3": 87.0, "4": 88.57108313674166}, "rc-pulse-target": {"0": 1056.0, "1": 1293.0, "2": 1444.0, "3": 1466.0, "4": 1484.0, "5": 2456.574509033822}, "reward": 0.0, "annotation": ""}