{"rc-position-target": {"height": 3.0000000000000027, "distance": 6.999999999999993, "heading": -30.0, "wrist_angle": -56.796266244162325, "wrist_rotation": 85.0, "gripper": 2.8950327310785506}, "rc-angle-target": {"0": 60.0, "1": 88.0, "2": 91.0, "3": 81.0, "4": 85.0}, "rc-pulse-target": {"0": 1206.0, "1": 1437.0, "2": 1511.0, "3": 1400.0, "4": 1444.0, "5": 2456.574509033822}, "reward": 0.0, "annotation": ""}