{"rc-position-target": {"height": 2.9000000000000026, "distance": 7.0999999999999925, "heading": -31.5, "wrist_angle": -56.796266244162325, "wrist_rotation": 85.5, "gripper": 2.8950327310785506}, "rc-angle-target": {"0": 58.5, "1": 87.0, "2": 90.0, "3": 81.0, "4": 85.5}, "rc-pulse-target": {"0": 1190.0, "1": 1426.0, "2": 1500.0, "3": 1400.0, "4": 1450.0, "5": 2456.574509033822}, "reward": 0.0, "annotation": ""}