{"rc-position-target": {"height": 2.8000000000000025, "distance": 7.199999999999992, "heading": -33.0, "wrist_angle": -56.796266244162325, "wrist_rotation": 86.0, "gripper": 2.8950327310785506}, "rc-angle-target": {"0": 57.0, "1": 85.0, "2": 90.0, "3": 82.0, "4": 86.0}, "rc-pulse-target": {"0": 1173.0, "1": 1404.0, "2": 1500.0, "3": 1411.0, "4": 1455.0, "5": 2456.574509033822}, "reward": 0.0, "annotation": ""}