{"rc-position-target": {"height": 2.500000000000002, "distance": 7.499999999999991, "heading": -37.5, "wrist_angle": -56.796266244162325, "wrist_rotation": 87.5, "gripper": 2.8950327310785506}, "rc-angle-target": {"0": 52.5, "1": 81.0, "2": 88.0, "3": 84.0, "4": 87.5}, "rc-pulse-target": {"0": 1123.0, "1": 1360.0, "2": 1477.0, "3": 1433.0, "4": 1472.0, "5": 2456.574509033822}, "reward": 0.0, "annotation": ""}