{"rc-position-target": {"height": 1.7239167877340291, "distance": 8.599999999999987, "heading": -54.0, "wrist_angle": -56.796266244162325, "wrist_rotation": 88.57108313674166, "gripper": 2.8950327310785506}, "rc-angle-target": {"0": 36.0, "1": 67.0, "2": 78.0, "3": 88.0, "4": 88.57108313674166}, "rc-pulse-target": {"0": 940.0, "1": 1204.0, "2": 1366.0, "3": 1477.0, "4": 1484.0, "5": 2456.574509033822}, "reward": 0.0, "annotation": ""}