{"rc-position-target": {"height": 1.7239167877340291, "distance": 8.299999999999988, "heading": -49.5, "wrist_angle": -56.796266244162325, "wrist_rotation": 88.57108313674166, "gripper": 2.8950327310785506}, "rc-angle-target": {"0": 40.5, "1": 70.0, "2": 81.0, "3": 89.0, "4": 88.57108313674166}, "rc-pulse-target": {"0": 990.0, "1": 1237.0, "2": 1400.0, "3": 1488.0, "4": 1484.0, "5": 2456.574509033822}, "reward": 0.0, "annotation": ""}