{"rc-position-target": {"height": 1.7239167877340291, "distance": 8.799999999999986, "heading": -57.0, "wrist_angle": -56.796266244162325, "wrist_rotation": 88.57108313674166, "gripper": 2.8950327310785506}, "rc-angle-target": {"0": 33.0, "1": 66.0, "2": 75.0, "3": 87.0, "4": 88.57108313674166}, "rc-pulse-target": {"0": 906.0, "1": 1193.0, "2": 1333.0, "3": 1466.0, "4": 1484.0, "5": 2456.574509033822}, "reward": 0.0, "annotation": ""}