{"rc-position-target": {"height": 1.9000000000000017, "distance": 8.099999999999989, "heading": -46.5, "wrist_angle": -56.796266244162325, "wrist_rotation": 88.57108313674166, "gripper": 2.8950327310785506}, "rc-angle-target": {"0": 43.5, "1": 73.0, "2": 83.0, "3": 88.0, "4": 88.57108313674166}, "rc-pulse-target": {"0": 1023.0, "1": 1271.0, "2": 1422.0, "3": 1477.0, "4": 1484.0, "5": 2456.574509033822}, "reward": 0.0, "annotation": ""}