{"rc-position-target": {"height": 1.7239167877340291, "distance": 8.899999999999986, "heading": -58.5, "wrist_angle": -56.796266244162325, "wrist_rotation": 88.57108313674166, "gripper": 2.8950327310785506}, "rc-angle-target": {"0": 31.5, "1": 65.0, "2": 74.0, "3": 87.0, "4": 88.57108313674166}, "rc-pulse-target": {"0": 890.0, "1": 1182.0, "2": 1322.0, "3": 1466.0, "4": 1484.0, "5": 2456.574509033822}, "reward": 0.0, "annotation": ""}