{"rc-position-target": {"height": 2.0000000000000018, "distance": 7.999999999999989, "heading": -45.0, "wrist_angle": -56.796266244162325, "wrist_rotation": 88.57108313674166, "gripper": 2.8950327310785506}, "rc-angle-target": {"0": 45.0, "1": 74.0, "2": 84.0, "3": 87.0, "4": 88.57108313674166}, "rc-pulse-target": {"0": 1040.0, "1": 1282.0, "2": 1433.0, "3": 1466.0, "4": 1484.0, "5": 2456.574509033822}, "reward": 0.0, "annotation": ""}