{"rc-position-target": {"height": 1.7239167877340291, "distance": 8.699999999999987, "heading": -55.5, "wrist_angle": -56.796266244162325, "wrist_rotation": 88.57108313674166, "gripper": 2.8950327310785506}, "rc-angle-target": {"0": 34.5, "1": 67.0, "2": 76.0, "3": 88.0, "4": 88.57108313674166}, "rc-pulse-target": {"0": 923.0, "1": 1204.0, "2": 1344.0, "3": 1477.0, "4": 1484.0, "5": 2456.574509033822}, "reward": 0.0, "annotation": ""}