{"rc-position-target": {"height": 1.7239167877340291, "distance": 8.499999999999988, "heading": -52.5, "wrist_angle": -56.796266244162325, "wrist_rotation": 88.57108313674166, "gripper": 2.8950327310785506}, "rc-angle-target": {"0": 37.5, "1": 68.0, "2": 79.0, "3": 88.0, "4": 88.57108313674166}, "rc-pulse-target": {"0": 956.0, "1": 1215.0, "2": 1377.0, "3": 1477.0, "4": 1484.0, "5": 2456.574509033822}, "reward": 0.0, "annotation": ""}