{"rc-position-target": {"height": 1.8000000000000016, "distance": 8.199999999999989, "heading": -48.0, "wrist_angle": -56.796266244162325, "wrist_rotation": 88.57108313674166, "gripper": 2.8950327310785506}, "rc-angle-target": {"0": 42.0, "1": 71.0, "2": 82.0, "3": 88.0, "4": 88.57108313674166}, "rc-pulse-target": {"0": 1006.0, "1": 1248.0, "2": 1411.0, "3": 1477.0, "4": 1484.0, "5": 2456.574509033822}, "reward": 0.0, "annotation": ""}