{"rc-position-target": {"height": 1.7239167877340291, "distance": 9.071361881073926, "heading": -79.5, "wrist_angle": -56.796266244162325, "wrist_rotation": 88.57108313674166, "gripper": 2.8950327310785506}, "rc-angle-target": {"0": 10.5, "1": 63.0, "2": 72.0, "3": 86.0, "4": 88.57108313674166}, "rc-pulse-target": {"0": 656.0, "1": 1160.0, "2": 1300.0, "3": 1455.0, "4": 1484.0, "5": 2456.574509033822}, "reward": 0.0, "annotation": ""}