{"rc-position-target": {"height": 2.1239167877340295, "distance": 8.671361881073928, "heading": -76.5, "wrist_angle": -50.796266244162325, "wrist_rotation": 86.57108313674166, "gripper": 22.89503273107855}, "rc-angle-target": {"0": 13.5, "1": 69.0, "2": 76.0, "3": 91.0, "4": 86.57108313674166}, "rc-pulse-target": {"0": 690.0, "1": 1226.0, "2": 1344.0, "3": 1511.0, "4": 1461.0, "5": 2156.574509033822}, "reward": 0.0, "annotation": ""}