{"rc-position-target": {"height": 1.8239167877340292, "distance": 8.971361881073927, "heading": -81.0, "wrist_angle": -55.296266244162325, "wrist_rotation": 88.07108313674166, "gripper": 7.895032731078551}, "rc-angle-target": {"0": 9.0, "1": 65.0, "2": 73.0, "3": 88.0, "4": 88.07108313674166}, "rc-pulse-target": {"0": 640.0, "1": 1182.0, "2": 1311.0, "3": 1477.0, "4": 1478.0, "5": 2381.574509033822}, "reward": 0.0, "annotation": ""}