{"rc-position-target": {"height": 2.0239167877340294, "distance": 8.771361881073927, "heading": -78.0, "wrist_angle": -52.296266244162325, "wrist_rotation": 87.07108313674166, "gripper": 17.89503273107855}, "rc-angle-target": {"0": 12.0, "1": 67.0, "2": 75.0, "3": 90.0, "4": 87.07108313674166}, "rc-pulse-target": {"0": 673.0, "1": 1204.0, "2": 1333.0, "3": 1500.0, "4": 1467.0, "5": 2231.574509033822}, "reward": 0.0, "annotation": ""}