{"rc-position-target": {"height": 1.9239167877340293, "distance": 8.871361881073927, "heading": -79.5, "wrist_angle": -53.796266244162325, "wrist_rotation": 87.57108313674166, "gripper": 12.895032731078551}, "rc-angle-target": {"0": 10.5, "1": 66.0, "2": 74.0, "3": 89.0, "4": 87.57108313674166}, "rc-pulse-target": {"0": 656.0, "1": 1193.0, "2": 1322.0, "3": 1488.0, "4": 1473.0, "5": 2306.574509033822}, "reward": 0.0, "annotation": ""}