{"rc-position-target": {"height": 2.1334884989118286, "distance": 8.07136188107393, "heading": -67.5, "wrist_angle": -41.796266244162325, "wrist_rotation": 83.57108313674166, "gripper": 52.89503273107855}, "rc-angle-target": {"0": 22.5, "1": 74.0, "2": 83.0, "3": 101.0, "4": 83.57108313674166}, "rc-pulse-target": {"0": 790.0, "1": 1282.0, "2": 1422.0, "3": 1622.0, "4": 1428.0, "5": 1706.5745090338219}, "reward": 0.0, "annotation": ""}