{"rc-position-target": {"height": 2.1334884989118286, "distance": 8.471361881073928, "heading": -73.5, "wrist_angle": -47.796266244162325, "wrist_rotation": 85.57108313674166, "gripper": 32.89503273107855}, "rc-angle-target": {"0": 16.5, "1": 70.0, "2": 78.0, "3": 94.0, "4": 85.57108313674166}, "rc-pulse-target": {"0": 723.0, "1": 1237.0, "2": 1366.0, "3": 1544.0, "4": 1450.0, "5": 2006.5745090338219}, "reward": 0.0, "annotation": ""}