{"rc-position-target": {"height": 2.1334884989118286, "distance": 8.571361881073928, "heading": -75.0, "wrist_angle": -49.296266244162325, "wrist_rotation": 86.07108313674166, "gripper": 27.89503273107855}, "rc-angle-target": {"0": 15.0, "1": 70.0, "2": 77.0, "3": 93.0, "4": 86.07108313674166}, "rc-pulse-target": {"0": 706.0, "1": 1237.0, "2": 1355.0, "3": 1533.0, "4": 1456.0, "5": 2081.574509033822}, "reward": 0.0, "annotation": ""}