{"rc-position-target": {"height": 2.1334884989118286, "distance": 8.371361881073929, "heading": -72.0, "wrist_angle": -46.296266244162325, "wrist_rotation": 85.07108313674166, "gripper": 37.89503273107855}, "rc-angle-target": {"0": 18.0, "1": 71.0, "2": 79.0, "3": 96.0, "4": 85.07108313674166}, "rc-pulse-target": {"0": 740.0, "1": 1248.0, "2": 1377.0, "3": 1566.0, "4": 1445.0, "5": 1931.5745090338219}, "reward": 0.0, "annotation": ""}