{"rc-position-target": {"height": 2.1334884989118286, "distance": 7.771361881073931, "heading": -63.0, "wrist_angle": -39.191950647775194, "wrist_rotation": 82.07108313674166, "gripper": 67.89503273107854}, "rc-angle-target": {"0": 27.0, "1": 77.0, "2": 86.0, "3": 104.0, "4": 82.07108313674166}, "rc-pulse-target": {"0": 840.0, "1": 1315.0, "2": 1455.0, "3": 1655.0, "4": 1411.0, "5": 1481.5745090338219}, "reward": 0.0, "annotation": ""}