{"rc-position-target": {"height": 2.1334884989118286, "distance": 8.27136188107393, "heading": -70.5, "wrist_angle": -44.796266244162325, "wrist_rotation": 84.57108313674166, "gripper": 42.89503273107855}, "rc-angle-target": {"0": 19.5, "1": 72.0, "2": 80.0, "3": 98.0, "4": 84.57108313674166}, "rc-pulse-target": {"0": 756.0, "1": 1260.0, "2": 1388.0, "3": 1588.0, "4": 1439.0, "5": 1856.5745090338219}, "reward": 0.0, "annotation": ""}