{"rc-position-target": {"height": 2.1334884989118286, "distance": 7.97136188107393, "heading": -66.0, "wrist_angle": -40.296266244162325, "wrist_rotation": 83.07108313674166, "gripper": 57.89503273107855}, "rc-angle-target": {"0": 24.0, "1": 75.0, "2": 84.0, "3": 103.0, "4": 83.07108313674166}, "rc-pulse-target": {"0": 806.0, "1": 1293.0, "2": 1433.0, "3": 1644.0, "4": 1423.0, "5": 1631.5745090338219}, "reward": 0.0, "annotation": ""}