{"rc-position-target": {"height": 2.1334884989118286, "distance": 7.8713618810739305, "heading": -64.5, "wrist_angle": -39.191950647775194, "wrist_rotation": 82.57108313674166, "gripper": 62.89503273107855}, "rc-angle-target": {"0": 25.5, "1": 76.0, "2": 85.0, "3": 104.0, "4": 82.57108313674166}, "rc-pulse-target": {"0": 823.0, "1": 1304.0, "2": 1444.0, "3": 1655.0, "4": 1417.0, "5": 1556.5745090338219}, "reward": 0.0, "annotation": ""}