{"rc-position-target": {"height": 2.1334884989118286, "distance": 7.671361881073931, "heading": -61.5, "wrist_angle": -39.191950647775194, "wrist_rotation": 81.57108313674166, "gripper": 72.89503273107854}, "rc-angle-target": {"0": 28.5, "1": 78.0, "2": 87.0, "3": 105.0, "4": 81.57108313674166}, "rc-pulse-target": {"0": 856.0, "1": 1326.0, "2": 1466.0, "3": 1666.0, "4": 1406.0, "5": 1406.5745090338219}, "reward": 0.0, "annotation": ""}