{"rc-position-target": {"height": 2.1334884989118286, "distance": 8.17136188107393, "heading": -69.0, "wrist_angle": -43.296266244162325, "wrist_rotation": 84.07108313674166, "gripper": 47.89503273107855}, "rc-angle-target": {"0": 21.0, "1": 73.0, "2": 81.0, "3": 100.0, "4": 84.07108313674166}, "rc-pulse-target": {"0": 773.0, "1": 1271.0, "2": 1400.0, "3": 1611.0, "4": 1434.0, "5": 1781.5745090338219}, "reward": 0.0, "annotation": ""}