{"rc-position-target": {"height": 2.1334884989118286, "distance": 7.171361881073933, "heading": -54.0, "wrist_angle": -39.191950647775194, "wrist_rotation": 79.07108313674166, "gripper": 75.24745777053847}, "rc-angle-target": {"0": 36.0, "1": 82.0, "2": 92.0, "3": 105.0, "4": 79.07108313674166}, "rc-pulse-target": {"0": 940.0, "1": 1371.0, "2": 1522.0, "3": 1666.0, "4": 1378.0, "5": 1371.2881334419228}, "reward": 0.0, "annotation": ""}