{"rc-position-target": {"height": 2.1334884989118286, "distance": 7.071361881073933, "heading": -52.5, "wrist_angle": -39.191950647775194, "wrist_rotation": 78.57108313674166, "gripper": 75.24745777053847}, "rc-angle-target": {"0": 37.5, "1": 83.0, "2": 93.0, "3": 105.0, "4": 78.57108313674166}, "rc-pulse-target": {"0": 956.0, "1": 1382.0, "2": 1533.0, "3": 1666.0, "4": 1373.0, "5": 1371.2881334419228}, "reward": 0.0, "annotation": ""}