{"rc-position-target": {"height": 2.1334884989118286, "distance": 6.671361881073935, "heading": -46.5, "wrist_angle": -39.191950647775194, "wrist_rotation": 76.57108313674166, "gripper": 75.24745777053847}, "rc-angle-target": {"0": 43.5, "1": 87.0, "2": 97.0, "3": 106.0, "4": 76.57108313674166}, "rc-pulse-target": {"0": 1023.0, "1": 1426.0, "2": 1577.0, "3": 1677.0, "4": 1350.0, "5": 1371.2881334419228}, "reward": 0.0, "annotation": ""}