{"rc-position-target": {"height": 2.1334884989118286, "distance": 7.571361881073932, "heading": -60.0, "wrist_angle": -39.191950647775194, "wrist_rotation": 81.07108313674166, "gripper": 75.24745777053847}, "rc-angle-target": {"0": 30.0, "1": 79.0, "2": 88.0, "3": 105.0, "4": 81.07108313674166}, "rc-pulse-target": {"0": 873.0, "1": 1337.0, "2": 1477.0, "3": 1666.0, "4": 1400.0, "5": 1371.2881334419228}, "reward": 0.0, "annotation": ""}