{"rc-position-target": {"height": 2.1334884989118286, "distance": 7.471361881073932, "heading": -58.5, "wrist_angle": -39.191950647775194, "wrist_rotation": 80.57108313674166, "gripper": 75.24745777053847}, "rc-angle-target": {"0": 31.5, "1": 80.0, "2": 89.0, "3": 105.0, "4": 80.57108313674166}, "rc-pulse-target": {"0": 890.0, "1": 1348.0, "2": 1488.0, "3": 1666.0, "4": 1395.0, "5": 1371.2881334419228}, "reward": 0.0, "annotation": ""}