{"rc-position-target": {"height": 2.1334884989118286, "distance": 6.971361881073934, "heading": -51.0, "wrist_angle": -39.191950647775194, "wrist_rotation": 78.07108313674166, "gripper": 75.24745777053847}, "rc-angle-target": {"0": 39.0, "1": 84.0, "2": 94.0, "3": 105.0, "4": 78.07108313674166}, "rc-pulse-target": {"0": 973.0, "1": 1393.0, "2": 1544.0, "3": 1666.0, "4": 1367.0, "5": 1371.2881334419228}, "reward": 0.0, "annotation": ""}