{"rc-position-target": {"height": 2.1334884989118286, "distance": 6.871361881073934, "heading": -49.5, "wrist_angle": -39.191950647775194, "wrist_rotation": 77.57108313674166, "gripper": 75.24745777053847}, "rc-angle-target": {"0": 40.5, "1": 85.0, "2": 95.0, "3": 106.0, "4": 77.57108313674166}, "rc-pulse-target": {"0": 990.0, "1": 1404.0, "2": 1555.0, "3": 1677.0, "4": 1361.0, "5": 1371.2881334419228}, "reward": 0.0, "annotation": ""}