{"rc-position-target": {"height": 2.1334884989118286, "distance": 6.771361881073934, "heading": -48.0, "wrist_angle": -39.191950647775194, "wrist_rotation": 77.07108313674166, "gripper": 75.24745777053847}, "rc-angle-target": {"0": 42.0, "1": 86.0, "2": 96.0, "3": 106.0, "4": 77.07108313674166}, "rc-pulse-target": {"0": 1006.0, "1": 1415.0, "2": 1566.0, "3": 1677.0, "4": 1356.0, "5": 1371.2881334419228}, "reward": 0.0, "annotation": ""}