{"rc-position-target": {"height": 2.1334884989118286, "distance": 7.271361881073933, "heading": -55.5, "wrist_angle": -39.191950647775194, "wrist_rotation": 79.57108313674166, "gripper": 75.24745777053847}, "rc-angle-target": {"0": 34.5, "1": 81.0, "2": 91.0, "3": 105.0, "4": 79.57108313674166}, "rc-pulse-target": {"0": 923.0, "1": 1360.0, "2": 1511.0, "3": 1666.0, "4": 1384.0, "5": 1371.2881334419228}, "reward": 0.0, "annotation": ""}