{"rc-position-target": {"height": 2.1334884989118286, "distance": 7.371361881073932, "heading": -57.0, "wrist_angle": -39.191950647775194, "wrist_rotation": 80.07108313674166, "gripper": 75.24745777053847}, "rc-angle-target": {"0": 33.0, "1": 80.0, "2": 90.0, "3": 105.0, "4": 80.07108313674166}, "rc-pulse-target": {"0": 906.0, "1": 1348.0, "2": 1500.0, "3": 1666.0, "4": 1389.0, "5": 1371.2881334419228}, "reward": 0.0, "annotation": ""}