{"rc-position-target": {"height": 2.1334884989118286, "distance": 5.871361881073938, "heading": -34.5, "wrist_angle": -39.191950647775194, "wrist_rotation": 72.57108313674166, "gripper": 75.24745777053847}, "rc-angle-target": {"0": 55.5, "1": 95.0, "2": 105.0, "3": 105.0, "4": 72.57108313674166}, "rc-pulse-target": {"0": 1156.0, "1": 1515.0, "2": 1666.0, "3": 1666.0, "4": 1306.0, "5": 1371.2881334419228}, "reward": 0.0, "annotation": ""}