{"rc-position-target": {"height": 2.1334884989118286, "distance": 6.071361881073937, "heading": -37.5, "wrist_angle": -39.191950647775194, "wrist_rotation": 73.57108313674166, "gripper": 75.24745777053847}, "rc-angle-target": {"0": 52.5, "1": 93.0, "2": 103.0, "3": 106.0, "4": 73.57108313674166}, "rc-pulse-target": {"0": 1123.0, "1": 1493.0, "2": 1644.0, "3": 1677.0, "4": 1317.0, "5": 1371.2881334419228}, "reward": 0.0, "annotation": ""}