{"rc-position-target": {"height": 2.1334884989118286, "distance": 5.771361881073938, "heading": -33.0, "wrist_angle": -39.191950647775194, "wrist_rotation": 72.07108313674166, "gripper": 75.24745777053847}, "rc-angle-target": {"0": 57.0, "1": 96.0, "2": 106.0, "3": 105.0, "4": 72.07108313674166}, "rc-pulse-target": {"0": 1173.0, "1": 1526.0, "2": 1677.0, "3": 1666.0, "4": 1300.0, "5": 1371.2881334419228}, "reward": 0.0, "annotation": ""}