{"rc-position-target": {"height": 2.1334884989118286, "distance": 6.171361881073937, "heading": -39.0, "wrist_angle": -39.191950647775194, "wrist_rotation": 74.07108313674166, "gripper": 75.24745777053847}, "rc-angle-target": {"0": 51.0, "1": 92.0, "2": 102.0, "3": 106.0, "4": 74.07108313674166}, "rc-pulse-target": {"0": 1106.0, "1": 1482.0, "2": 1633.0, "3": 1677.0, "4": 1323.0, "5": 1371.2881334419228}, "reward": 0.0, "annotation": ""}