{"rc-position-target": {"height": 2.1334884989118286, "distance": 5.971361881073937, "heading": -36.0, "wrist_angle": -39.191950647775194, "wrist_rotation": 73.07108313674166, "gripper": 75.24745777053847}, "rc-angle-target": {"0": 54.0, "1": 94.0, "2": 104.0, "3": 106.0, "4": 73.07108313674166}, "rc-pulse-target": {"0": 1140.0, "1": 1504.0, "2": 1655.0, "3": 1677.0, "4": 1311.0, "5": 1371.2881334419228}, "reward": 0.0, "annotation": ""}