{"rc-position-target": {"height": 2.1334884989118286, "distance": 6.371361881073936, "heading": -42.0, "wrist_angle": -39.191950647775194, "wrist_rotation": 75.07108313674166, "gripper": 75.24745777053847}, "rc-angle-target": {"0": 48.0, "1": 90.0, "2": 100.0, "3": 106.0, "4": 75.07108313674166}, "rc-pulse-target": {"0": 1073.0, "1": 1460.0, "2": 1611.0, "3": 1677.0, "4": 1334.0, "5": 1371.2881334419228}, "reward": 0.0, "annotation": ""}