{"rc-position-target": {"height": 2.1334884989118286, "distance": 5.671361881073938, "heading": -31.5, "wrist_angle": -39.191950647775194, "wrist_rotation": 71.57108313674166, "gripper": 75.24745777053847}, "rc-angle-target": {"0": 58.5, "1": 97.0, "2": 107.0, "3": 105.0, "4": 71.57108313674166}, "rc-pulse-target": {"0": 1190.0, "1": 1537.0, "2": 1688.0, "3": 1666.0, "4": 1295.0, "5": 1371.2881334419228}, "reward": 0.0, "annotation": ""}