{"rc-position-target": {"height": 2.1334884989118286, "distance": 6.4713618810739355, "heading": -43.5, "wrist_angle": -39.191950647775194, "wrist_rotation": 75.57108313674166, "gripper": 75.24745777053847}, "rc-angle-target": {"0": 46.5, "1": 89.0, "2": 99.0, "3": 106.0, "4": 75.57108313674166}, "rc-pulse-target": {"0": 1056.0, "1": 1448.0, "2": 1600.0, "3": 1677.0, "4": 1339.0, "5": 1371.2881334419228}, "reward": 0.0, "annotation": ""}