{"rc-position-target": {"height": 2.1334884989118286, "distance": 6.271361881073936, "heading": -40.5, "wrist_angle": -39.191950647775194, "wrist_rotation": 74.57108313674166, "gripper": 75.24745777053847}, "rc-angle-target": {"0": 49.5, "1": 91.0, "2": 101.0, "3": 106.0, "4": 74.57108313674166}, "rc-pulse-target": {"0": 1090.0, "1": 1471.0, "2": 1622.0, "3": 1677.0, "4": 1328.0, "5": 1371.2881334419228}, "reward": 0.0, "annotation": ""}