{"rc-position-target": {"height": 2.1334884989118286, "distance": 6.571361881073935, "heading": -45.0, "wrist_angle": -39.191950647775194, "wrist_rotation": 76.07108313674166, "gripper": 75.24745777053847}, "rc-angle-target": {"0": 45.0, "1": 88.0, "2": 98.0, "3": 106.0, "4": 76.07108313674166}, "rc-pulse-target": {"0": 1040.0, "1": 1437.0, "2": 1588.0, "3": 1677.0, "4": 1345.0, "5": 1371.2881334419228}, "reward": 0.0, "annotation": ""}