{"rc-position-target": {"height": 2.1334884989118286, "distance": 4.971361881073941, "heading": -21.0, "wrist_angle": -39.191950647775194, "wrist_rotation": 68.07108313674166, "gripper": 75.24745777053847}, "rc-angle-target": {"0": 69.0, "1": 105.0, "2": 114.0, "3": 104.0, "4": 68.07108313674166}, "rc-pulse-target": {"0": 1306.0, "1": 1626.0, "2": 1766.0, "3": 1655.0, "4": 1256.0, "5": 1371.2881334419228}, "reward": 0.0, "annotation": ""}