{"rc-position-target": {"height": 2.1334884989118286, "distance": 5.571361881073939, "heading": -30.0, "wrist_angle": -39.191950647775194, "wrist_rotation": 71.07108313674166, "gripper": 75.24745777053847}, "rc-angle-target": {"0": 60.0, "1": 98.0, "2": 108.0, "3": 105.0, "4": 71.07108313674166}, "rc-pulse-target": {"0": 1206.0, "1": 1548.0, "2": 1700.0, "3": 1666.0, "4": 1289.0, "5": 1371.2881334419228}, "reward": 0.0, "annotation": ""}