{"rc-position-target": {"height": 2.1334884989118286, "distance": 5.471361881073939, "heading": -28.5, "wrist_angle": -39.191950647775194, "wrist_rotation": 70.57108313674166, "gripper": 75.24745777053847}, "rc-angle-target": {"0": 61.5, "1": 100.0, "2": 109.0, "3": 105.0, "4": 70.57108313674166}, "rc-pulse-target": {"0": 1223.0, "1": 1571.0, "2": 1711.0, "3": 1666.0, "4": 1284.0, "5": 1371.2881334419228}, "reward": 0.0, "annotation": ""}