{"rc-position-target": {"height": 2.1334884989118286, "distance": 5.27136188107394, "heading": -25.5, "wrist_angle": -39.191950647775194, "wrist_rotation": 69.57108313674166, "gripper": 75.24745777053847}, "rc-angle-target": {"0": 64.5, "1": 102.0, "2": 111.0, "3": 104.0, "4": 69.57108313674166}, "rc-pulse-target": {"0": 1256.0, "1": 1593.0, "2": 1733.0, "3": 1655.0, "4": 1273.0, "5": 1371.2881334419228}, "reward": 0.0, "annotation": ""}