{"rc-position-target": {"height": 2.1334884989118286, "distance": 5.17136188107394, "heading": -24.0, "wrist_angle": -39.191950647775194, "wrist_rotation": 69.07108313674166, "gripper": 75.24745777053847}, "rc-angle-target": {"0": 66.0, "1": 103.0, "2": 112.0, "3": 104.0, "4": 69.07108313674166}, "rc-pulse-target": {"0": 1273.0, "1": 1604.0, "2": 1744.0, "3": 1655.0, "4": 1267.0, "5": 1371.2881334419228}, "reward": 0.0, "annotation": ""}