{"rc-position-target": {"height": 2.1334884989118286, "distance": 4.871361881073941, "heading": -19.5, "wrist_angle": -39.191950647775194, "wrist_rotation": 67.57108313674166, "gripper": 75.24745777053847}, "rc-angle-target": {"0": 70.5, "1": 107.0, "2": 115.0, "3": 103.0, "4": 67.57108313674166}, "rc-pulse-target": {"0": 1323.0, "1": 1648.0, "2": 1777.0, "3": 1644.0, "4": 1250.0, "5": 1371.2881334419228}, "reward": 0.0, "annotation": ""}