{"rc-position-target": {"height": 2.1334884989118286, "distance": 5.371361881073939, "heading": -27.0, "wrist_angle": -39.191950647775194, "wrist_rotation": 70.07108313674166, "gripper": 75.24745777053847}, "rc-angle-target": {"0": 63.0, "1": 101.0, "2": 110.0, "3": 105.0, "4": 70.07108313674166}, "rc-pulse-target": {"0": 1240.0, "1": 1582.0, "2": 1722.0, "3": 1666.0, "4": 1278.0, "5": 1371.2881334419228}, "reward": 0.0, "annotation": ""}