{"rc-position-target": {"height": 2.1334884989118286, "distance": 5.0713618810739405, "heading": -22.5, "wrist_angle": -39.191950647775194, "wrist_rotation": 68.57108313674166, "gripper": 75.24745777053847}, "rc-angle-target": {"0": 67.5, "1": 104.0, "2": 113.0, "3": 104.0, "4": 68.57108313674166}, "rc-pulse-target": {"0": 1290.0, "1": 1615.0, "2": 1755.0, "3": 1655.0, "4": 1261.0, "5": 1371.2881334419228}, "reward": 0.0, "annotation": ""}