{"rc-position-target": {"height": 2.1334884989118286, "distance": 4.471361881073943, "heading": -13.5, "wrist_angle": -39.191950647775194, "wrist_rotation": 67.21642478380564, "gripper": 75.24745777053847}, "rc-angle-target": {"0": 76.5, "1": 112.0, "2": 118.0, "3": 102.0, "4": 67.21642478380564}, "rc-pulse-target": {"0": 1390.0, "1": 1704.0, "2": 1811.0, "3": 1633.0, "4": 1246.0, "5": 1371.2881334419228}, "reward": 0.0, "annotation": ""}