{"rc-position-target": {"height": 2.1334884989118286, "distance": 4.371361881073943, "heading": -12.0, "wrist_angle": -39.191950647775194, "wrist_rotation": 67.21642478380564, "gripper": 75.24745777053847}, "rc-angle-target": {"0": 78.0, "1": 113.0, "2": 119.0, "3": 101.0, "4": 67.21642478380564}, "rc-pulse-target": {"0": 1406.0, "1": 1715.0, "2": 1822.0, "3": 1622.0, "4": 1246.0, "5": 1371.2881334419228}, "reward": 0.0, "annotation": ""}