{"rc-position-target": {"height": 2.1334884989118286, "distance": 4.071361881073944, "heading": -7.5, "wrist_angle": -39.191950647775194, "wrist_rotation": 67.21642478380564, "gripper": 75.24745777053847}, "rc-angle-target": {"0": 82.5, "1": 117.0, "2": 122.0, "3": 100.0, "4": 67.21642478380564}, "rc-pulse-target": {"0": 1456.0, "1": 1760.0, "2": 1855.0, "3": 1611.0, "4": 1246.0, "5": 1371.2881334419228}, "reward": 0.0, "annotation": ""}