{"rc-position-target": {"height": 2.1334884989118286, "distance": 4.571361881073942, "heading": -15.0, "wrist_angle": -39.191950647775194, "wrist_rotation": 67.21642478380564, "gripper": 75.24745777053847}, "rc-angle-target": {"0": 75.0, "1": 110.0, "2": 117.0, "3": 102.0, "4": 67.21642478380564}, "rc-pulse-target": {"0": 1373.0, "1": 1682.0, "2": 1800.0, "3": 1633.0, "4": 1246.0, "5": 1371.2881334419228}, "reward": 0.0, "annotation": ""}