{"rc-position-target": {"height": 2.1334884989118286, "distance": 3.871361881073944, "heading": -4.5, "wrist_angle": -39.191950647775194, "wrist_rotation": 67.21642478380564, "gripper": 75.24745777053847}, "rc-angle-target": {"0": 85.5, "1": 120.0, "2": 124.0, "3": 99.0, "4": 67.21642478380564}, "rc-pulse-target": {"0": 1490.0, "1": 1793.0, "2": 1877.0, "3": 1600.0, "4": 1246.0, "5": 1371.2881334419228}, "reward": 0.0, "annotation": ""}