{"rc-position-target": {"height": 2.1334884989118286, "distance": 3.971361881073944, "heading": -6.0, "wrist_angle": -39.191950647775194, "wrist_rotation": 67.21642478380564, "gripper": 75.24745777053847}, "rc-angle-target": {"0": 84.0, "1": 119.0, "2": 123.0, "3": 99.0, "4": 67.21642478380564}, "rc-pulse-target": {"0": 1473.0, "1": 1782.0, "2": 1866.0, "3": 1600.0, "4": 1246.0, "5": 1371.2881334419228}, "reward": 0.0, "annotation": ""}