{"rc-position-target": {"height": 2.1334884989118286, "distance": 3.6713618810739437, "heading": -1.5, "wrist_angle": -39.191950647775194, "wrist_rotation": 67.21642478380564, "gripper": 75.24745777053847}, "rc-angle-target": {"0": 88.5, "1": 124.0, "2": 125.0, "3": 97.0, "4": 67.21642478380564}, "rc-pulse-target": {"0": 1523.0, "1": 1837.0, "2": 1888.0, "3": 1577.0, "4": 1246.0, "5": 1371.2881334419228}, "reward": 0.0, "annotation": ""}