{"rc-position-target": {"height": 2.1334884989118286, "distance": 3.5713618810739436, "heading": 0.0, "wrist_angle": -39.191950647775194, "wrist_rotation": 67.21642478380564, "gripper": 75.24745777053847}, "rc-angle-target": {"0": 90.0, "1": 125.0, "2": 126.0, "3": 96.0, "4": 67.21642478380564}, "rc-pulse-target": {"0": 1540.0, "1": 1848.0, "2": 1900.0, "3": 1566.0, "4": 1246.0, "5": 1371.2881334419228}, "reward": 0.0, "annotation": ""}