{"rc-position-target": {"height": 2.1334884989118286, "distance": 3.4713618810739435, "heading": 1.5, "wrist_angle": -39.191950647775194, "wrist_rotation": 67.21642478380564, "gripper": 75.24745777053847}, "rc-angle-target": {"0": 91.5, "1": 127.0, "2": 127.0, "3": 96.0, "4": 67.21642478380564}, "rc-pulse-target": {"0": 1556.0, "1": 1871.0, "2": 1911.0, "3": 1566.0, "4": 1246.0, "5": 1371.2881334419228}, "reward": 0.0, "annotation": ""}