{"rc-position-target": {"height": 2.1334884989118286, "distance": 3.388517397279116, "heading": 45.0, "wrist_angle": -39.191950647775194, "wrist_rotation": 67.21642478380564, "gripper": 75.24745777053847}, "rc-angle-target": {"0": 135.0, "1": 128.0, "2": 128.0, "3": 95.0, "4": 67.21642478380564}, "rc-pulse-target": {"0": 2040.0, "1": 1882.0, "2": 1922.0, "3": 1555.0, "4": 1246.0, "5": 1371.2881334419228}, "reward": 0.0, "annotation": ""}