{"rc-position-target": {"height": 2.3334884989118287, "distance": 3.5885173972791162, "heading": 73.5, "wrist_angle": -36.191950647775194, "wrist_rotation": 68.21642478380564, "gripper": 65.24745777053847}, "rc-angle-target": {"0": 163.5, "1": 126.0, "2": 125.0, "3": 97.0, "4": 68.21642478380564}, "rc-pulse-target": {"0": 2356.0, "1": 1860.0, "2": 1888.0, "3": 1577.0, "4": 1257.0, "5": 1521.288133441923}, "reward": 0.0, "annotation": ""}