{"rc-position-target": {"height": 2.833488498911829, "distance": 4.088517397279117, "heading": 66.0, "wrist_angle": -28.691950647775194, "wrist_rotation": 70.71642478380564, "gripper": 42.98662633262064}, "rc-angle-target": {"0": 156.0, "1": 121.0, "2": 118.0, "3": 103.0, "4": 70.71642478380564}, "rc-pulse-target": {"0": 2273.0, "1": 1804.0, "2": 1811.0, "3": 1644.0, "4": 1285.0, "5": 1855.2006050106904}, "reward": 0.0, "annotation": ""}