{"rc-position-target": {"height": 2.9334884989118293, "distance": 4.188517397279116, "heading": 64.5, "wrist_angle": -27.191950647775194, "wrist_rotation": 71.21642478380564, "gripper": 42.98662633262064}, "rc-angle-target": {"0": 154.5, "1": 120.0, "2": 117.0, "3": 104.0, "4": 71.21642478380564}, "rc-pulse-target": {"0": 2256.0, "1": 1793.0, "2": 1800.0, "3": 1655.0, "4": 1291.0, "5": 1855.2006050106904}, "reward": 0.0, "annotation": ""}