{"rc-position-target": {"height": 2.433488498911829, "distance": 3.6885173972791163, "heading": 72.0, "wrist_angle": -34.691950647775194, "wrist_rotation": 68.71642478380564, "gripper": 60.247457770538475}, "rc-angle-target": {"0": 162.0, "1": 125.0, "2": 124.0, "3": 99.0, "4": 68.71642478380564}, "rc-pulse-target": {"0": 2340.0, "1": 1848.0, "2": 1877.0, "3": 1600.0, "4": 1263.0, "5": 1596.288133441923}, "reward": 0.0, "annotation": ""}