{"rc-position-target": {"height": 2.2334884989118287, "distance": 3.488517397279116, "heading": 75.0, "wrist_angle": -37.691950647775194, "wrist_rotation": 67.71642478380564, "gripper": 70.24745777053847}, "rc-angle-target": {"0": 165.0, "1": 127.0, "2": 126.0, "3": 96.0, "4": 67.71642478380564}, "rc-pulse-target": {"0": 2373.0, "1": 1871.0, "2": 1900.0, "3": 1566.0, "4": 1252.0, "5": 1446.2881334419228}, "reward": 0.0, "annotation": ""}