{"rc-position-target": {"height": 2.633488498911829, "distance": 3.8885173972791165, "heading": 69.0, "wrist_angle": -31.691950647775194, "wrist_rotation": 69.71642478380564, "gripper": 50.247457770538475}, "rc-angle-target": {"0": 159.0, "1": 123.0, "2": 121.0, "3": 101.0, "4": 69.71642478380564}, "rc-pulse-target": {"0": 2306.0, "1": 1826.0, "2": 1844.0, "3": 1622.0, "4": 1274.0, "5": 1746.288133441923}, "reward": 0.0, "annotation": ""}