{"rc-position-target": {"height": 2.533488498911829, "distance": 3.7885173972791164, "heading": 70.5, "wrist_angle": -33.191950647775194, "wrist_rotation": 69.21642478380564, "gripper": 55.247457770538475}, "rc-angle-target": {"0": 160.5, "1": 124.0, "2": 122.0, "3": 100.0, "4": 69.21642478380564}, "rc-pulse-target": {"0": 2323.0, "1": 1837.0, "2": 1855.0, "3": 1611.0, "4": 1269.0, "5": 1671.288133441923}, "reward": 0.0, "annotation": ""}