{"rc-position-target": {"height": 2.733488498911829, "distance": 3.9885173972791166, "heading": 67.5, "wrist_angle": -30.191950647775194, "wrist_rotation": 70.21642478380564, "gripper": 45.247457770538475}, "rc-angle-target": {"0": 157.5, "1": 122.0, "2": 120.0, "3": 102.0, "4": 70.21642478380564}, "rc-pulse-target": {"0": 2290.0, "1": 1815.0, "2": 1833.0, "3": 1633.0, "4": 1280.0, "5": 1821.288133441923}, "reward": 0.0, "annotation": ""}