{"rc-position-target": {"height": 3.1334884989118295, "distance": 4.388517397279116, "heading": 61.5, "wrist_angle": -24.191950647775194, "wrist_rotation": 72.21642478380564, "gripper": 42.98662633262064}, "rc-angle-target": {"0": 151.5, "1": 118.0, "2": 114.0, "3": 106.0, "4": 72.21642478380564}, "rc-pulse-target": {"0": 2223.0, "1": 1771.0, "2": 1766.0, "3": 1677.0, "4": 1302.0, "5": 1855.2006050106904}, "reward": 0.0, "annotation": ""}