{"rc-position-target": {"height": 3.0334884989118294, "distance": 4.288517397279116, "heading": 63.0, "wrist_angle": -25.691950647775194, "wrist_rotation": 71.71642478380564, "gripper": 42.98662633262064}, "rc-angle-target": {"0": 153.0, "1": 119.0, "2": 115.0, "3": 105.0, "4": 71.71642478380564}, "rc-pulse-target": {"0": 2240.0, "1": 1782.0, "2": 1777.0, "3": 1666.0, "4": 1296.0, "5": 1855.2006050106904}, "reward": 0.0, "annotation": ""}