{"rc-position-target": {"height": 3.53348849891183, "distance": 4.788517397279114, "heading": 55.5, "wrist_angle": -19.49644346671461, "wrist_rotation": 74.21642478380564, "gripper": 42.98662633262064}, "rc-angle-target": {"0": 145.5, "1": 114.0, "2": 108.0, "3": 109.0, "4": 74.21642478380564}, "rc-pulse-target": {"0": 2156.0, "1": 1726.0, "2": 1700.0, "3": 1711.0, "4": 1324.0, "5": 1855.2006050106904}, "reward": 0.0, "annotation": ""}