{"rc-position-target": {"height": 3.83348849891183, "distance": 5.088517397279113, "heading": 51.0, "wrist_angle": -19.49644346671461, "wrist_rotation": 75.71642478380564, "gripper": 42.98662633262064}, "rc-angle-target": {"0": 141.0, "1": 111.0, "2": 104.0, "3": 108.0, "4": 75.71642478380564}, "rc-pulse-target": {"0": 2106.0, "1": 1693.0, "2": 1655.0, "3": 1700.0, "4": 1341.0, "5": 1855.2006050106904}, "reward": 0.0, "annotation": ""}