{"rc-position-target": {"height": 3.93348849891183, "distance": 5.188517397279113, "heading": 49.5, "wrist_angle": -19.49644346671461, "wrist_rotation": 76.21642478380564, "gripper": 42.98662633262064}, "rc-angle-target": {"0": 139.5, "1": 110.0, "2": 103.0, "3": 107.0, "4": 76.21642478380564}, "rc-pulse-target": {"0": 2090.0, "1": 1682.0, "2": 1644.0, "3": 1688.0, "4": 1346.0, "5": 1855.2006050106904}, "reward": 0.0, "annotation": ""}