{"rc-position-target": {"height": 3.63348849891183, "distance": 4.888517397279114, "heading": 54.0, "wrist_angle": -19.49644346671461, "wrist_rotation": 74.71642478380564, "gripper": 42.98662633262064}, "rc-angle-target": {"0": 144.0, "1": 113.0, "2": 107.0, "3": 109.0, "4": 74.71642478380564}, "rc-pulse-target": {"0": 2140.0, "1": 1715.0, "2": 1688.0, "3": 1711.0, "4": 1330.0, "5": 1855.2006050106904}, "reward": 0.0, "annotation": ""}