{"rc-position-target": {"height": 3.3334884989118296, "distance": 4.588517397279115, "heading": 58.5, "wrist_angle": -21.191950647775194, "wrist_rotation": 73.21642478380564, "gripper": 42.98662633262064}, "rc-angle-target": {"0": 148.5, "1": 116.0, "2": 111.0, "3": 109.0, "4": 73.21642478380564}, "rc-pulse-target": {"0": 2190.0, "1": 1748.0, "2": 1733.0, "3": 1711.0, "4": 1313.0, "5": 1855.2006050106904}, "reward": 0.0, "annotation": ""}