{"rc-position-target": {"height": 3.73348849891183, "distance": 4.9885173972791135, "heading": 52.5, "wrist_angle": -19.49644346671461, "wrist_rotation": 75.21642478380564, "gripper": 42.98662633262064}, "rc-angle-target": {"0": 142.5, "1": 112.0, "2": 105.0, "3": 108.0, "4": 75.21642478380564}, "rc-pulse-target": {"0": 2123.0, "1": 1704.0, "2": 1666.0, "3": 1700.0, "4": 1335.0, "5": 1855.2006050106904}, "reward": 0.0, "annotation": ""}