{"rc-position-target": {"height": 3.4334884989118297, "distance": 4.6885173972791145, "heading": 57.0, "wrist_angle": -19.691950647775194, "wrist_rotation": 73.71642478380564, "gripper": 42.98662633262064}, "rc-angle-target": {"0": 147.0, "1": 115.0, "2": 110.0, "3": 110.0, "4": 73.71642478380564}, "rc-pulse-target": {"0": 2173.0, "1": 1737.0, "2": 1722.0, "3": 1722.0, "4": 1319.0, "5": 1855.2006050106904}, "reward": 0.0, "annotation": ""}