{"rc-position-target": {"height": 3.2334884989118295, "distance": 4.488517397279115, "heading": 60.0, "wrist_angle": -22.691950647775194, "wrist_rotation": 72.71642478380564, "gripper": 42.98662633262064}, "rc-angle-target": {"0": 150.0, "1": 117.0, "2": 113.0, "3": 108.0, "4": 72.71642478380564}, "rc-pulse-target": {"0": 2206.0, "1": 1760.0, "2": 1755.0, "3": 1700.0, "4": 1307.0, "5": 1855.2006050106904}, "reward": 0.0, "annotation": ""}