{"rc-position-target": {"height": 4.2334884989118295, "distance": 5.488517397279112, "heading": 45.0, "wrist_angle": -19.49644346671461, "wrist_rotation": 77.71642478380564, "gripper": 42.98662633262064}, "rc-angle-target": {"0": 135.0, "1": 108.0, "2": 98.0, "3": 106.0, "4": 77.71642478380564}, "rc-pulse-target": {"0": 2040.0, "1": 1660.0, "2": 1588.0, "3": 1677.0, "4": 1363.0, "5": 1855.2006050106904}, "reward": 0.0, "annotation": ""}