{"rc-position-target": {"height": 4.433488498911829, "distance": 5.688517397279111, "heading": 42.0, "wrist_angle": -19.49644346671461, "wrist_rotation": 78.71642478380564, "gripper": 42.98662633262064}, "rc-angle-target": {"0": 132.0, "1": 106.0, "2": 95.0, "3": 104.0, "4": 78.71642478380564}, "rc-pulse-target": {"0": 2006.0, "1": 1637.0, "2": 1555.0, "3": 1655.0, "4": 1374.0, "5": 1855.2006050106904}, "reward": 0.0, "annotation": ""}