{"rc-position-target": {"height": 4.13348849891183, "distance": 5.388517397279112, "heading": 46.5, "wrist_angle": -19.49644346671461, "wrist_rotation": 77.21642478380564, "gripper": 42.98662633262064}, "rc-angle-target": {"0": 136.5, "1": 108.0, "2": 100.0, "3": 106.0, "4": 77.21642478380564}, "rc-pulse-target": {"0": 2056.0, "1": 1660.0, "2": 1611.0, "3": 1677.0, "4": 1357.0, "5": 1855.2006050106904}, "reward": 0.0, "annotation": ""}