{"rc-position-target": {"height": 4.833488498911827, "distance": 6.08851739727911, "heading": 37.94414050560147, "wrist_angle": -19.49644346671461, "wrist_rotation": 80.71642478380564, "gripper": 42.98662633262064}, "rc-angle-target": {"0": 127.94414050560147, "1": 102.0, "2": 89.0, "3": 102.0, "4": 80.71642478380564}, "rc-pulse-target": {"0": 1961.0, "1": 1593.0, "2": 1488.0, "3": 1633.0, "4": 1396.0, "5": 1855.2006050106904}, "reward": 0.0, "annotation": ""}