{"rc-position-target": {"height": 4.733488498911828, "distance": 5.98851739727911, "heading": 37.94414050560147, "wrist_angle": -19.49644346671461, "wrist_rotation": 80.21642478380564, "gripper": 42.98662633262064}, "rc-angle-target": {"0": 127.94414050560147, "1": 103.0, "2": 91.0, "3": 103.0, "4": 80.21642478380564}, "rc-pulse-target": {"0": 1961.0, "1": 1604.0, "2": 1511.0, "3": 1644.0, "4": 1391.0, "5": 1855.2006050106904}, "reward": 0.0, "annotation": ""}