{"rc-position-target": {"height": 4.633488498911828, "distance": 5.88851739727911, "heading": 39.0, "wrist_angle": -19.49644346671461, "wrist_rotation": 79.71642478380564, "gripper": 42.98662633262064}, "rc-angle-target": {"0": 129.0, "1": 104.0, "2": 92.0, "3": 103.0, "4": 79.71642478380564}, "rc-pulse-target": {"0": 1973.0, "1": 1615.0, "2": 1522.0, "3": 1644.0, "4": 1385.0, "5": 1855.2006050106904}, "reward": 0.0, "annotation": ""}