{"rc-position-target": {"height": 4.03348849891183, "distance": 5.288517397279112, "heading": 48.0, "wrist_angle": -19.49644346671461, "wrist_rotation": 76.71642478380564, "gripper": 42.98662633262064}, "rc-angle-target": {"0": 138.0, "1": 109.0, "2": 101.0, "3": 107.0, "4": 76.71642478380564}, "rc-pulse-target": {"0": 2073.0, "1": 1671.0, "2": 1622.0, "3": 1688.0, "4": 1352.0, "5": 1855.2006050106904}, "reward": 0.0, "annotation": ""}