{"rc-position-target": {"height": 4.5334884989118285, "distance": 5.788517397279111, "heading": 40.5, "wrist_angle": -19.49644346671461, "wrist_rotation": 79.21642478380564, "gripper": 42.98662633262064}, "rc-angle-target": {"0": 130.5, "1": 105.0, "2": 94.0, "3": 104.0, "4": 79.21642478380564}, "rc-pulse-target": {"0": 1990.0, "1": 1626.0, "2": 1544.0, "3": 1655.0, "4": 1380.0, "5": 1855.2006050106904}, "reward": 0.0, "annotation": ""}