{"rc-position-target": {"height": 4.333488498911829, "distance": 5.588517397279111, "heading": 43.5, "wrist_angle": -19.49644346671461, "wrist_rotation": 78.21642478380564, "gripper": 42.98662633262064}, "rc-angle-target": {"0": 133.5, "1": 107.0, "2": 97.0, "3": 105.0, "4": 78.21642478380564}, "rc-pulse-target": {"0": 2023.0, "1": 1648.0, "2": 1577.0, "3": 1666.0, "4": 1369.0, "5": 1855.2006050106904}, "reward": 0.0, "annotation": ""}