{"rc-position-target": {"height": 4.872927744952401, "distance": 6.288517397279109, "heading": 37.94414050560147, "wrist_angle": -19.49644346671461, "wrist_rotation": 81.71642478380564, "gripper": 42.98662633262064}, "rc-angle-target": {"0": 127.94414050560147, "1": 100.0, "2": 87.0, "3": 102.0, "4": 81.71642478380564}, "rc-pulse-target": {"0": 1961.0, "1": 1571.0, "2": 1466.0, "3": 1633.0, "4": 1407.0, "5": 1855.2006050106904}, "reward": 0.0, "annotation": ""}