{"rc-position-target": {"height": 4.872927744952401, "distance": 6.588517397279108, "heading": 37.94414050560147, "wrist_angle": -19.49644346671461, "wrist_rotation": 83.04510872530474, "gripper": 42.98662633262064}, "rc-angle-target": {"0": 127.94414050560147, "1": 97.0, "2": 84.0, "3": 102.0, "4": 83.04510872530474}, "rc-pulse-target": {"0": 1961.0, "1": 1537.0, "2": 1433.0, "3": 1633.0, "4": 1422.0, "5": 1855.2006050106904}, "reward": 0.0, "annotation": ""}