{"rc-position-target": {"height": 4.872927744952401, "distance": 6.988517397279106, "heading": 37.94414050560147, "wrist_angle": -19.49644346671461, "wrist_rotation": 83.04510872530474, "gripper": 42.98662633262064}, "rc-angle-target": {"0": 127.94414050560147, "1": 93.0, "2": 81.0, "3": 103.0, "4": 83.04510872530474}, "rc-pulse-target": {"0": 1961.0, "1": 1493.0, "2": 1400.0, "3": 1644.0, "4": 1422.0, "5": 1855.2006050106904}, "reward": 0.0, "annotation": ""}