{"rc-position-target": {"height": 4.472927744952402, "distance": 7.188517397279106, "heading": 43.94414050560147, "wrist_angle": -25.49644346671461, "wrist_rotation": 81.35937146963926, "gripper": 62.98662633262064}, "rc-angle-target": {"0": 133.94414050560147, "1": 90.0, "2": 81.0, "3": 100.0, "4": 81.35937146963926}, "rc-pulse-target": {"0": 2028.0, "1": 1460.0, "2": 1400.0, "3": 1611.0, "4": 1403.0, "5": 1555.2006050106904}, "reward": 0.0, "annotation": ""}