{"rc-position-target": {"height": 4.372927744952403, "distance": 7.088517397279106, "heading": 44.818887468786755, "wrist_angle": -26.99644346671461, "wrist_rotation": 81.35937146963926, "gripper": 67.98662633262063}, "rc-angle-target": {"0": 134.81888746878676, "1": 91.0, "2": 83.0, "3": 99.0, "4": 81.35937146963926}, "rc-pulse-target": {"0": 2037.0, "1": 1471.0, "2": 1422.0, "3": 1600.0, "4": 1403.0, "5": 1480.2006050106907}, "reward": 0.0, "annotation": ""}