{"rc-position-target": {"height": 4.272927744952403, "distance": 6.988517397279106, "heading": 44.818887468786755, "wrist_angle": -28.49644346671461, "wrist_rotation": 81.35937146963926, "gripper": 72.98662633262063}, "rc-angle-target": {"0": 134.81888746878676, "1": 92.0, "2": 84.0, "3": 99.0, "4": 81.35937146963926}, "rc-pulse-target": {"0": 2037.0, "1": 1482.0, "2": 1433.0, "3": 1600.0, "4": 1403.0, "5": 1405.2006050106907}, "reward": 0.0, "annotation": ""}