{"rc-position-target": {"height": 4.772927744952401, "distance": 7.488517397279105, "heading": 39.44414050560147, "wrist_angle": -20.99644346671461, "wrist_rotation": 82.54510872530474, "gripper": 47.98662633262064}, "rc-angle-target": {"0": 129.44414050560147, "1": 88.0, "2": 76.0, "3": 102.0, "4": 82.54510872530474}, "rc-pulse-target": {"0": 1978.0, "1": 1437.0, "2": 1344.0, "3": 1633.0, "4": 1417.0, "5": 1780.2006050106904}, "reward": 0.0, "annotation": ""}