{"rc-position-target": {"height": 4.572927744952402, "distance": 7.288517397279105, "heading": 42.44414050560147, "wrist_angle": -23.99644346671461, "wrist_rotation": 81.54510872530474, "gripper": 57.98662633262064}, "rc-angle-target": {"0": 132.44414050560147, "1": 89.0, "2": 80.0, "3": 101.0, "4": 81.54510872530474}, "rc-pulse-target": {"0": 2011.0, "1": 1448.0, "2": 1388.0, "3": 1622.0, "4": 1406.0, "5": 1630.2006050106904}, "reward": 0.0, "annotation": ""}