{"rc-position-target": {"height": 4.672927744952402, "distance": 7.388517397279105, "heading": 40.94414050560147, "wrist_angle": -22.49644346671461, "wrist_rotation": 82.04510872530474, "gripper": 52.98662633262064}, "rc-angle-target": {"0": 130.94414050560147, "1": 89.0, "2": 78.0, "3": 101.0, "4": 82.04510872530474}, "rc-pulse-target": {"0": 1994.0, "1": 1448.0, "2": 1366.0, "3": 1622.0, "4": 1411.0, "5": 1705.2006050106904}, "reward": 0.0, "annotation": ""}