{"rc-position-target": {"height": 3.5729277449524033, "distance": 6.288517397279109, "heading": 44.818887468786755, "wrist_angle": -32.29992530465381, "wrist_rotation": 81.35937146963926, "gripper": 79.61277354188773}, "rc-angle-target": {"0": 134.81888746878676, "1": 97.0, "2": 95.0, "3": 100.0, "4": 81.35937146963926}, "rc-pulse-target": {"0": 2037.0, "1": 1537.0, "2": 1555.0, "3": 1611.0, "4": 1403.0, "5": 1305.808396871684}, "reward": 0.0, "annotation": ""}