{"rc-position-target": {"height": 3.8729277449524036, "distance": 6.588517397279108, "heading": 44.818887468786755, "wrist_angle": -32.29992530465381, "wrist_rotation": 81.35937146963926, "gripper": 79.61277354188773}, "rc-angle-target": {"0": 134.81888746878676, "1": 95.0, "2": 91.0, "3": 98.0, "4": 81.35937146963926}, "rc-pulse-target": {"0": 2037.0, "1": 1515.0, "2": 1511.0, "3": 1588.0, "4": 1403.0, "5": 1305.808396871684}, "reward": 0.0, "annotation": ""}