{"rc-position-target": {"height": 3.6729277449524034, "distance": 6.3885173972791085, "heading": 44.818887468786755, "wrist_angle": -32.29992530465381, "wrist_rotation": 81.35937146963926, "gripper": 79.61277354188773}, "rc-angle-target": {"0": 134.81888746878676, "1": 96.0, "2": 94.0, "3": 99.0, "4": 81.35937146963926}, "rc-pulse-target": {"0": 2037.0, "1": 1526.0, "2": 1544.0, "3": 1600.0, "4": 1403.0, "5": 1305.808396871684}, "reward": 0.0, "annotation": ""}