{"rc-position-target": {"height": 3.472927744952403, "distance": 6.188517397279109, "heading": 44.818887468786755, "wrist_angle": -32.29992530465381, "wrist_rotation": 81.35937146963926, "gripper": 79.61277354188773}, "rc-angle-target": {"0": 134.81888746878676, "1": 98.0, "2": 96.0, "3": 101.0, "4": 81.35937146963926}, "rc-pulse-target": {"0": 2037.0, "1": 1548.0, "2": 1566.0, "3": 1622.0, "4": 1403.0, "5": 1305.808396871684}, "reward": 0.0, "annotation": ""}