{"rc-position-target": {"height": 4.172927744952403, "distance": 6.888517397279107, "heading": 44.818887468786755, "wrist_angle": -29.99644346671461, "wrist_rotation": 81.35937146963926, "gripper": 77.98662633262063}, "rc-angle-target": {"0": 134.81888746878676, "1": 93.0, "2": 86.0, "3": 98.0, "4": 81.35937146963926}, "rc-pulse-target": {"0": 2037.0, "1": 1493.0, "2": 1455.0, "3": 1588.0, "4": 1403.0, "5": 1330.2006050106907}, "reward": 0.0, "annotation": ""}