{"rc-position-target": {"height": 4.072927744952404, "distance": 6.788517397279107, "heading": 44.818887468786755, "wrist_angle": -31.49644346671461, "wrist_rotation": 81.35937146963926, "gripper": 79.61277354188773}, "rc-angle-target": {"0": 134.81888746878676, "1": 93.0, "2": 87.0, "3": 97.0, "4": 81.35937146963926}, "rc-pulse-target": {"0": 2037.0, "1": 1493.0, "2": 1466.0, "3": 1577.0, "4": 1403.0, "5": 1305.808396871684}, "reward": 0.0, "annotation": ""}