{"rc-position-target": {"height": 2.8729277449524027, "distance": 5.588517397279111, "heading": 44.818887468786755, "wrist_angle": -32.29992530465381, "wrist_rotation": 81.35937146963926, "gripper": 79.61277354188773}, "rc-angle-target": {"0": 134.81888746878676, "1": 102.0, "2": 105.0, "3": 105.0, "4": 81.35937146963926}, "rc-pulse-target": {"0": 2037.0, "1": 1593.0, "2": 1666.0, "3": 1666.0, "4": 1403.0, "5": 1305.808396871684}, "reward": 0.0, "annotation": ""}