{"rc-position-target": {"height": 3.072927744952403, "distance": 5.788517397279111, "heading": 44.818887468786755, "wrist_angle": -32.29992530465381, "wrist_rotation": 81.35937146963926, "gripper": 79.61277354188773}, "rc-angle-target": {"0": 134.81888746878676, "1": 101.0, "2": 102.0, "3": 104.0, "4": 81.35937146963926}, "rc-pulse-target": {"0": 2037.0, "1": 1582.0, "2": 1633.0, "3": 1655.0, "4": 1403.0, "5": 1305.808396871684}, "reward": 0.0, "annotation": ""}