{"rc-position-target": {"height": 2.6729277449524025, "distance": 5.388517397279112, "heading": 44.818887468786755, "wrist_angle": -32.29992530465381, "wrist_rotation": 81.35937146963926, "gripper": 79.61277354188773}, "rc-angle-target": {"0": 134.81888746878676, "1": 103.0, "2": 108.0, "3": 106.0, "4": 81.35937146963926}, "rc-pulse-target": {"0": 2037.0, "1": 1604.0, "2": 1700.0, "3": 1677.0, "4": 1403.0, "5": 1305.808396871684}, "reward": 0.0, "annotation": ""}