{"rc-position-target": {"height": 3.172927744952403, "distance": 5.88851739727911, "heading": 44.818887468786755, "wrist_angle": -32.29992530465381, "wrist_rotation": 81.35937146963926, "gripper": 79.61277354188773}, "rc-angle-target": {"0": 134.81888746878676, "1": 100.0, "2": 101.0, "3": 103.0, "4": 81.35937146963926}, "rc-pulse-target": {"0": 2037.0, "1": 1571.0, "2": 1622.0, "3": 1644.0, "4": 1403.0, "5": 1305.808396871684}, "reward": 0.0, "annotation": ""}