{"rc-position-target": {"height": 1.7729277449524017, "distance": 4.488517397279115, "heading": 44.818887468786755, "wrist_angle": -32.29992530465381, "wrist_rotation": 81.35937146963926, "gripper": 79.61277354188773}, "rc-angle-target": {"0": 134.81888746878676, "1": 109.0, "2": 120.0, "3": 113.0, "4": 81.35937146963926}, "rc-pulse-target": {"0": 2037.0, "1": 1671.0, "2": 1833.0, "3": 1755.0, "4": 1403.0, "5": 1305.808396871684}, "reward": 0.0, "annotation": ""}