{"rc-position-target": {"height": 2.072927744952402, "distance": 4.788517397279114, "heading": 44.818887468786755, "wrist_angle": -32.29992530465381, "wrist_rotation": 81.35937146963926, "gripper": 79.61277354188773}, "rc-angle-target": {"0": 134.81888746878676, "1": 107.0, "2": 116.0, "3": 111.0, "4": 81.35937146963926}, "rc-pulse-target": {"0": 2037.0, "1": 1648.0, "2": 1788.0, "3": 1733.0, "4": 1403.0, "5": 1305.808396871684}, "reward": 0.0, "annotation": ""}