{"rc-position-target": {"height": 1.5772949483281642, "distance": 3.8885173972791165, "heading": 44.818887468786755, "wrist_angle": -32.29992530465381, "wrist_rotation": 81.35937146963926, "gripper": 79.61277354188773}, "rc-angle-target": {"0": 134.81888746878676, "1": 116.0, "2": 126.0, "3": 112.0, "4": 81.35937146963926}, "rc-pulse-target": {"0": 2037.0, "1": 1748.0, "2": 1900.0, "3": 1744.0, "4": 1403.0, "5": 1305.808396871684}, "reward": 0.0, "annotation": ""}