{"rc-position-target": {"height": 1.6772949483281643, "distance": 3.333110610943731, "heading": 43.318887468786755, "wrist_angle": -30.79992530465381, "wrist_rotation": 80.85937146963926, "gripper": 74.61277354188773}, "rc-angle-target": {"0": 133.31888746878676, "1": 126.0, "2": 131.0, "3": 108.0, "4": 80.85937146963926}, "rc-pulse-target": {"0": 2021.0, "1": 1860.0, "2": 1955.0, "3": 1700.0, "4": 1398.0, "5": 1380.808396871684}, "reward": 0.0, "annotation": ""}