{"rc-position-target": {"height": 1.7772949483281644, "distance": 3.4331106109437313, "heading": 41.818887468786755, "wrist_angle": -29.29992530465381, "wrist_rotation": 80.35937146963926, "gripper": 69.61277354188773}, "rc-angle-target": {"0": 131.81888746878676, "1": 125.0, "2": 129.0, "3": 109.0, "4": 80.35937146963926}, "rc-pulse-target": {"0": 2004.0, "1": 1848.0, "2": 1933.0, "3": 1711.0, "4": 1392.0, "5": 1455.808396871684}, "reward": 0.0, "annotation": ""}