{"rc-position-target": {"height": 2.0772949483281646, "distance": 3.7331106109437315, "heading": 37.318887468786755, "wrist_angle": -24.79992530465381, "wrist_rotation": 80.31626419188478, "gripper": 54.612773541887734}, "rc-angle-target": {"0": 127.31888746878676, "1": 122.0, "2": 125.0, "3": 113.0, "4": 80.31626419188478}, "rc-pulse-target": {"0": 1954.0, "1": 1815.0, "2": 1888.0, "3": 1755.0, "4": 1392.0, "5": 1680.808396871684}, "reward": 0.0, "annotation": ""}