{"rc-position-target": {"height": 2.677294948328165, "distance": 4.333110610943731, "heading": 28.318887468786755, "wrist_angle": -15.799925304653812, "wrist_rotation": 80.31626419188478, "gripper": 24.612773541887734}, "rc-angle-target": {"0": 118.31888746878676, "1": 117.0, "2": 117.0, "3": 119.0, "4": 80.31626419188478}, "rc-pulse-target": {"0": 1854.0, "1": 1760.0, "2": 1800.0, "3": 1822.0, "4": 1392.0, "5": 2130.8083968716837}, "reward": 0.0, "annotation": ""}