{"rc-position-target": {"height": 2.1772949483281647, "distance": 3.8331106109437316, "heading": 35.818887468786755, "wrist_angle": -23.29992530465381, "wrist_rotation": 80.31626419188478, "gripper": 49.612773541887734}, "rc-angle-target": {"0": 125.81888746878676, "1": 121.0, "2": 124.0, "3": 114.0, "4": 80.31626419188478}, "rc-pulse-target": {"0": 1937.0, "1": 1804.0, "2": 1877.0, "3": 1766.0, "4": 1392.0, "5": 1755.808396871684}, "reward": 0.0, "annotation": ""}