{"rc-position-target": {"height": 2.577294948328165, "distance": 4.233110610943731, "heading": 29.818887468786755, "wrist_angle": -17.29992530465381, "wrist_rotation": 80.31626419188478, "gripper": 29.612773541887734}, "rc-angle-target": {"0": 119.81888746878676, "1": 118.0, "2": 118.0, "3": 118.0, "4": 80.31626419188478}, "rc-pulse-target": {"0": 1871.0, "1": 1771.0, "2": 1811.0, "3": 1811.0, "4": 1392.0, "5": 2055.8083968716837}, "reward": 0.0, "annotation": ""}