{"rc-position-target": {"height": 2.377294948328165, "distance": 4.033110610943732, "heading": 32.818887468786755, "wrist_angle": -20.29992530465381, "wrist_rotation": 80.31626419188478, "gripper": 39.612773541887734}, "rc-angle-target": {"0": 122.81888746878676, "1": 119.0, "2": 121.0, "3": 116.0, "4": 80.31626419188478}, "rc-pulse-target": {"0": 1904.0, "1": 1782.0, "2": 1844.0, "3": 1788.0, "4": 1392.0, "5": 1905.808396871684}, "reward": 0.0, "annotation": ""}