{"rc-position-target": {"height": 1.9772949483281645, "distance": 3.6331106109437314, "heading": 38.818887468786755, "wrist_angle": -26.29992530465381, "wrist_rotation": 80.31626419188478, "gripper": 59.612773541887734}, "rc-angle-target": {"0": 128.81888746878676, "1": 123.0, "2": 127.0, "3": 112.0, "4": 80.31626419188478}, "rc-pulse-target": {"0": 1971.0, "1": 1826.0, "2": 1911.0, "3": 1744.0, "4": 1392.0, "5": 1605.808396871684}, "reward": 0.0, "annotation": ""}