{"rc-position-target": {"height": 2.277294948328165, "distance": 3.9331106109437317, "heading": 34.318887468786755, "wrist_angle": -21.79992530465381, "wrist_rotation": 80.31626419188478, "gripper": 44.612773541887734}, "rc-angle-target": {"0": 124.31888746878676, "1": 120.0, "2": 122.0, "3": 115.0, "4": 80.31626419188478}, "rc-pulse-target": {"0": 1921.0, "1": 1793.0, "2": 1855.0, "3": 1777.0, "4": 1392.0, "5": 1830.808396871684}, "reward": 0.0, "annotation": ""}