{"rc-position-target": {"height": 2.477294948328165, "distance": 4.1331106109437314, "heading": 31.318887468786755, "wrist_angle": -18.79992530465381, "wrist_rotation": 80.31626419188478, "gripper": 34.612773541887734}, "rc-angle-target": {"0": 121.31888746878676, "1": 118.0, "2": 120.0, "3": 117.0, "4": 80.31626419188478}, "rc-pulse-target": {"0": 1887.0, "1": 1771.0, "2": 1833.0, "3": 1800.0, "4": 1392.0, "5": 1980.808396871684}, "reward": 0.0, "annotation": ""}