{"rc-position-target": {"height": 2.7772949483281653, "distance": 4.43311061094373, "heading": 26.818887468786755, "wrist_angle": -14.299925304653812, "wrist_rotation": 80.31626419188478, "gripper": 19.612773541887734}, "rc-angle-target": {"0": 116.81888746878676, "1": 116.0, "2": 116.0, "3": 120.0, "4": 80.31626419188478}, "rc-pulse-target": {"0": 1837.0, "1": 1748.0, "2": 1788.0, "3": 1833.0, "4": 1392.0, "5": 2205.8083968716837}, "reward": 0.0, "annotation": ""}