{"rc-position-target": {"height": 1.8772949483281645, "distance": 3.5331106109437314, "heading": 40.318887468786755, "wrist_angle": -27.79992530465381, "wrist_rotation": 80.31626419188478, "gripper": 64.61277354188773}, "rc-angle-target": {"0": 130.31888746878676, "1": 124.0, "2": 128.0, "3": 110.0, "4": 80.31626419188478}, "rc-pulse-target": {"0": 1987.0, "1": 1837.0, "2": 1922.0, "3": 1722.0, "4": 1392.0, "5": 1530.808396871684}, "reward": 0.0, "annotation": ""}