{"rc-position-target": {"height": 2.9772949483281654, "distance": 4.63311061094373, "heading": 23.818887468786755, "wrist_angle": -11.299925304653812, "wrist_rotation": 80.31626419188478, "gripper": 9.617716546124889}, "rc-angle-target": {"0": 113.81888746878676, "1": 114.0, "2": 113.0, "3": 122.0, "4": 80.31626419188478}, "rc-pulse-target": {"0": 1804.0, "1": 1726.0, "2": 1755.0, "3": 1855.0, "4": 1392.0, "5": 2355.734251808127}, "reward": 0.0, "annotation": ""}