{"rc-position-target": {"height": 2.8772949483281653, "distance": 4.53311061094373, "heading": 25.318887468786755, "wrist_angle": -12.799925304653812, "wrist_rotation": 80.31626419188478, "gripper": 14.612773541887734}, "rc-angle-target": {"0": 115.31888746878676, "1": 115.0, "2": 114.0, "3": 121.0, "4": 80.31626419188478}, "rc-pulse-target": {"0": 1821.0, "1": 1737.0, "2": 1766.0, "3": 1844.0, "4": 1392.0, "5": 2280.8083968716837}, "reward": 0.0, "annotation": ""}