{"rc-position-target": {"height": 3.0772949483281655, "distance": 4.733110610943729, "heading": 22.318887468786755, "wrist_angle": -9.799925304653812, "wrist_rotation": 80.31626419188478, "gripper": 9.617716546124889}, "rc-angle-target": {"0": 112.31888746878676, "1": 113.0, "2": 111.0, "3": 123.0, "4": 80.31626419188478}, "rc-pulse-target": {"0": 1787.0, "1": 1715.0, "2": 1733.0, "3": 1866.0, "4": 1392.0, "5": 2355.734251808127}, "reward": 0.0, "annotation": ""}