{"rc-position-target": {"height": 3.1527660237253694, "distance": 4.7593590772069065, "heading": 7.318887468786755, "wrist_angle": -6.203384682352308, "wrist_rotation": 80.31626419188478, "gripper": 9.617716546124889}, "rc-angle-target": {"0": 97.31888746878676, "1": 113.0, "2": 111.0, "3": 126.0, "4": 80.31626419188478}, "rc-pulse-target": {"0": 1621.0, "1": 1715.0, "2": 1733.0, "3": 1900.0, "4": 1392.0, "5": 2355.734251808127}, "reward": 0.0, "annotation": ""}