{"rc-position-target": {"height": 2.752766023725369, "distance": 4.359359077206908, "heading": -13.437751725939421, "wrist_angle": -12.203384682352308, "wrist_rotation": 82.31626419188478, "gripper": 29.61771654612489}, "rc-angle-target": {"0": 76.56224827406058, "1": 117.0, "2": 116.0, "3": 122.0, "4": 82.31626419188478}, "rc-pulse-target": {"0": 1390.0, "1": 1760.0, "2": 1788.0, "3": 1855.0, "4": 1414.0, "5": 2055.734251808127}, "reward": 0.0, "annotation": ""}