{"rc-position-target": {"height": 2.552766023725369, "distance": 4.159359077206909, "heading": -16.43775172593942, "wrist_angle": -15.203384682352308, "wrist_rotation": 83.31626419188478, "gripper": 39.61771654612489}, "rc-angle-target": {"0": 73.56224827406058, "1": 118.0, "2": 119.0, "3": 120.0, "4": 83.31626419188478}, "rc-pulse-target": {"0": 1357.0, "1": 1771.0, "2": 1822.0, "3": 1833.0, "4": 1425.0, "5": 1905.7342518081268}, "reward": 0.0, "annotation": ""}