{"rc-position-target": {"height": 2.652766023725369, "distance": 4.259359077206908, "heading": -14.937751725939421, "wrist_angle": -13.703384682352308, "wrist_rotation": 82.81626419188478, "gripper": 34.61771654612489}, "rc-angle-target": {"0": 75.06224827406058, "1": 118.0, "2": 118.0, "3": 121.0, "4": 82.81626419188478}, "rc-pulse-target": {"0": 1374.0, "1": 1771.0, "2": 1811.0, "3": 1844.0, "4": 1420.0, "5": 1980.7342518081268}, "reward": 0.0, "annotation": ""}