{"rc-position-target": {"height": 2.852766023725369, "distance": 4.459359077206908, "heading": -11.937751725939421, "wrist_angle": -10.703384682352308, "wrist_rotation": 81.81626419188478, "gripper": 24.61771654612489}, "rc-angle-target": {"0": 78.06224827406058, "1": 116.0, "2": 115.0, "3": 123.0, "4": 81.81626419188478}, "rc-pulse-target": {"0": 1407.0, "1": 1748.0, "2": 1777.0, "3": 1866.0, "4": 1409.0, "5": 2130.734251808127}, "reward": 0.0, "annotation": ""}