{"rc-position-target": {"height": 2.452766023725369, "distance": 4.059359077206909, "heading": -17.93775172593942, "wrist_angle": -16.703384682352308, "wrist_rotation": 83.81626419188478, "gripper": 44.61771654612489}, "rc-angle-target": {"0": 72.06224827406058, "1": 119.0, "2": 120.0, "3": 119.0, "4": 83.81626419188478}, "rc-pulse-target": {"0": 1340.0, "1": 1782.0, "2": 1833.0, "3": 1822.0, "4": 1431.0, "5": 1830.7342518081268}, "reward": 0.0, "annotation": ""}