{"rc-position-target": {"height": 3.0527660237253693, "distance": 4.659359077206907, "heading": -8.937751725939421, "wrist_angle": -7.703384682352308, "wrist_rotation": 80.81626419188478, "gripper": 14.617716546124889}, "rc-angle-target": {"0": 81.06224827406058, "1": 114.0, "2": 112.0, "3": 125.0, "4": 80.81626419188478}, "rc-pulse-target": {"0": 1440.0, "1": 1726.0, "2": 1744.0, "3": 1888.0, "4": 1397.0, "5": 2280.734251808127}, "reward": 0.0, "annotation": ""}