{"rc-position-target": {"height": 2.9527660237253692, "distance": 4.559359077206907, "heading": -10.437751725939421, "wrist_angle": -9.203384682352308, "wrist_rotation": 81.31626419188478, "gripper": 19.61771654612489}, "rc-angle-target": {"0": 79.56224827406058, "1": 115.0, "2": 114.0, "3": 124.0, "4": 81.31626419188478}, "rc-pulse-target": {"0": 1424.0, "1": 1737.0, "2": 1766.0, "3": 1877.0, "4": 1403.0, "5": 2205.734251808127}, "reward": 0.0, "annotation": ""}