{"rc-position-target": {"height": 2.0527660237253684, "distance": 3.761365416618289, "heading": -23.93775172593942, "wrist_angle": -22.703384682352308, "wrist_rotation": 85.81626419188478, "gripper": 57.98404455510432}, "rc-angle-target": {"0": 66.06224827406058, "1": 122.0, "2": 125.0, "3": 115.0, "4": 85.81626419188478}, "rc-pulse-target": {"0": 1274.0, "1": 1815.0, "2": 1888.0, "3": 1777.0, "4": 1453.0, "5": 1630.2393316734351}, "reward": 0.0, "annotation": ""}