{"rc-position-target": {"height": 1.8527660237253682, "distance": 3.761365416618289, "heading": -26.93775172593942, "wrist_angle": -25.703384682352308, "wrist_rotation": 86.36753258626253, "gripper": 57.98404455510432}, "rc-angle-target": {"0": 63.06224827406058, "1": 120.0, "2": 126.0, "3": 115.0, "4": 86.36753258626253}, "rc-pulse-target": {"0": 1240.0, "1": 1793.0, "2": 1900.0, "3": 1777.0, "4": 1459.0, "5": 1630.2393316734351}, "reward": 0.0, "annotation": ""}