{"rc-position-target": {"height": 1.9527660237253683, "distance": 3.761365416618289, "heading": -25.43775172593942, "wrist_angle": -24.203384682352308, "wrist_rotation": 86.31626419188478, "gripper": 57.98404455510432}, "rc-angle-target": {"0": 64.56224827406058, "1": 121.0, "2": 126.0, "3": 115.0, "4": 86.31626419188478}, "rc-pulse-target": {"0": 1257.0, "1": 1804.0, "2": 1900.0, "3": 1777.0, "4": 1459.0, "5": 1630.2393316734351}, "reward": 0.0, "annotation": ""}