{"rc-position-target": {"height": 2.2527660237253686, "distance": 3.859359077206909, "heading": -20.93775172593942, "wrist_angle": -19.703384682352308, "wrist_rotation": 84.81626419188478, "gripper": 54.61771654612489}, "rc-angle-target": {"0": 69.06224827406058, "1": 121.0, "2": 123.0, "3": 117.0, "4": 84.81626419188478}, "rc-pulse-target": {"0": 1307.0, "1": 1804.0, "2": 1866.0, "3": 1800.0, "4": 1442.0, "5": 1680.7342518081268}, "reward": 0.0, "annotation": ""}