{"rc-position-target": {"height": 1.552766023725368, "distance": 3.761365416618289, "heading": -31.43775172593942, "wrist_angle": -30.203384682352308, "wrist_rotation": 86.36753258626253, "gripper": 57.98404455510432}, "rc-angle-target": {"0": 58.56224827406058, "1": 118.0, "2": 127.0, "3": 114.0, "4": 86.36753258626253}, "rc-pulse-target": {"0": 1190.0, "1": 1771.0, "2": 1911.0, "3": 1766.0, "4": 1459.0, "5": 1630.2393316734351}, "reward": 0.0, "annotation": ""}