{"rc-position-target": {"height": 1.652766023725368, "distance": 3.761365416618289, "heading": -29.93775172593942, "wrist_angle": -28.703384682352308, "wrist_rotation": 86.36753258626253, "gripper": 57.98404455510432}, "rc-angle-target": {"0": 60.06224827406058, "1": 119.0, "2": 127.0, "3": 114.0, "4": 86.36753258626253}, "rc-pulse-target": {"0": 1207.0, "1": 1782.0, "2": 1911.0, "3": 1766.0, "4": 1459.0, "5": 1630.2393316734351}, "reward": 0.0, "annotation": ""}