{"rc-position-target": {"height": 1.7527660237253682, "distance": 3.761365416618289, "heading": -28.43775172593942, "wrist_angle": -27.203384682352308, "wrist_rotation": 86.36753258626253, "gripper": 57.98404455510432}, "rc-angle-target": {"0": 61.56224827406058, "1": 119.0, "2": 126.0, "3": 114.0, "4": 86.36753258626253}, "rc-pulse-target": {"0": 1224.0, "1": 1782.0, "2": 1900.0, "3": 1766.0, "4": 1459.0, "5": 1630.2393316734351}, "reward": 0.0, "annotation": ""}