{"rc-position-target": {"height": 2.1527660237253685, "distance": 3.761365416618289, "heading": -22.43775172593942, "wrist_angle": -21.203384682352308, "wrist_rotation": 85.31626419188478, "gripper": 57.98404455510432}, "rc-angle-target": {"0": 67.56224827406058, "1": 122.0, "2": 125.0, "3": 116.0, "4": 85.31626419188478}, "rc-pulse-target": {"0": 1290.0, "1": 1815.0, "2": 1888.0, "3": 1788.0, "4": 1447.0, "5": 1630.2393316734351}, "reward": 0.0, "annotation": ""}