{"rc-position-target": {"height": 1.452766023725368, "distance": 3.761365416618289, "heading": -32.93775172593942, "wrist_angle": -31.703384682352308, "wrist_rotation": 86.36753258626253, "gripper": 57.98404455510432}, "rc-angle-target": {"0": 57.06224827406058, "1": 117.0, "2": 128.0, "3": 113.0, "4": 86.36753258626253}, "rc-pulse-target": {"0": 1174.0, "1": 1760.0, "2": 1922.0, "3": 1755.0, "4": 1459.0, "5": 1630.2393316734351}, "reward": 0.0, "annotation": ""}