{"rc-position-target": {"height": 2.3527660237253687, "distance": 3.959359077206909, "heading": -19.43775172593942, "wrist_angle": -18.203384682352308, "wrist_rotation": 84.31626419188478, "gripper": 49.61771654612489}, "rc-angle-target": {"0": 70.56224827406058, "1": 120.0, "2": 122.0, "3": 118.0, "4": 84.31626419188478}, "rc-pulse-target": {"0": 1324.0, "1": 1793.0, "2": 1855.0, "3": 1811.0, "4": 1436.0, "5": 1755.7342518081268}, "reward": 0.0, "annotation": ""}