{"rc-position-target": {"height": 1.3527660237253678, "distance": 3.761365416618289, "heading": -34.43775172593942, "wrist_angle": -33.20338468235231, "wrist_rotation": 86.36753258626253, "gripper": 57.98404455510432}, "rc-angle-target": {"0": 55.56224827406058, "1": 116.0, "2": 128.0, "3": 113.0, "4": 86.36753258626253}, "rc-pulse-target": {"0": 1157.0, "1": 1748.0, "2": 1922.0, "3": 1755.0, "4": 1459.0, "5": 1630.2393316734351}, "reward": 0.0, "annotation": ""}