{"rc-position-target": {"height": 1.3303466093859169, "distance": 3.761365416618289, "heading": -52.43775172593942, "wrist_angle": -51.20338468235231, "wrist_rotation": 86.36753258626253, "gripper": 57.98404455510432}, "rc-angle-target": {"0": 37.56224827406058, "1": 116.0, "2": 128.0, "3": 96.0, "4": 86.36753258626253}, "rc-pulse-target": {"0": 957.0, "1": 1748.0, "2": 1922.0, "3": 1566.0, "4": 1459.0, "5": 1630.2393316734351}, "reward": 0.0, "annotation": ""}