{"rc-position-target": {"height": 1.6303466093859171, "distance": 3.612462767995112, "heading": -68.79871336125834, "wrist_angle": -46.91298384661943, "wrist_rotation": 84.86753258626253, "gripper": 61.24944966582676}, "rc-angle-target": {"0": 21.201286638741664, "1": 121.0, "2": 128.0, "3": 95.0, "4": 84.86753258626253}, "rc-pulse-target": {"0": 775.0, "1": 1804.0, "2": 1922.0, "3": 1555.0, "4": 1442.0, "5": 1581.2582550125985}, "reward": 0.0, "annotation": ""}