{"rc-position-target": {"height": 1.430346609385917, "distance": 3.6613654166182887, "heading": -71.79871336125834, "wrist_angle": -49.91298384661943, "wrist_rotation": 85.86753258626253, "gripper": 61.24944966582676}, "rc-angle-target": {"0": 18.201286638741664, "1": 118.0, "2": 129.0, "3": 95.0, "4": 85.86753258626253}, "rc-pulse-target": {"0": 742.0, "1": 1771.0, "2": 1933.0, "3": 1555.0, "4": 1454.0, "5": 1581.2582550125985}, "reward": 0.0, "annotation": ""}