{"rc-position-target": {"height": 1.530346609385917, "distance": 3.612462767995112, "heading": -70.29871336125834, "wrist_angle": -48.41298384661943, "wrist_rotation": 85.36753258626253, "gripper": 61.24944966582676}, "rc-angle-target": {"0": 19.701286638741664, "1": 120.0, "2": 129.0, "3": 95.0, "4": 85.36753258626253}, "rc-pulse-target": {"0": 758.0, "1": 1793.0, "2": 1933.0, "3": 1555.0, "4": 1448.0, "5": 1581.2582550125985}, "reward": 0.0, "annotation": ""}