{"rc-position-target": {"height": 1.8303466093859173, "distance": 3.612462767995112, "heading": -65.79871336125834, "wrist_angle": -43.91298384661943, "wrist_rotation": 83.86753258626253, "gripper": 61.24944966582676}, "rc-angle-target": {"0": 24.201286638741664, "1": 122.0, "2": 127.0, "3": 96.0, "4": 83.86753258626253}, "rc-pulse-target": {"0": 808.0, "1": 1815.0, "2": 1911.0, "3": 1566.0, "4": 1431.0, "5": 1581.2582550125985}, "reward": 0.0, "annotation": ""}