{"rc-position-target": {"height": 2.2303466093859177, "distance": 3.612462767995112, "heading": -59.798713361258336, "wrist_angle": -37.91298384661943, "wrist_rotation": 81.86753258626253, "gripper": 61.24944966582676}, "rc-angle-target": {"0": 30.201286638741664, "1": 125.0, "2": 125.0, "3": 97.0, "4": 81.86753258626253}, "rc-pulse-target": {"0": 875.0, "1": 1848.0, "2": 1888.0, "3": 1577.0, "4": 1409.0, "5": 1581.2582550125985}, "reward": 0.0, "annotation": ""}