{"rc-position-target": {"height": 2.630346609385918, "distance": 3.612462767995112, "heading": -53.798713361258336, "wrist_angle": -36.22941346837923, "wrist_rotation": 79.86753258626253, "gripper": 61.24944966582676}, "rc-angle-target": {"0": 36.201286638741664, "1": 127.0, "2": 123.0, "3": 94.0, "4": 79.86753258626253}, "rc-pulse-target": {"0": 942.0, "1": 1871.0, "2": 1866.0, "3": 1544.0, "4": 1387.0, "5": 1581.2582550125985}, "reward": 0.0, "annotation": ""}