{"rc-position-target": {"height": 2.1303466093859176, "distance": 3.612462767995112, "heading": -61.298713361258336, "wrist_angle": -39.41298384661943, "wrist_rotation": 82.36753258626253, "gripper": 61.24944966582676}, "rc-angle-target": {"0": 28.701286638741664, "1": 124.0, "2": 126.0, "3": 97.0, "4": 82.36753258626253}, "rc-pulse-target": {"0": 858.0, "1": 1837.0, "2": 1900.0, "3": 1577.0, "4": 1415.0, "5": 1581.2582550125985}, "reward": 0.0, "annotation": ""}