{"rc-position-target": {"height": 2.3303466093859178, "distance": 3.612462767995112, "heading": -58.298713361258336, "wrist_angle": -36.41298384661943, "wrist_rotation": 81.36753258626253, "gripper": 61.24944966582676}, "rc-angle-target": {"0": 31.701286638741664, "1": 126.0, "2": 125.0, "3": 97.0, "4": 81.36753258626253}, "rc-pulse-target": {"0": 892.0, "1": 1860.0, "2": 1888.0, "3": 1577.0, "4": 1404.0, "5": 1581.2582550125985}, "reward": 0.0, "annotation": ""}