{"rc-position-target": {"height": 2.430346609385918, "distance": 3.612462767995112, "heading": -56.798713361258336, "wrist_angle": -36.22941346837923, "wrist_rotation": 80.86753258626253, "gripper": 61.24944966582676}, "rc-angle-target": {"0": 33.201286638741664, "1": 126.0, "2": 124.0, "3": 96.0, "4": 80.86753258626253}, "rc-pulse-target": {"0": 908.0, "1": 1860.0, "2": 1877.0, "3": 1566.0, "4": 1398.0, "5": 1581.2582550125985}, "reward": 0.0, "annotation": ""}