{"rc-position-target": {"height": 1.9303466093859174, "distance": 3.612462767995112, "heading": -64.29871336125834, "wrist_angle": -42.41298384661943, "wrist_rotation": 83.36753258626253, "gripper": 61.24944966582676}, "rc-angle-target": {"0": 25.701286638741664, "1": 123.0, "2": 127.0, "3": 96.0, "4": 83.36753258626253}, "rc-pulse-target": {"0": 825.0, "1": 1826.0, "2": 1911.0, "3": 1566.0, "4": 1426.0, "5": 1581.2582550125985}, "reward": 0.0, "annotation": ""}