{"rc-position-target": {"height": 2.0303466093859175, "distance": 3.612462767995112, "heading": -62.798713361258336, "wrist_angle": -40.91298384661943, "wrist_rotation": 82.86753258626253, "gripper": 61.24944966582676}, "rc-angle-target": {"0": 27.201286638741664, "1": 124.0, "2": 126.0, "3": 96.0, "4": 82.86753258626253}, "rc-pulse-target": {"0": 842.0, "1": 1837.0, "2": 1900.0, "3": 1566.0, "4": 1420.0, "5": 1581.2582550125985}, "reward": 0.0, "annotation": ""}