{"rc-position-target": {"height": 2.530346609385918, "distance": 3.612462767995112, "heading": -55.298713361258336, "wrist_angle": -36.22941346837923, "wrist_rotation": 80.36753258626253, "gripper": 61.24944966582676}, "rc-angle-target": {"0": 34.701286638741664, "1": 127.0, "2": 124.0, "3": 95.0, "4": 80.36753258626253}, "rc-pulse-target": {"0": 925.0, "1": 1871.0, "2": 1877.0, "3": 1555.0, "4": 1392.0, "5": 1581.2582550125985}, "reward": 0.0, "annotation": ""}