{"rc-position-target": {"height": 1.7303466093859172, "distance": 3.612462767995112, "heading": -67.29871336125834, "wrist_angle": -45.41298384661943, "wrist_rotation": 84.36753258626253, "gripper": 61.24944966582676}, "rc-angle-target": {"0": 22.701286638741664, "1": 122.0, "2": 128.0, "3": 95.0, "4": 84.36753258626253}, "rc-pulse-target": {"0": 792.0, "1": 1815.0, "2": 1922.0, "3": 1555.0, "4": 1437.0, "5": 1581.2582550125985}, "reward": 0.0, "annotation": ""}