{"rc-position-target": {"height": 2.730346609385918, "distance": 3.612462767995112, "heading": -52.298713361258336, "wrist_angle": -36.22941346837923, "wrist_rotation": 79.36753258626253, "gripper": 61.24944966582676}, "rc-angle-target": {"0": 37.701286638741664, "1": 127.0, "2": 123.0, "3": 93.0, "4": 79.36753258626253}, "rc-pulse-target": {"0": 958.0, "1": 1871.0, "2": 1866.0, "3": 1533.0, "4": 1381.0, "5": 1581.2582550125985}, "reward": 0.0, "annotation": ""}