{"rc-position-target": {"height": 2.830346609385918, "distance": 3.612462767995112, "heading": -50.798713361258336, "wrist_angle": -36.22941346837923, "wrist_rotation": 78.86753258626253, "gripper": 61.24944966582676}, "rc-angle-target": {"0": 39.201286638741664, "1": 128.0, "2": 122.0, "3": 92.0, "4": 78.86753258626253}, "rc-pulse-target": {"0": 975.0, "1": 1882.0, "2": 1855.0, "3": 1522.0, "4": 1376.0, "5": 1581.2582550125985}, "reward": 0.0, "annotation": ""}