{"rc-position-target": {"height": 2.9303466093859183, "distance": 3.612462767995112, "heading": -49.298713361258336, "wrist_angle": -36.22941346837923, "wrist_rotation": 78.36753258626253, "gripper": 61.24944966582676}, "rc-angle-target": {"0": 40.701286638741664, "1": 128.0, "2": 121.0, "3": 91.0, "4": 78.36753258626253}, "rc-pulse-target": {"0": 992.0, "1": 1882.0, "2": 1844.0, "3": 1511.0, "4": 1370.0, "5": 1581.2582550125985}, "reward": 0.0, "annotation": ""}