{"rc-position-target": {"height": 3.12061423240229, "distance": 3.612462767995112, "heading": -31.298713361258336, "wrist_angle": -36.22941346837923, "wrist_rotation": 72.36753258626253, "gripper": 61.24944966582676}, "rc-angle-target": {"0": 58.701286638741664, "1": 129.0, "2": 120.0, "3": 90.0, "4": 72.36753258626253}, "rc-pulse-target": {"0": 1192.0, "1": 1893.0, "2": 1833.0, "3": 1500.0, "4": 1304.0, "5": 1581.2582550125985}, "reward": 0.0, "annotation": ""}