{"rc-position-target": {"height": 2.5206142324022895, "distance": 4.212462767995111, "heading": -17.68036405864909, "wrist_angle": -45.22941346837923, "wrist_rotation": 64.89576419320008, "gripper": 53.264407349000194}, "rc-angle-target": {"0": 72.31963594135091, "1": 118.0, "2": 119.0, "3": 91.0, "4": 64.89576419320008}, "rc-pulse-target": {"0": 1343.0, "1": 1771.0, "2": 1822.0, "3": 1511.0, "4": 1221.0, "5": 1701.0338897649972}, "reward": 0.0, "annotation": ""}