{"rc-position-target": {"height": 2.7206142324022897, "distance": 4.012462767995112, "heading": -20.68036405864909, "wrist_angle": -42.22941346837923, "wrist_rotation": 65.89576419320008, "gripper": 53.264407349000194}, "rc-angle-target": {"0": 69.31963594135091, "1": 121.0, "2": 119.0, "3": 90.0, "4": 65.89576419320008}, "rc-pulse-target": {"0": 1310.0, "1": 1804.0, "2": 1822.0, "3": 1500.0, "4": 1232.0, "5": 1701.0338897649972}, "reward": 0.0, "annotation": ""}