{"rc-position-target": {"height": 3.02061423240229, "distance": 3.712462767995112, "heading": -25.18036405864909, "wrist_angle": -37.72941346837923, "wrist_rotation": 67.39576419320008, "gripper": 56.24944966582676}, "rc-angle-target": {"0": 64.81963594135091, "1": 127.0, "2": 120.0, "3": 90.0, "4": 67.39576419320008}, "rc-pulse-target": {"0": 1260.0, "1": 1871.0, "2": 1833.0, "3": 1500.0, "4": 1248.0, "5": 1656.2582550125985}, "reward": 0.0, "annotation": ""}