{"rc-position-target": {"height": 2.82061423240229, "distance": 3.912462767995112, "heading": -22.18036405864909, "wrist_angle": -40.72941346837923, "wrist_rotation": 66.39576419320008, "gripper": 53.264407349000194}, "rc-angle-target": {"0": 67.81963594135091, "1": 123.0, "2": 120.0, "3": 90.0, "4": 66.39576419320008}, "rc-pulse-target": {"0": 1293.0, "1": 1826.0, "2": 1833.0, "3": 1500.0, "4": 1237.0, "5": 1701.0338897649972}, "reward": 0.0, "annotation": ""}