{"rc-position-target": {"height": 2.92061423240229, "distance": 3.812462767995112, "heading": -23.68036405864909, "wrist_angle": -39.22941346837923, "wrist_rotation": 66.89576419320008, "gripper": 53.264407349000194}, "rc-angle-target": {"0": 66.31963594135091, "1": 125.0, "2": 120.0, "3": 90.0, "4": 66.89576419320008}, "rc-pulse-target": {"0": 1276.0, "1": 1848.0, "2": 1833.0, "3": 1500.0, "4": 1243.0, "5": 1701.0338897649972}, "reward": 0.0, "annotation": ""}