{"rc-position-target": {"height": 2.6206142324022896, "distance": 4.112462767995112, "heading": -19.18036405864909, "wrist_angle": -43.72941346837923, "wrist_rotation": 65.39576419320008, "gripper": 53.264407349000194}, "rc-angle-target": {"0": 70.81963594135091, "1": 120.0, "2": 119.0, "3": 90.0, "4": 65.39576419320008}, "rc-pulse-target": {"0": 1326.0, "1": 1793.0, "2": 1822.0, "3": 1500.0, "4": 1226.0, "5": 1701.0338897649972}, "reward": 0.0, "annotation": ""}