{"rc-position-target": {"height": 2.3206142324022894, "distance": 4.412462767995111, "heading": -14.68036405864909, "wrist_angle": -48.22941346837923, "wrist_rotation": 64.47858420950989, "gripper": 53.264407349000194}, "rc-angle-target": {"0": 75.31963594135091, "1": 114.0, "2": 118.0, "3": 91.0, "4": 64.47858420950989}, "rc-pulse-target": {"0": 1376.0, "1": 1726.0, "2": 1811.0, "3": 1511.0, "4": 1216.0, "5": 1701.0338897649972}, "reward": 0.0, "annotation": ""}