{"rc-position-target": {"height": 2.2657168269311416, "distance": 5.112462767995108, "heading": -4.18036405864909, "wrist_angle": -51.25923832015752, "wrist_rotation": 64.47858420950989, "gripper": 53.264407349000194}, "rc-angle-target": {"0": 85.81963594135091, "1": 105.0, "2": 112.0, "3": 91.0, "4": 64.47858420950989}, "rc-pulse-target": {"0": 1493.0, "1": 1626.0, "2": 1744.0, "3": 1511.0, "4": 1216.0, "5": 1701.0338897649972}, "reward": 0.0, "annotation": ""}