{"rc-position-target": {"height": 2.2657168269311416, "distance": 4.51246276799511, "heading": -13.18036405864909, "wrist_angle": -49.72941346837923, "wrist_rotation": 64.47858420950989, "gripper": 53.264407349000194}, "rc-angle-target": {"0": 76.81963594135091, "1": 112.0, "2": 117.0, "3": 90.0, "4": 64.47858420950989}, "rc-pulse-target": {"0": 1393.0, "1": 1704.0, "2": 1800.0, "3": 1500.0, "4": 1216.0, "5": 1701.0338897649972}, "reward": 0.0, "annotation": ""}