{"rc-position-target": {"height": 2.4206142324022895, "distance": 4.312462767995111, "heading": -16.18036405864909, "wrist_angle": -46.72941346837923, "wrist_rotation": 64.47858420950989, "gripper": 53.264407349000194}, "rc-angle-target": {"0": 73.81963594135091, "1": 116.0, "2": 118.0, "3": 91.0, "4": 64.47858420950989}, "rc-pulse-target": {"0": 1360.0, "1": 1748.0, "2": 1811.0, "3": 1511.0, "4": 1216.0, "5": 1701.0338897649972}, "reward": 0.0, "annotation": ""}