{"rc-position-target": {"height": 2.2657168269311416, "distance": 4.812462767995109, "heading": -8.68036405864909, "wrist_angle": -51.25923832015752, "wrist_rotation": 64.47858420950989, "gripper": 53.264407349000194}, "rc-angle-target": {"0": 81.31963594135091, "1": 108.0, "2": 115.0, "3": 90.0, "4": 64.47858420950989}, "rc-pulse-target": {"0": 1443.0, "1": 1660.0, "2": 1777.0, "3": 1500.0, "4": 1216.0, "5": 1701.0338897649972}, "reward": 0.0, "annotation": ""}