{"rc-position-target": {"height": 2.2657168269311416, "distance": 4.912462767995109, "heading": -7.18036405864909, "wrist_angle": -51.25923832015752, "wrist_rotation": 64.47858420950989, "gripper": 53.264407349000194}, "rc-angle-target": {"0": 82.81963594135091, "1": 107.0, "2": 114.0, "3": 90.0, "4": 64.47858420950989}, "rc-pulse-target": {"0": 1460.0, "1": 1648.0, "2": 1766.0, "3": 1500.0, "4": 1216.0, "5": 1701.0338897649972}, "reward": 0.0, "annotation": ""}