{"rc-position-target": {"height": 2.2657168269311416, "distance": 5.3124627679951075, "heading": -1.18036405864909, "wrist_angle": -51.25923832015752, "wrist_rotation": 64.47858420950989, "gripper": 53.264407349000194}, "rc-angle-target": {"0": 88.81963594135091, "1": 102.0, "2": 110.0, "3": 91.0, "4": 64.47858420950989}, "rc-pulse-target": {"0": 1526.0, "1": 1593.0, "2": 1722.0, "3": 1511.0, "4": 1216.0, "5": 1701.0338897649972}, "reward": 0.0, "annotation": ""}