{"rc-position-target": {"height": 2.2657168269311416, "distance": 5.712462767995106, "heading": 4.81963594135091, "wrist_angle": -51.25923832015752, "wrist_rotation": 64.47858420950989, "gripper": 53.264407349000194}, "rc-angle-target": {"0": 94.81963594135091, "1": 98.0, "2": 106.0, "3": 92.0, "4": 64.47858420950989}, "rc-pulse-target": {"0": 1593.0, "1": 1548.0, "2": 1677.0, "3": 1522.0, "4": 1216.0, "5": 1701.0338897649972}, "reward": 0.0, "annotation": ""}