{"rc-position-target": {"height": 2.2657168269311416, "distance": 5.512462767995107, "heading": 1.81963594135091, "wrist_angle": -51.25923832015752, "wrist_rotation": 64.47858420950989, "gripper": 53.264407349000194}, "rc-angle-target": {"0": 91.81963594135091, "1": 100.0, "2": 108.0, "3": 92.0, "4": 64.47858420950989}, "rc-pulse-target": {"0": 1560.0, "1": 1571.0, "2": 1700.0, "3": 1522.0, "4": 1216.0, "5": 1701.0338897649972}, "reward": 0.0, "annotation": ""}