{"rc-position-target": {"height": 2.2657168269311416, "distance": 5.812462767995106, "heading": 5.263948847818341, "wrist_angle": -51.25923832015752, "wrist_rotation": 64.47858420950989, "gripper": 53.264407349000194}, "rc-angle-target": {"0": 95.26394884781834, "1": 97.0, "2": 105.0, "3": 92.0, "4": 64.47858420950989}, "rc-pulse-target": {"0": 1598.0, "1": 1537.0, "2": 1666.0, "3": 1522.0, "4": 1216.0, "5": 1701.0338897649972}, "reward": 0.0, "annotation": ""}