{"rc-position-target": {"height": 2.465716826931142, "distance": 8.698575805437581, "heading": 2.263948847818341, "wrist_angle": -48.25923832015752, "wrist_rotation": 65.47858420950989, "gripper": 59.73788249079164}, "rc-angle-target": {"0": 92.26394884781834, "1": 70.0, "2": 74.0, "3": 91.0, "4": 65.47858420950989}, "rc-pulse-target": {"0": 1565.0, "1": 1237.0, "2": 1322.0, "3": 1511.0, "4": 1227.0, "5": 1603.9317626381253}, "reward": 0.0, "annotation": ""}