{"rc-position-target": {"height": 2.3657168269311417, "distance": 8.798575805437581, "heading": 3.763948847818341, "wrist_angle": -49.75923832015752, "wrist_rotation": 64.97858420950989, "gripper": 58.264407349000194}, "rc-angle-target": {"0": 93.76394884781834, "1": 68.0, "2": 74.0, "3": 90.0, "4": 64.97858420950989}, "rc-pulse-target": {"0": 1581.0, "1": 1215.0, "2": 1322.0, "3": 1500.0, "4": 1221.0, "5": 1626.0338897649972}, "reward": 0.0, "annotation": ""}