{"rc-position-target": {"height": 2.565716826931142, "distance": 8.624127618853699, "heading": 0.7639488478183409, "wrist_angle": -46.75923832015752, "wrist_rotation": 65.97858420950989, "gripper": 59.73788249079164}, "rc-angle-target": {"0": 90.76394884781834, "1": 71.0, "2": 75.0, "3": 92.0, "4": 65.97858420950989}, "rc-pulse-target": {"0": 1548.0, "1": 1248.0, "2": 1333.0, "3": 1522.0, "4": 1233.0, "5": 1603.9317626381253}, "reward": 0.0, "annotation": ""}