{"rc-position-target": {"height": 2.665716826931142, "distance": 8.624127618853699, "heading": -0.7360511521816591, "wrist_angle": -45.25923832015752, "wrist_rotation": 66.47858420950989, "gripper": 59.73788249079164}, "rc-angle-target": {"0": 89.26394884781834, "1": 71.0, "2": 75.0, "3": 93.0, "4": 66.47858420950989}, "rc-pulse-target": {"0": 1531.0, "1": 1248.0, "2": 1333.0, "3": 1533.0, "4": 1238.0, "5": 1603.9317626381253}, "reward": 0.0, "annotation": ""}