{"rc-position-target": {"height": 3.2657168269311425, "distance": 8.624127618853699, "heading": -9.736051152181659, "wrist_angle": -36.25923832015752, "wrist_rotation": 69.47858420950989, "gripper": 59.73788249079164}, "rc-angle-target": {"0": 80.26394884781834, "1": 73.0, "2": 72.0, "3": 97.0, "4": 69.47858420950989}, "rc-pulse-target": {"0": 1431.0, "1": 1271.0, "2": 1300.0, "3": 1577.0, "4": 1271.0, "5": 1603.9317626381253}, "reward": 0.0, "annotation": ""}