{"rc-position-target": {"height": 2.765716826931142, "distance": 8.624127618853699, "heading": -2.236051152181659, "wrist_angle": -43.75923832015752, "wrist_rotation": 66.97858420950989, "gripper": 59.73788249079164}, "rc-angle-target": {"0": 87.76394884781834, "1": 72.0, "2": 74.0, "3": 93.0, "4": 66.97858420950989}, "rc-pulse-target": {"0": 1515.0, "1": 1260.0, "2": 1322.0, "3": 1533.0, "4": 1244.0, "5": 1603.9317626381253}, "reward": 0.0, "annotation": ""}