{"rc-position-target": {"height": 3.3657168269311426, "distance": 8.624127618853699, "heading": -11.236051152181659, "wrist_angle": -34.75923832015752, "wrist_rotation": 69.97858420950989, "gripper": 59.73788249079164}, "rc-angle-target": {"0": 78.76394884781834, "1": 74.0, "2": 72.0, "3": 98.0, "4": 69.97858420950989}, "rc-pulse-target": {"0": 1415.0, "1": 1282.0, "2": 1300.0, "3": 1588.0, "4": 1277.0, "5": 1603.9317626381253}, "reward": 0.0, "annotation": ""}