{"rc-position-target": {"height": 3.1657168269311424, "distance": 8.624127618853699, "heading": -8.236051152181659, "wrist_angle": -37.75923832015752, "wrist_rotation": 68.97858420950989, "gripper": 59.73788249079164}, "rc-angle-target": {"0": 81.76394884781834, "1": 73.0, "2": 73.0, "3": 96.0, "4": 68.97858420950989}, "rc-pulse-target": {"0": 1448.0, "1": 1271.0, "2": 1311.0, "3": 1566.0, "4": 1266.0, "5": 1603.9317626381253}, "reward": 0.0, "annotation": ""}