{"rc-position-target": {"height": 3.4657168269311427, "distance": 8.624127618853699, "heading": -12.736051152181659, "wrist_angle": -33.25923832015752, "wrist_rotation": 70.47858420950989, "gripper": 59.73788249079164}, "rc-angle-target": {"0": 77.26394884781834, "1": 74.0, "2": 71.0, "3": 99.0, "4": 70.47858420950989}, "rc-pulse-target": {"0": 1398.0, "1": 1282.0, "2": 1288.0, "3": 1600.0, "4": 1283.0, "5": 1603.9317626381253}, "reward": 0.0, "annotation": ""}