{"rc-position-target": {"height": 2.865716826931142, "distance": 8.624127618853699, "heading": -3.736051152181659, "wrist_angle": -42.25923832015752, "wrist_rotation": 67.47858420950989, "gripper": 59.73788249079164}, "rc-angle-target": {"0": 86.26394884781834, "1": 72.0, "2": 74.0, "3": 94.0, "4": 67.47858420950989}, "rc-pulse-target": {"0": 1498.0, "1": 1260.0, "2": 1322.0, "3": 1544.0, "4": 1249.0, "5": 1603.9317626381253}, "reward": 0.0, "annotation": ""}