{"rc-position-target": {"height": 3.0657168269311423, "distance": 8.624127618853699, "heading": -6.736051152181659, "wrist_angle": -39.25923832015752, "wrist_rotation": 68.47858420950989, "gripper": 59.73788249079164}, "rc-angle-target": {"0": 83.26394884781834, "1": 73.0, "2": 73.0, "3": 96.0, "4": 68.47858420950989}, "rc-pulse-target": {"0": 1465.0, "1": 1271.0, "2": 1311.0, "3": 1566.0, "4": 1260.0, "5": 1603.9317626381253}, "reward": 0.0, "annotation": ""}