{"rc-position-target": {"height": 2.9657168269311422, "distance": 8.624127618853699, "heading": -5.236051152181659, "wrist_angle": -40.75923832015752, "wrist_rotation": 67.97858420950989, "gripper": 59.73788249079164}, "rc-angle-target": {"0": 84.76394884781834, "1": 72.0, "2": 73.0, "3": 95.0, "4": 67.97858420950989}, "rc-pulse-target": {"0": 1481.0, "1": 1260.0, "2": 1311.0, "3": 1555.0, "4": 1255.0, "5": 1603.9317626381253}, "reward": 0.0, "annotation": ""}