{"rc-position-target": {"height": 3.96605089513825, "distance": 8.624127618853699, "heading": -21.73605115218166, "wrist_angle": -24.25923832015752, "wrist_rotation": 73.47858420950989, "gripper": 59.73788249079164}, "rc-angle-target": {"0": 68.26394884781834, "1": 75.0, "2": 69.0, "3": 104.0, "4": 73.47858420950989}, "rc-pulse-target": {"0": 1298.0, "1": 1293.0, "2": 1266.0, "3": 1655.0, "4": 1316.0, "5": 1603.9317626381253}, "reward": 0.0, "annotation": ""}