{"rc-position-target": {"height": 3.865716826931143, "distance": 8.624127618853699, "heading": -18.73605115218166, "wrist_angle": -27.25923832015752, "wrist_rotation": 72.47858420950989, "gripper": 59.73788249079164}, "rc-angle-target": {"0": 71.26394884781834, "1": 75.0, "2": 69.0, "3": 102.0, "4": 72.47858420950989}, "rc-pulse-target": {"0": 1331.0, "1": 1293.0, "2": 1266.0, "3": 1633.0, "4": 1305.0, "5": 1603.9317626381253}, "reward": 0.0, "annotation": ""}