{"rc-position-target": {"height": 3.665716826931143, "distance": 8.624127618853699, "heading": -15.736051152181659, "wrist_angle": -30.25923832015752, "wrist_rotation": 71.47858420950989, "gripper": 59.73788249079164}, "rc-angle-target": {"0": 74.26394884781834, "1": 74.0, "2": 70.0, "3": 100.0, "4": 71.47858420950989}, "rc-pulse-target": {"0": 1365.0, "1": 1282.0, "2": 1277.0, "3": 1611.0, "4": 1294.0, "5": 1603.9317626381253}, "reward": 0.0, "annotation": ""}