{"rc-position-target": {"height": 3.96605089513825, "distance": 8.624127618853699, "heading": -29.23605115218166, "wrist_angle": -16.75923832015752, "wrist_rotation": 75.97858420950989, "gripper": 59.73788249079164}, "rc-angle-target": {"0": 60.76394884781834, "1": 75.0, "2": 69.0, "3": 111.0, "4": 75.97858420950989}, "rc-pulse-target": {"0": 1215.0, "1": 1293.0, "2": 1266.0, "3": 1733.0, "4": 1344.0, "5": 1603.9317626381253}, "reward": 0.0, "annotation": ""}