{"rc-position-target": {"height": 3.96605089513825, "distance": 8.624127618853699, "heading": -27.73605115218166, "wrist_angle": -18.25923832015752, "wrist_rotation": 75.47858420950989, "gripper": 59.73788249079164}, "rc-angle-target": {"0": 62.26394884781834, "1": 75.0, "2": 69.0, "3": 110.0, "4": 75.47858420950989}, "rc-pulse-target": {"0": 1231.0, "1": 1293.0, "2": 1266.0, "3": 1722.0, "4": 1338.0, "5": 1603.9317626381253}, "reward": 0.0, "annotation": ""}