{"rc-position-target": {"height": 3.965716826931143, "distance": 8.624127618853699, "heading": -20.23605115218166, "wrist_angle": -25.75923832015752, "wrist_rotation": 72.97858420950989, "gripper": 59.73788249079164}, "rc-angle-target": {"0": 69.76394884781834, "1": 75.0, "2": 69.0, "3": 102.0, "4": 72.97858420950989}, "rc-pulse-target": {"0": 1315.0, "1": 1293.0, "2": 1266.0, "3": 1633.0, "4": 1310.0, "5": 1603.9317626381253}, "reward": 0.0, "annotation": ""}