{"rc-position-target": {"height": 3.765716826931143, "distance": 8.624127618853699, "heading": -17.23605115218166, "wrist_angle": -28.75923832015752, "wrist_rotation": 71.97858420950989, "gripper": 59.73788249079164}, "rc-angle-target": {"0": 72.76394884781834, "1": 75.0, "2": 70.0, "3": 101.0, "4": 71.97858420950989}, "rc-pulse-target": {"0": 1348.0, "1": 1293.0, "2": 1277.0, "3": 1622.0, "4": 1299.0, "5": 1603.9317626381253}, "reward": 0.0, "annotation": ""}