{"rc-position-target": {"height": 3.96605089513825, "distance": 8.624127618853699, "heading": -30.73605115218166, "wrist_angle": -15.259238320157522, "wrist_rotation": 76.47858420950989, "gripper": 59.73788249079164}, "rc-angle-target": {"0": 59.26394884781834, "1": 75.0, "2": 69.0, "3": 113.0, "4": 76.47858420950989}, "rc-pulse-target": {"0": 1198.0, "1": 1293.0, "2": 1266.0, "3": 1755.0, "4": 1349.0, "5": 1603.9317626381253}, "reward": 0.0, "annotation": ""}