{"rc-position-target": {"height": 3.96605089513825, "distance": 8.624127618853699, "heading": -32.23605115218166, "wrist_angle": -13.759238320157522, "wrist_rotation": 76.97858420950989, "gripper": 59.73788249079164}, "rc-angle-target": {"0": 57.76394884781834, "1": 75.0, "2": 69.0, "3": 114.0, "4": 76.97858420950989}, "rc-pulse-target": {"0": 1181.0, "1": 1293.0, "2": 1266.0, "3": 1766.0, "4": 1355.0, "5": 1603.9317626381253}, "reward": 0.0, "annotation": ""}