{"rc-position-target": {"height": 3.96605089513825, "distance": 8.624127618853699, "heading": -39.73605115218166, "wrist_angle": -12.1924609697803, "wrist_rotation": 79.47858420950989, "gripper": 59.73788249079164}, "rc-angle-target": {"0": 50.26394884781834, "1": 75.0, "2": 69.0, "3": 116.0, "4": 79.47858420950989}, "rc-pulse-target": {"0": 1098.0, "1": 1293.0, "2": 1266.0, "3": 1788.0, "4": 1383.0, "5": 1603.9317626381253}, "reward": 0.0, "annotation": ""}