{"rc-position-target": {"height": 3.4660508951382494, "distance": 8.1241276188537, "heading": -50.87256281454241, "wrist_angle": -19.6924609697803, "wrist_rotation": 80.97858420950989, "gripper": 34.73788249079164}, "rc-angle-target": {"0": 39.12743718545759, "1": 79.0, "2": 77.0, "3": 113.0, "4": 80.97858420950989}, "rc-pulse-target": {"0": 974.0, "1": 1337.0, "2": 1355.0, "3": 1755.0, "4": 1399.0, "5": 1978.9317626381255}, "reward": 0.0, "annotation": ""}