{"rc-position-target": {"height": 3.5660508951382495, "distance": 8.2241276188537, "heading": -50.87256281454241, "wrist_angle": -18.1924609697803, "wrist_rotation": 81.47858420950989, "gripper": 39.73788249079164}, "rc-angle-target": {"0": 39.12743718545759, "1": 78.0, "2": 75.0, "3": 114.0, "4": 81.47858420950989}, "rc-pulse-target": {"0": 974.0, "1": 1326.0, "2": 1333.0, "3": 1766.0, "4": 1405.0, "5": 1903.9317626381253}, "reward": 0.0, "annotation": ""}