{"rc-position-target": {"height": 3.8660508951382497, "distance": 8.524127618853699, "heading": -50.87256281454241, "wrist_angle": -13.6924609697803, "wrist_rotation": 82.97858420950989, "gripper": 54.73788249079164}, "rc-angle-target": {"0": 39.12743718545759, "1": 76.0, "2": 70.0, "3": 115.0, "4": 82.97858420950989}, "rc-pulse-target": {"0": 974.0, "1": 1304.0, "2": 1277.0, "3": 1777.0, "4": 1421.0, "5": 1678.9317626381253}, "reward": 0.0, "annotation": ""}