{"rc-position-target": {"height": 3.6660508951382496, "distance": 8.3241276188537, "heading": -50.87256281454241, "wrist_angle": -16.6924609697803, "wrist_rotation": 81.97858420950989, "gripper": 44.73788249079164}, "rc-angle-target": {"0": 39.12743718545759, "1": 77.0, "2": 74.0, "3": 114.0, "4": 81.97858420950989}, "rc-pulse-target": {"0": 974.0, "1": 1315.0, "2": 1322.0, "3": 1766.0, "4": 1410.0, "5": 1828.9317626381253}, "reward": 0.0, "annotation": ""}