{"rc-position-target": {"height": 3.7660508951382496, "distance": 8.4241276188537, "heading": -50.87256281454241, "wrist_angle": -15.1924609697803, "wrist_rotation": 82.47858420950989, "gripper": 49.73788249079164}, "rc-angle-target": {"0": 39.12743718545759, "1": 77.0, "2": 72.0, "3": 115.0, "4": 82.47858420950989}, "rc-pulse-target": {"0": 974.0, "1": 1315.0, "2": 1300.0, "3": 1777.0, "4": 1416.0, "5": 1753.9317626381253}, "reward": 0.0, "annotation": ""}