{"rc-position-target": {"height": 2.966050895138249, "distance": 7.624127618853702, "heading": -50.87256281454241, "wrist_angle": -27.1924609697803, "wrist_rotation": 78.47858420950989, "gripper": 9.737882490791641}, "rc-angle-target": {"0": 39.12743718545759, "1": 82.0, "2": 85.0, "3": 110.0, "4": 78.47858420950989}, "rc-pulse-target": {"0": 974.0, "1": 1371.0, "2": 1444.0, "3": 1722.0, "4": 1371.0, "5": 2353.9317626381253}, "reward": 0.0, "annotation": ""}