{"rc-position-target": {"height": 3.266050895138249, "distance": 7.924127618853701, "heading": -50.87256281454241, "wrist_angle": -22.6924609697803, "wrist_rotation": 79.97858420950989, "gripper": 24.73788249079164}, "rc-angle-target": {"0": 39.12743718545759, "1": 80.0, "2": 80.0, "3": 112.0, "4": 79.97858420950989}, "rc-pulse-target": {"0": 974.0, "1": 1348.0, "2": 1388.0, "3": 1744.0, "4": 1388.0, "5": 2128.9317626381253}, "reward": 0.0, "annotation": ""}