{"rc-position-target": {"height": 3.066050895138249, "distance": 7.724127618853702, "heading": -50.87256281454241, "wrist_angle": -25.6924609697803, "wrist_rotation": 78.97858420950989, "gripper": 14.737882490791641}, "rc-angle-target": {"0": 39.12743718545759, "1": 81.0, "2": 83.0, "3": 111.0, "4": 78.97858420950989}, "rc-pulse-target": {"0": 974.0, "1": 1360.0, "2": 1422.0, "3": 1733.0, "4": 1377.0, "5": 2278.9317626381253}, "reward": 0.0, "annotation": ""}