{"rc-position-target": {"height": 2.5923584583922383, "distance": 7.124127618853704, "heading": -50.87256281454241, "wrist_angle": -34.6924609697803, "wrist_rotation": 77.71628968349825, "gripper": 0.23651627896991156}, "rc-angle-target": {"0": 39.12743718545759, "1": 85.0, "2": 91.0, "3": 106.0, "4": 77.71628968349825}, "rc-pulse-target": {"0": 974.0, "1": 1404.0, "2": 1511.0, "3": 1677.0, "4": 1363.0, "5": 2496.4522558154513}, "reward": 0.0, "annotation": ""}