{"rc-position-target": {"height": 3.166050895138249, "distance": 7.8241276188537014, "heading": -50.87256281454241, "wrist_angle": -24.1924609697803, "wrist_rotation": 79.47858420950989, "gripper": 19.73788249079164}, "rc-angle-target": {"0": 39.12743718545759, "1": 81.0, "2": 82.0, "3": 111.0, "4": 79.47858420950989}, "rc-pulse-target": {"0": 974.0, "1": 1360.0, "2": 1411.0, "3": 1733.0, "4": 1383.0, "5": 2203.9317626381253}, "reward": 0.0, "annotation": ""}