{"rc-position-target": {"height": 2.866050895138249, "distance": 7.5241276188537025, "heading": -50.87256281454241, "wrist_angle": -28.6924609697803, "wrist_rotation": 77.97858420950989, "gripper": 4.737882490791641}, "rc-angle-target": {"0": 39.12743718545759, "1": 82.0, "2": 86.0, "3": 109.0, "4": 77.97858420950989}, "rc-pulse-target": {"0": 974.0, "1": 1371.0, "2": 1455.0, "3": 1711.0, "4": 1366.0, "5": 2428.9317626381253}, "reward": 0.0, "annotation": ""}