{"rc-position-target": {"height": 2.7660508951382488, "distance": 7.424127618853703, "heading": -50.87256281454241, "wrist_angle": -30.1924609697803, "wrist_rotation": 77.71628968349825, "gripper": 0.23651627896991156}, "rc-angle-target": {"0": 39.12743718545759, "1": 83.0, "2": 87.0, "3": 109.0, "4": 77.71628968349825}, "rc-pulse-target": {"0": 974.0, "1": 1382.0, "2": 1466.0, "3": 1711.0, "4": 1363.0, "5": 2496.4522558154513}, "reward": 0.0, "annotation": ""}