{"rc-position-target": {"height": 3.3660508951382493, "distance": 8.0241276188537, "heading": -50.87256281454241, "wrist_angle": -21.1924609697803, "wrist_rotation": 80.47858420950989, "gripper": 29.73788249079164}, "rc-angle-target": {"0": 39.12743718545759, "1": 79.0, "2": 78.0, "3": 112.0, "4": 80.47858420950989}, "rc-pulse-target": {"0": 974.0, "1": 1337.0, "2": 1366.0, "3": 1744.0, "4": 1394.0, "5": 2053.9317626381253}, "reward": 0.0, "annotation": ""}