{"rc-position-target": {"height": 2.5923584583922383, "distance": 6.924127618853705, "heading": -50.87256281454241, "wrist_angle": -37.6924609697803, "wrist_rotation": 77.71628968349825, "gripper": 0.23651627896991156}, "rc-angle-target": {"0": 39.12743718545759, "1": 87.0, "2": 93.0, "3": 103.0, "4": 77.71628968349825}, "rc-pulse-target": {"0": 974.0, "1": 1426.0, "2": 1533.0, "3": 1644.0, "4": 1363.0, "5": 2496.4522558154513}, "reward": 0.0, "annotation": ""}