{"rc-position-target": {"height": 2.5923584583922383, "distance": 6.824127618853705, "heading": -50.87256281454241, "wrist_angle": -39.1924609697803, "wrist_rotation": 77.71628968349825, "gripper": 0.23651627896991156}, "rc-angle-target": {"0": 39.12743718545759, "1": 88.0, "2": 94.0, "3": 102.0, "4": 77.71628968349825}, "rc-pulse-target": {"0": 974.0, "1": 1437.0, "2": 1544.0, "3": 1633.0, "4": 1363.0, "5": 2496.4522558154513}, "reward": 0.0, "annotation": ""}