{"rc-position-target": {"height": 2.5923584583922383, "distance": 6.683818103292465, "heading": -50.87256281454241, "wrist_angle": -57.1924609697803, "wrist_rotation": 77.71628968349825, "gripper": 0.23651627896991156}, "rc-angle-target": {"0": 39.12743718545759, "1": 89.0, "2": 96.0, "3": 84.0, "4": 77.71628968349825}, "rc-pulse-target": {"0": 974.0, "1": 1448.0, "2": 1566.0, "3": 1433.0, "4": 1363.0, "5": 2496.4522558154513}, "reward": 0.0, "annotation": ""}