{"rc-position-target": {"height": 4.8068432156833945, "distance": 5.799999999999997, "heading": 1.9173671152735494, "wrist_angle": -33.0, "wrist_rotation": 79.0, "gripper": 60.0}, "rc-angle-target": {"0": 91.91736711527355, "1": 105.0, "2": 92.0, "3": 88.0, "4": 79.0}, "rc-pulse-target": {"0": 1561.0, "1": 1626.0, "2": 1522.0, "3": 1477.0, "4": 1377.0, "5": 1600.0}, "reward": 0.0, "annotation": ""}