{"rc-position-target": {"height": 4.8068432156833945, "distance": 5.599999999999998, "heading": 1.9173671152735494, "wrist_angle": -36.0, "wrist_rotation": 78.0, "gripper": 70.0}, "rc-angle-target": {"0": 91.91736711527355, "1": 107.0, "2": 93.0, "3": 85.0, "4": 78.0}, "rc-pulse-target": {"0": 1561.0, "1": 1648.0, "2": 1533.0, "3": 1444.0, "4": 1366.0, "5": 1450.0}, "reward": 0.0, "annotation": ""}