{"rc-position-target": {"height": 4.8068432156833945, "distance": 5.899999999999997, "heading": 1.9173671152735494, "wrist_angle": -31.5, "wrist_rotation": 79.5, "gripper": 55.0}, "rc-angle-target": {"0": 91.91736711527355, "1": 104.0, "2": 91.0, "3": 90.0, "4": 79.5}, "rc-pulse-target": {"0": 1561.0, "1": 1615.0, "2": 1511.0, "3": 1500.0, "4": 1383.0, "5": 1675.0}, "reward": 0.0, "annotation": ""}