{"rc-position-target": {"height": 4.8068432156833945, "distance": 5.399999999999999, "heading": 1.9173671152735494, "wrist_angle": -39.0, "wrist_rotation": 77.0, "gripper": 80.0}, "rc-angle-target": {"0": 91.91736711527355, "1": 109.0, "2": 95.0, "3": 81.0, "4": 77.0}, "rc-pulse-target": {"0": 1561.0, "1": 1671.0, "2": 1555.0, "3": 1400.0, "4": 1355.0, "5": 1300.0}, "reward": 0.0, "annotation": ""}