{"rc-position-target": {"height": 4.8068432156833945, "distance": 5.299999999999999, "heading": 1.9173671152735494, "wrist_angle": -40.5, "wrist_rotation": 76.5, "gripper": 85.0}, "rc-angle-target": {"0": 91.91736711527355, "1": 110.0, "2": 96.0, "3": 79.0, "4": 76.5}, "rc-pulse-target": {"0": 1561.0, "1": 1682.0, "2": 1566.0, "3": 1377.0, "4": 1350.0, "5": 1225.0}, "reward": 0.0, "annotation": ""}