{"rc-position-target": {"height": 4.8068432156833945, "distance": 5.499999999999998, "heading": 1.9173671152735494, "wrist_angle": -37.5, "wrist_rotation": 77.5, "gripper": 75.0}, "rc-angle-target": {"0": 91.91736711527355, "1": 108.0, "2": 94.0, "3": 83.0, "4": 77.5}, "rc-pulse-target": {"0": 1561.0, "1": 1660.0, "2": 1544.0, "3": 1422.0, "4": 1361.0, "5": 1375.0}, "reward": -0.5, "annotation": "going up"}