{"rc-position-target": {"height": 4.8068432156833945, "distance": 5.6999999999999975, "heading": 1.9173671152735494, "wrist_angle": -34.5, "wrist_rotation": 78.5, "gripper": 65.0}, "rc-angle-target": {"0": 91.91736711527355, "1": 106.0, "2": 93.0, "3": 86.0, "4": 78.5}, "rc-pulse-target": {"0": 1561.0, "1": 1637.0, "2": 1533.0, "3": 1455.0, "4": 1372.0, "5": 1525.0}, "reward": 0.0, "annotation": ""}