{"rc-position-target": {"height": 4.8068432156833945, "distance": 5.199999999999999, "heading": 1.9173671152735494, "wrist_angle": -42.0, "wrist_rotation": 76.0, "gripper": 90.0}, "rc-angle-target": {"0": 91.91736711527355, "1": 112.0, "2": 97.0, "3": 78.0, "4": 76.0}, "rc-pulse-target": {"0": 1561.0, "1": 1704.0, "2": 1577.0, "3": 1366.0, "4": 1344.0, "5": 1150.0}, "reward": 0.0, "annotation": ""}