{"rc-position-target": {"height": 4.8068432156833945, "distance": 6.199999999999996, "heading": 1.9173671152735494, "wrist_angle": -27.0, "wrist_rotation": 81.0, "gripper": 40.0}, "rc-angle-target": {"0": 91.91736711527355, "1": 101.0, "2": 88.0, "3": 95.0, "4": 81.0}, "rc-pulse-target": {"0": 1561.0, "1": 1582.0, "2": 1477.0, "3": 1555.0, "4": 1400.0, "5": 1900.0}, "reward": 0.0, "annotation": ""}