{"rc-position-target": {"height": 4.8068432156833945, "distance": 6.099999999999996, "heading": 1.9173671152735494, "wrist_angle": -28.5, "wrist_rotation": 80.5, "gripper": 45.0}, "rc-angle-target": {"0": 91.91736711527355, "1": 102.0, "2": 89.0, "3": 93.0, "4": 80.5}, "rc-pulse-target": {"0": 1561.0, "1": 1593.0, "2": 1488.0, "3": 1533.0, "4": 1394.0, "5": 1825.0}, "reward": 0.0, "annotation": ""}