{"rc-position-target": {"height": 4.8068432156833945, "distance": 6.399999999999995, "heading": 1.9173671152735494, "wrist_angle": -24.0, "wrist_rotation": 82.0, "gripper": 30.0}, "rc-angle-target": {"0": 91.91736711527355, "1": 99.0, "2": 87.0, "3": 98.0, "4": 82.0}, "rc-pulse-target": {"0": 1561.0, "1": 1560.0, "2": 1466.0, "3": 1588.0, "4": 1411.0, "5": 2050.0}, "reward": 0.0, "annotation": ""}