{"rc-position-target": {"height": 4.8068432156833945, "distance": 5.9999999999999964, "heading": 1.9173671152735494, "wrist_angle": -30.0, "wrist_rotation": 80.0, "gripper": 50.0}, "rc-angle-target": {"0": 91.91736711527355, "1": 103.0, "2": 90.0, "3": 92.0, "4": 80.0}, "rc-pulse-target": {"0": 1561.0, "1": 1604.0, "2": 1500.0, "3": 1522.0, "4": 1388.0, "5": 1750.0}, "reward": 0.0, "annotation": ""}