{"rc-position-target": {"height": 4.8068432156833945, "distance": 6.299999999999995, "heading": 1.9173671152735494, "wrist_angle": -25.5, "wrist_rotation": 81.5, "gripper": 35.0}, "rc-angle-target": {"0": 91.91736711527355, "1": 100.0, "2": 87.0, "3": 97.0, "4": 81.5}, "rc-pulse-target": {"0": 1561.0, "1": 1571.0, "2": 1466.0, "3": 1577.0, "4": 1405.0, "5": 1975.0}, "reward": 0.0, "annotation": ""}