{"rc-position-target": {"height": 4.8068432156833945, "distance": 6.599999999999994, "heading": 1.9173671152735494, "wrist_angle": -21.0, "wrist_rotation": 83.0, "gripper": 20.0}, "rc-angle-target": {"0": 91.91736711527355, "1": 97.0, "2": 85.0, "3": 101.0, "4": 83.0}, "rc-pulse-target": {"0": 1561.0, "1": 1537.0, "2": 1444.0, "3": 1622.0, "4": 1422.0, "5": 2200.0}, "reward": 0.0, "annotation": ""}