{"rc-position-target": {"height": 4.8068432156833945, "distance": 6.899999999999993, "heading": 1.9173671152735494, "wrist_angle": -16.5, "wrist_rotation": 84.5, "gripper": 5.0}, "rc-angle-target": {"0": 91.91736711527355, "1": 94.0, "2": 82.0, "3": 106.0, "4": 84.5}, "rc-pulse-target": {"0": 1561.0, "1": 1504.0, "2": 1411.0, "3": 1677.0, "4": 1438.0, "5": 2425.0}, "reward": 0.0, "annotation": ""}