{"rc-position-target": {"height": 4.8068432156833945, "distance": 6.699999999999994, "heading": 1.9173671152735494, "wrist_angle": -19.5, "wrist_rotation": 83.5, "gripper": 15.0}, "rc-angle-target": {"0": 91.91736711527355, "1": 96.0, "2": 84.0, "3": 103.0, "4": 83.5}, "rc-pulse-target": {"0": 1561.0, "1": 1526.0, "2": 1433.0, "3": 1644.0, "4": 1427.0, "5": 2275.0}, "reward": 0.0, "annotation": ""}