{"rc-position-target": {"height": 4.8068432156833945, "distance": 6.499999999999995, "heading": 1.9173671152735494, "wrist_angle": -22.5, "wrist_rotation": 82.5, "gripper": 25.0}, "rc-angle-target": {"0": 91.91736711527355, "1": 98.0, "2": 86.0, "3": 100.0, "4": 82.5}, "rc-pulse-target": {"0": 1561.0, "1": 1548.0, "2": 1455.0, "3": 1611.0, "4": 1416.0, "5": 2125.0}, "reward": 0.0, "annotation": ""}