{"rc-position-target": {"height": 4.8068432156833945, "distance": 6.799999999999994, "heading": 1.9173671152735494, "wrist_angle": -18.0, "wrist_rotation": 84.0, "gripper": 10.0}, "rc-angle-target": {"0": 91.91736711527355, "1": 95.0, "2": 83.0, "3": 105.0, "4": 84.0}, "rc-pulse-target": {"0": 1561.0, "1": 1515.0, "2": 1422.0, "3": 1666.0, "4": 1433.0, "5": 2350.0}, "reward": 0.0, "annotation": ""}