{"rc-position-target": {"height": 4.8068432156833945, "distance": 7.199999999999992, "heading": 1.9173671152735494, "wrist_angle": -12.0, "wrist_rotation": 86.0, "gripper": 0.1450470104013557}, "rc-angle-target": {"0": 91.91736711527355, "1": 91.0, "2": 79.0, "3": 111.0, "4": 86.0}, "rc-pulse-target": {"0": 1561.0, "1": 1471.0, "2": 1377.0, "3": 1733.0, "4": 1455.0, "5": 2497.8242948439797}, "reward": 0.0, "annotation": ""}