{"rc-position-target": {"height": 4.8068432156833945, "distance": 6.999999999999993, "heading": 1.9173671152735494, "wrist_angle": -15.0, "wrist_rotation": 85.0, "gripper": 0.1450470104013557}, "rc-angle-target": {"0": 91.91736711527355, "1": 93.0, "2": 81.0, "3": 108.0, "4": 85.0}, "rc-pulse-target": {"0": 1561.0, "1": 1493.0, "2": 1400.0, "3": 1700.0, "4": 1444.0, "5": 2497.8242948439797}, "reward": 0.0, "annotation": ""}