{"rc-position-target": {"height": 4.8068432156833945, "distance": 7.3999999999999915, "heading": 1.9173671152735494, "wrist_angle": -10.343629901042775, "wrist_rotation": 86.49005360794528, "gripper": 0.1450470104013557}, "rc-angle-target": {"0": 91.91736711527355, "1": 89.0, "2": 77.0, "3": 112.0, "4": 86.49005360794528}, "rc-pulse-target": {"0": 1561.0, "1": 1448.0, "2": 1355.0, "3": 1744.0, "4": 1461.0, "5": 2497.8242948439797}, "reward": 0.0, "annotation": ""}