{"rc-position-target": {"height": 4.8068432156833945, "distance": 7.0999999999999925, "heading": 1.9173671152735494, "wrist_angle": -13.5, "wrist_rotation": 85.5, "gripper": 0.1450470104013557}, "rc-angle-target": {"0": 91.91736711527355, "1": 92.0, "2": 80.0, "3": 109.0, "4": 85.5}, "rc-pulse-target": {"0": 1561.0, "1": 1482.0, "2": 1388.0, "3": 1711.0, "4": 1450.0, "5": 2497.8242948439797}, "reward": 0.0, "annotation": ""}