{"rc-position-target": {"height": 4.606843215683395, "distance": 8.399999999999988, "heading": 4.917367115273549, "wrist_angle": -13.343629901042775, "wrist_rotation": 85.49005360794528, "gripper": 10.145047010401356}, "rc-angle-target": {"0": 94.91736711527355, "1": 78.0, "2": 68.0, "3": 110.0, "4": 85.49005360794528}, "rc-pulse-target": {"0": 1594.0, "1": 1326.0, "2": 1255.0, "3": 1722.0, "4": 1449.0, "5": 2347.8242948439797}, "reward": 0.0, "annotation": ""}