{"rc-position-target": {"height": 4.6051132780988695, "distance": 8.299999999999988, "heading": 6.417367115273549, "wrist_angle": -14.843629901042775, "wrist_rotation": 84.99005360794528, "gripper": 15.145047010401356}, "rc-angle-target": {"0": 96.41736711527355, "1": 79.0, "2": 69.0, "3": 109.0, "4": 84.99005360794528}, "rc-pulse-target": {"0": 1611.0, "1": 1337.0, "2": 1266.0, "3": 1711.0, "4": 1444.0, "5": 2272.8242948439797}, "reward": 0.0, "annotation": ""}