{"rc-position-target": {"height": 4.706843215683395, "distance": 8.499999999999988, "heading": 3.4173671152735494, "wrist_angle": -11.843629901042775, "wrist_rotation": 85.99005360794528, "gripper": 5.145047010401356}, "rc-angle-target": {"0": 93.41736711527355, "1": 78.0, "2": 66.0, "3": 111.0, "4": 85.99005360794528}, "rc-pulse-target": {"0": 1577.0, "1": 1326.0, "2": 1233.0, "3": 1733.0, "4": 1455.0, "5": 2422.8242948439797}, "reward": 0.0, "annotation": ""}