{"rc-position-target": {"height": 4.6051132780988695, "distance": 8.099999999999989, "heading": 9.41736711527355, "wrist_angle": -17.843629901042775, "wrist_rotation": 83.99005360794528, "gripper": 25.145047010401356}, "rc-angle-target": {"0": 99.41736711527355, "1": 81.0, "2": 71.0, "3": 106.0, "4": 83.99005360794528}, "rc-pulse-target": {"0": 1644.0, "1": 1360.0, "2": 1288.0, "3": 1677.0, "4": 1433.0, "5": 2122.8242948439797}, "reward": 0.0, "annotation": ""}