{"rc-position-target": {"height": 4.6051132780988695, "distance": 7.3999999999999915, "heading": 19.91736711527355, "wrist_angle": -28.343629901042775, "wrist_rotation": 80.49005360794528, "gripper": 60.145047010401356}, "rc-angle-target": {"0": 109.91736711527355, "1": 88.0, "2": 78.0, "3": 96.0, "4": 80.49005360794528}, "rc-pulse-target": {"0": 1761.0, "1": 1437.0, "2": 1366.0, "3": 1566.0, "4": 1394.0, "5": 1597.8242948439797}, "reward": 0.0, "annotation": ""}