{"rc-position-target": {"height": 4.6051132780988695, "distance": 7.69999999999999, "heading": 15.41736711527355, "wrist_angle": -23.843629901042775, "wrist_rotation": 81.99005360794528, "gripper": 45.145047010401356}, "rc-angle-target": {"0": 105.41736711527355, "1": 85.0, "2": 75.0, "3": 100.0, "4": 81.99005360794528}, "rc-pulse-target": {"0": 1711.0, "1": 1404.0, "2": 1333.0, "3": 1611.0, "4": 1411.0, "5": 1822.8242948439797}, "reward": 0.0, "annotation": ""}