{"rc-position-target": {"height": 4.6051132780988695, "distance": 7.299999999999992, "heading": 21.41736711527355, "wrist_angle": -29.843629901042775, "wrist_rotation": 79.99005360794528, "gripper": 65.14504701040136}, "rc-angle-target": {"0": 111.41736711527355, "1": 89.0, "2": 79.0, "3": 95.0, "4": 79.99005360794528}, "rc-pulse-target": {"0": 1777.0, "1": 1448.0, "2": 1377.0, "3": 1555.0, "4": 1388.0, "5": 1522.8242948439797}, "reward": 0.0, "annotation": ""}