{"rc-position-target": {"height": 4.6051132780988695, "distance": 7.599999999999991, "heading": 16.91736711527355, "wrist_angle": -25.343629901042775, "wrist_rotation": 81.49005360794528, "gripper": 50.145047010401356}, "rc-angle-target": {"0": 106.91736711527355, "1": 86.0, "2": 76.0, "3": 99.0, "4": 81.49005360794528}, "rc-pulse-target": {"0": 1727.0, "1": 1415.0, "2": 1344.0, "3": 1600.0, "4": 1405.0, "5": 1747.8242948439797}, "reward": 0.0, "annotation": ""}