{"rc-position-target": {"height": 4.6051132780988695, "distance": 7.999999999999989, "heading": 10.91736711527355, "wrist_angle": -19.343629901042775, "wrist_rotation": 83.49005360794528, "gripper": 30.145047010401356}, "rc-angle-target": {"0": 100.91736711527355, "1": 82.0, "2": 72.0, "3": 105.0, "4": 83.49005360794528}, "rc-pulse-target": {"0": 1661.0, "1": 1371.0, "2": 1300.0, "3": 1666.0, "4": 1427.0, "5": 2047.8242948439797}, "reward": 0.0, "annotation": ""}