{"rc-position-target": {"height": 4.6051132780988695, "distance": 7.499999999999991, "heading": 18.41736711527355, "wrist_angle": -26.843629901042775, "wrist_rotation": 80.99005360794528, "gripper": 55.145047010401356}, "rc-angle-target": {"0": 108.41736711527355, "1": 87.0, "2": 77.0, "3": 98.0, "4": 80.99005360794528}, "rc-pulse-target": {"0": 1744.0, "1": 1426.0, "2": 1355.0, "3": 1588.0, "4": 1399.0, "5": 1672.8242948439797}, "reward": 0.0, "annotation": ""}