{"rc-position-target": {"height": 4.6051132780988695, "distance": 7.79999999999999, "heading": 13.91736711527355, "wrist_angle": -22.343629901042775, "wrist_rotation": 82.49005360794528, "gripper": 40.145047010401356}, "rc-angle-target": {"0": 103.91736711527355, "1": 84.0, "2": 74.0, "3": 102.0, "4": 82.49005360794528}, "rc-pulse-target": {"0": 1694.0, "1": 1393.0, "2": 1322.0, "3": 1633.0, "4": 1416.0, "5": 1897.8242948439797}, "reward": 0.0, "annotation": ""}