{"rc-position-target": {"height": 4.6051132780988695, "distance": 8.199999999999989, "heading": 7.917367115273549, "wrist_angle": -16.343629901042775, "wrist_rotation": 84.49005360794528, "gripper": 20.145047010401356}, "rc-angle-target": {"0": 97.91736711527355, "1": 80.0, "2": 70.0, "3": 108.0, "4": 84.49005360794528}, "rc-pulse-target": {"0": 1627.0, "1": 1348.0, "2": 1277.0, "3": 1700.0, "4": 1438.0, "5": 2197.8242948439797}, "reward": 0.0, "annotation": ""}