{"rc-position-target": {"height": 4.6051132780988695, "distance": 7.89999999999999, "heading": 12.41736711527355, "wrist_angle": -20.843629901042775, "wrist_rotation": 82.99005360794528, "gripper": 35.145047010401356}, "rc-angle-target": {"0": 102.41736711527355, "1": 83.0, "2": 73.0, "3": 103.0, "4": 82.99005360794528}, "rc-pulse-target": {"0": 1677.0, "1": 1382.0, "2": 1311.0, "3": 1644.0, "4": 1422.0, "5": 1972.8242948439797}, "reward": 0.0, "annotation": ""}