{"rc-position-target": {"height": 4.6051132780988695, "distance": 6.399999999999995, "heading": 34.91736711527355, "wrist_angle": -38.730214353601816, "wrist_rotation": 75.49005360794528, "gripper": 88.17399457970232}, "rc-angle-target": {"0": 124.91736711527355, "1": 98.0, "2": 88.0, "3": 85.0, "4": 75.49005360794528}, "rc-pulse-target": {"0": 1927.0, "1": 1548.0, "2": 1477.0, "3": 1444.0, "4": 1338.0, "5": 1177.3900813044652}, "reward": 0.0, "annotation": ""}