{"rc-position-target": {"height": 4.6051132780988695, "distance": 6.299999999999995, "heading": 36.37386188827327, "wrist_angle": -38.730214353601816, "wrist_rotation": 74.99005360794528, "gripper": 88.17399457970232}, "rc-angle-target": {"0": 126.37386188827327, "1": 100.0, "2": 89.0, "3": 85.0, "4": 74.99005360794528}, "rc-pulse-target": {"0": 1944.0, "1": 1571.0, "2": 1488.0, "3": 1444.0, "4": 1333.0, "5": 1177.3900813044652}, "reward": 0.0, "annotation": ""}