{"rc-position-target": {"height": 4.6051132780988695, "distance": 6.799999999999994, "heading": 28.91736711527355, "wrist_angle": -37.343629901042775, "wrist_rotation": 77.49005360794528, "gripper": 88.17399457970232}, "rc-angle-target": {"0": 118.91736711527355, "1": 94.0, "2": 84.0, "3": 87.0, "4": 77.49005360794528}, "rc-pulse-target": {"0": 1861.0, "1": 1504.0, "2": 1433.0, "3": 1466.0, "4": 1361.0, "5": 1177.3900813044652}, "reward": 0.0, "annotation": ""}