{"rc-position-target": {"height": 4.6051132780988695, "distance": 6.599999999999994, "heading": 31.91736711527355, "wrist_angle": -38.730214353601816, "wrist_rotation": 76.49005360794528, "gripper": 88.17399457970232}, "rc-angle-target": {"0": 121.91736711527355, "1": 96.0, "2": 86.0, "3": 85.0, "4": 76.49005360794528}, "rc-pulse-target": {"0": 1894.0, "1": 1526.0, "2": 1455.0, "3": 1444.0, "4": 1349.0, "5": 1177.3900813044652}, "reward": 0.0, "annotation": ""}