{"rc-position-target": {"height": 4.6051132780988695, "distance": 6.499999999999995, "heading": 33.41736711527355, "wrist_angle": -38.730214353601816, "wrist_rotation": 75.99005360794528, "gripper": 88.17399457970232}, "rc-angle-target": {"0": 123.41736711527355, "1": 97.0, "2": 87.0, "3": 85.0, "4": 75.99005360794528}, "rc-pulse-target": {"0": 1911.0, "1": 1537.0, "2": 1466.0, "3": 1444.0, "4": 1344.0, "5": 1177.3900813044652}, "reward": 0.0, "annotation": ""}