{"rc-position-target": {"height": 4.6051132780988695, "distance": 7.0999999999999925, "heading": 24.41736711527355, "wrist_angle": -32.843629901042775, "wrist_rotation": 78.99005360794528, "gripper": 75.14504701040136}, "rc-angle-target": {"0": 114.41736711527355, "1": 91.0, "2": 81.0, "3": 92.0, "4": 78.99005360794528}, "rc-pulse-target": {"0": 1811.0, "1": 1471.0, "2": 1400.0, "3": 1522.0, "4": 1377.0, "5": 1372.8242948439797}, "reward": 0.0, "annotation": ""}