{"rc-position-target": {"height": 4.6051132780988695, "distance": 7.199999999999992, "heading": 22.91736711527355, "wrist_angle": -31.343629901042775, "wrist_rotation": 79.49005360794528, "gripper": 70.14504701040136}, "rc-angle-target": {"0": 112.91736711527355, "1": 90.0, "2": 80.0, "3": 93.0, "4": 79.49005360794528}, "rc-pulse-target": {"0": 1794.0, "1": 1460.0, "2": 1388.0, "3": 1533.0, "4": 1383.0, "5": 1447.8242948439797}, "reward": 0.0, "annotation": ""}