{"rc-position-target": {"height": 4.6051132780988695, "distance": 6.699999999999994, "heading": 30.41736711527355, "wrist_angle": -38.730214353601816, "wrist_rotation": 76.99005360794528, "gripper": 88.17399457970232}, "rc-angle-target": {"0": 120.41736711527355, "1": 95.0, "2": 85.0, "3": 85.0, "4": 76.99005360794528}, "rc-pulse-target": {"0": 1877.0, "1": 1515.0, "2": 1444.0, "3": 1444.0, "4": 1355.0, "5": 1177.3900813044652}, "reward": 0.0, "annotation": ""}