{"rc-position-target": {"height": 4.6051132780988695, "distance": 6.899999999999993, "heading": 27.41736711527355, "wrist_angle": -35.843629901042775, "wrist_rotation": 77.99005360794528, "gripper": 85.14504701040136}, "rc-angle-target": {"0": 117.41736711527355, "1": 93.0, "2": 83.0, "3": 88.0, "4": 77.99005360794528}, "rc-pulse-target": {"0": 1844.0, "1": 1493.0, "2": 1422.0, "3": 1477.0, "4": 1366.0, "5": 1222.8242948439797}, "reward": 0.0, "annotation": ""}