{"rc-position-target": {"height": 4.6051132780988695, "distance": 6.999999999999993, "heading": 25.91736711527355, "wrist_angle": -34.343629901042775, "wrist_rotation": 78.49005360794528, "gripper": 80.14504701040136}, "rc-angle-target": {"0": 115.91736711527355, "1": 92.0, "2": 82.0, "3": 90.0, "4": 78.49005360794528}, "rc-pulse-target": {"0": 1827.0, "1": 1482.0, "2": 1411.0, "3": 1500.0, "4": 1372.0, "5": 1297.8242948439797}, "reward": 0.0, "annotation": ""}