{"rc-position-target": {"height": 4.6051132780988695, "distance": 5.6999999999999975, "heading": 36.37386188827327, "wrist_angle": -38.730214353601816, "wrist_rotation": 71.99005360794528, "gripper": 88.17399457970232}, "rc-angle-target": {"0": 126.37386188827327, "1": 106.0, "2": 94.0, "3": 84.0, "4": 71.99005360794528}, "rc-pulse-target": {"0": 1944.0, "1": 1637.0, "2": 1544.0, "3": 1433.0, "4": 1299.0, "5": 1177.3900813044652}, "reward": 0.0, "annotation": ""}