{"rc-position-target": {"height": 4.6051132780988695, "distance": 6.199999999999996, "heading": 36.37386188827327, "wrist_angle": -38.730214353601816, "wrist_rotation": 74.49005360794528, "gripper": 88.17399457970232}, "rc-angle-target": {"0": 126.37386188827327, "1": 101.0, "2": 90.0, "3": 85.0, "4": 74.49005360794528}, "rc-pulse-target": {"0": 1944.0, "1": 1582.0, "2": 1500.0, "3": 1444.0, "4": 1327.0, "5": 1177.3900813044652}, "reward": 0.0, "annotation": ""}