{"rc-position-target": {"height": 4.6051132780988695, "distance": 5.799999999999997, "heading": 36.37386188827327, "wrist_angle": -38.730214353601816, "wrist_rotation": 72.49005360794528, "gripper": 88.17399457970232}, "rc-angle-target": {"0": 126.37386188827327, "1": 105.0, "2": 93.0, "3": 84.0, "4": 72.49005360794528}, "rc-pulse-target": {"0": 1944.0, "1": 1626.0, "2": 1533.0, "3": 1433.0, "4": 1305.0, "5": 1177.3900813044652}, "reward": 0.0, "annotation": ""}