{"rc-position-target": {"height": 4.6051132780988695, "distance": 5.533636438039835, "heading": 36.37386188827327, "wrist_angle": -38.730214353601816, "wrist_rotation": 70.99005360794528, "gripper": 88.17399457970232}, "rc-angle-target": {"0": 126.37386188827327, "1": 108.0, "2": 95.0, "3": 83.0, "4": 70.99005360794528}, "rc-pulse-target": {"0": 1944.0, "1": 1660.0, "2": 1555.0, "3": 1422.0, "4": 1288.0, "5": 1177.3900813044652}, "reward": 0.0, "annotation": ""}