{"rc-position-target": {"height": 4.6051132780988695, "distance": 5.599999999999998, "heading": 36.37386188827327, "wrist_angle": -38.730214353601816, "wrist_rotation": 71.49005360794528, "gripper": 88.17399457970232}, "rc-angle-target": {"0": 126.37386188827327, "1": 107.0, "2": 95.0, "3": 84.0, "4": 71.49005360794528}, "rc-pulse-target": {"0": 1944.0, "1": 1648.0, "2": 1555.0, "3": 1433.0, "4": 1294.0, "5": 1177.3900813044652}, "reward": 0.0, "annotation": ""}