{"rc-position-target": {"height": 4.105113278098871, "distance": 6.033636438039833, "heading": 28.873861888273268, "wrist_angle": -31.230214353601816, "wrist_rotation": 71.99005360794528, "gripper": 63.173994579702324}, "rc-angle-target": {"0": 118.87386188827327, "1": 101.0, "2": 94.0, "3": 96.0, "4": 71.99005360794528}, "rc-pulse-target": {"0": 1860.0, "1": 1582.0, "2": 1544.0, "3": 1566.0, "4": 1299.0, "5": 1552.3900813044652}, "reward": 0.0, "annotation": ""}