{"rc-position-target": {"height": 4.205113278098871, "distance": 5.933636438039834, "heading": 30.373861888273268, "wrist_angle": -32.730214353601816, "wrist_rotation": 71.49005360794528, "gripper": 68.17399457970232}, "rc-angle-target": {"0": 120.37386188827327, "1": 103.0, "2": 95.0, "3": 94.0, "4": 71.49005360794528}, "rc-pulse-target": {"0": 1877.0, "1": 1604.0, "2": 1555.0, "3": 1544.0, "4": 1294.0, "5": 1477.3900813044652}, "reward": 0.0, "annotation": ""}