{"rc-position-target": {"height": 3.9051132780988715, "distance": 6.233636438039833, "heading": 25.873861888273268, "wrist_angle": -28.230214353601816, "wrist_rotation": 72.99005360794528, "gripper": 59.86691025218111}, "rc-angle-target": {"0": 115.87386188827327, "1": 99.0, "2": 94.0, "3": 101.0, "4": 72.99005360794528}, "rc-pulse-target": {"0": 1827.0, "1": 1560.0, "2": 1544.0, "3": 1622.0, "4": 1311.0, "5": 1601.9963462172834}, "reward": 0.0, "annotation": ""}