{"rc-position-target": {"height": 4.50511327809887, "distance": 5.633636438039835, "heading": 34.87386188827327, "wrist_angle": -37.230214353601816, "wrist_rotation": 69.99005360794528, "gripper": 83.17399457970232}, "rc-angle-target": {"0": 124.87386188827327, "1": 106.0, "2": 95.0, "3": 86.0, "4": 69.99005360794528}, "rc-pulse-target": {"0": 1927.0, "1": 1637.0, "2": 1555.0, "3": 1455.0, "4": 1277.0, "5": 1252.3900813044652}, "reward": 0.0, "annotation": ""}