{"rc-position-target": {"height": 4.005113278098872, "distance": 6.133636438039833, "heading": 27.373861888273268, "wrist_angle": -29.730214353601816, "wrist_rotation": 72.49005360794528, "gripper": 59.86691025218111}, "rc-angle-target": {"0": 117.37386188827327, "1": 100.0, "2": 94.0, "3": 99.0, "4": 72.49005360794528}, "rc-pulse-target": {"0": 1844.0, "1": 1571.0, "2": 1544.0, "3": 1600.0, "4": 1305.0, "5": 1601.9963462172834}, "reward": 0.0, "annotation": ""}