{"rc-position-target": {"height": 4.305113278098871, "distance": 5.833636438039834, "heading": 31.873861888273268, "wrist_angle": -34.230214353601816, "wrist_rotation": 70.99005360794528, "gripper": 73.17399457970232}, "rc-angle-target": {"0": 121.87386188827327, "1": 104.0, "2": 95.0, "3": 91.0, "4": 70.99005360794528}, "rc-pulse-target": {"0": 1894.0, "1": 1615.0, "2": 1555.0, "3": 1511.0, "4": 1288.0, "5": 1402.3900813044652}, "reward": 0.0, "annotation": ""}