{"rc-position-target": {"height": 3.8051132780988715, "distance": 6.333636438039832, "heading": 24.373861888273268, "wrist_angle": -26.730214353601816, "wrist_rotation": 73.49005360794528, "gripper": 59.86691025218111}, "rc-angle-target": {"0": 114.37386188827327, "1": 97.0, "2": 93.0, "3": 104.0, "4": 73.49005360794528}, "rc-pulse-target": {"0": 1810.0, "1": 1537.0, "2": 1533.0, "3": 1655.0, "4": 1316.0, "5": 1601.9963462172834}, "reward": 0.0, "annotation": ""}