{"rc-position-target": {"height": 3.7051132780988714, "distance": 6.433636438039832, "heading": 22.873861888273268, "wrist_angle": -25.230214353601816, "wrist_rotation": 73.99005360794528, "gripper": 59.86691025218111}, "rc-angle-target": {"0": 112.87386188827327, "1": 96.0, "2": 93.0, "3": 106.0, "4": 73.99005360794528}, "rc-pulse-target": {"0": 1794.0, "1": 1526.0, "2": 1533.0, "3": 1677.0, "4": 1322.0, "5": 1601.9963462172834}, "reward": 0.0, "annotation": ""}