{"rc-position-target": {"height": 4.40511327809887, "distance": 5.733636438039834, "heading": 33.37386188827327, "wrist_angle": -35.730214353601816, "wrist_rotation": 70.49005360794528, "gripper": 78.17399457970232}, "rc-angle-target": {"0": 123.37386188827327, "1": 105.0, "2": 95.0, "3": 89.0, "4": 70.49005360794528}, "rc-pulse-target": {"0": 1910.0, "1": 1626.0, "2": 1555.0, "3": 1488.0, "4": 1283.0, "5": 1327.3900813044652}, "reward": 0.0, "annotation": ""}