{"rc-position-target": {"height": 3.405113278098871, "distance": 6.733636438039831, "heading": 18.373861888273268, "wrist_angle": -20.730214353601816, "wrist_rotation": 75.49005360794528, "gripper": 59.86691025218111}, "rc-angle-target": {"0": 108.37386188827327, "1": 92.0, "2": 92.0, "3": 113.0, "4": 75.49005360794528}, "rc-pulse-target": {"0": 1744.0, "1": 1482.0, "2": 1522.0, "3": 1755.0, "4": 1338.0, "5": 1601.9963462172834}, "reward": 0.0, "annotation": ""}