{"rc-position-target": {"height": 2.8051132780988706, "distance": 7.333636438039829, "heading": 16.631396051967286, "wrist_angle": -11.730214353601816, "wrist_rotation": 75.61436625343984, "gripper": 59.86691025218111}, "rc-angle-target": {"0": 106.63139605196729, "1": 84.0, "2": 88.0, "3": 127.0, "4": 75.61436625343984}, "rc-pulse-target": {"0": 1724.0, "1": 1393.0, "2": 1477.0, "3": 1911.0, "4": 1340.0, "5": 1601.9963462172834}, "reward": 0.0, "annotation": ""}