{"rc-position-target": {"height": 3.6051132780988713, "distance": 6.5336364380398315, "heading": 21.373861888273268, "wrist_angle": -23.730214353601816, "wrist_rotation": 74.49005360794528, "gripper": 59.86691025218111}, "rc-angle-target": {"0": 111.37386188827327, "1": 95.0, "2": 92.0, "3": 108.0, "4": 74.49005360794528}, "rc-pulse-target": {"0": 1777.0, "1": 1515.0, "2": 1522.0, "3": 1700.0, "4": 1327.0, "5": 1601.9963462172834}, "reward": 0.0, "annotation": ""}