{"rc-position-target": {"height": 3.305113278098871, "distance": 6.8336364380398305, "heading": 16.873861888273268, "wrist_angle": -19.230214353601816, "wrist_rotation": 75.61436625343984, "gripper": 59.86691025218111}, "rc-angle-target": {"0": 106.87386188827327, "1": 91.0, "2": 91.0, "3": 116.0, "4": 75.61436625343984}, "rc-pulse-target": {"0": 1727.0, "1": 1471.0, "2": 1511.0, "3": 1788.0, "4": 1340.0, "5": 1601.9963462172834}, "reward": 0.0, "annotation": ""}