{"rc-position-target": {"height": 3.205113278098871, "distance": 6.93363643803983, "heading": 16.631396051967286, "wrist_angle": -17.730214353601816, "wrist_rotation": 75.61436625343984, "gripper": 59.86691025218111}, "rc-angle-target": {"0": 106.63139605196729, "1": 89.0, "2": 91.0, "3": 118.0, "4": 75.61436625343984}, "rc-pulse-target": {"0": 1724.0, "1": 1448.0, "2": 1511.0, "3": 1811.0, "4": 1340.0, "5": 1601.9963462172834}, "reward": 0.0, "annotation": ""}