{"rc-position-target": {"height": 3.505113278098871, "distance": 6.633636438039831, "heading": 19.873861888273268, "wrist_angle": -22.230214353601816, "wrist_rotation": 74.99005360794528, "gripper": 59.86691025218111}, "rc-angle-target": {"0": 109.87386188827327, "1": 93.0, "2": 92.0, "3": 111.0, "4": 74.99005360794528}, "rc-pulse-target": {"0": 1760.0, "1": 1493.0, "2": 1522.0, "3": 1733.0, "4": 1333.0, "5": 1601.9963462172834}, "reward": 0.0, "annotation": ""}