{"rc-position-target": {"height": 2.9051132780988707, "distance": 7.233636438039829, "heading": 16.631396051967286, "wrist_angle": -13.230214353601816, "wrist_rotation": 75.61436625343984, "gripper": 59.86691025218111}, "rc-angle-target": {"0": 106.63139605196729, "1": 85.0, "2": 89.0, "3": 125.0, "4": 75.61436625343984}, "rc-pulse-target": {"0": 1724.0, "1": 1404.0, "2": 1488.0, "3": 1888.0, "4": 1340.0, "5": 1601.9963462172834}, "reward": 0.0, "annotation": ""}