{"rc-position-target": {"height": 2.778039375153974, "distance": 8.333636438039825, "heading": 16.631396051967286, "wrist_angle": -2.6328862616525157, "wrist_rotation": 75.61436625343984, "gripper": 59.86691025218111}, "rc-angle-target": {"0": 106.63139605196729, "1": 74.0, "2": 77.0, "3": 135.0, "4": 75.61436625343984}, "rc-pulse-target": {"0": 1724.0, "1": 1282.0, "2": 1355.0, "3": 2000.0, "4": 1340.0, "5": 1601.9963462172834}, "reward": 0.0, "annotation": ""}