{"rc-position-target": {"height": 2.778039375153974, "distance": 7.533636438039828, "heading": 16.631396051967286, "wrist_angle": -8.730214353601816, "wrist_rotation": 75.61436625343984, "gripper": 59.86691025218111}, "rc-angle-target": {"0": 106.63139605196729, "1": 82.0, "2": 86.0, "3": 130.0, "4": 75.61436625343984}, "rc-pulse-target": {"0": 1724.0, "1": 1371.0, "2": 1455.0, "3": 1944.0, "4": 1340.0, "5": 1601.9963462172834}, "reward": 0.0, "annotation": ""}