{"rc-position-target": {"height": 2.6174035298073024, "distance": 7.511411349724703, "heading": 3.131396051967286, "wrist_angle": -11.186657424852797, "wrist_rotation": 71.11436625343984, "gripper": 59.94312369351502}, "rc-angle-target": {"0": 93.13139605196729, "1": 81.0, "2": 87.0, "3": 129.0, "4": 71.11436625343984}, "rc-pulse-target": {"0": 1574.0, "1": 1360.0, "2": 1466.0, "3": 1933.0, "4": 1290.0, "5": 1600.8531445972746}, "reward": 0.0, "annotation": ""}