{"rc-position-target": {"height": 2.6174035298073024, "distance": 8.111411349724701, "heading": 12.131396051967286, "wrist_angle": -7.132886261652516, "wrist_rotation": 74.11436625343984, "gripper": 59.94312369351502}, "rc-angle-target": {"0": 102.13139605196729, "1": 76.0, "2": 81.0, "3": 132.0, "4": 74.11436625343984}, "rc-pulse-target": {"0": 1674.0, "1": 1304.0, "2": 1400.0, "3": 1966.0, "4": 1323.0, "5": 1600.8531445972746}, "reward": 0.0, "annotation": ""}