{"rc-position-target": {"height": 2.6174035298073024, "distance": 7.611411349724703, "heading": 4.631396051967286, "wrist_angle": -11.186657424852797, "wrist_rotation": 71.61436625343984, "gripper": 59.94312369351502}, "rc-angle-target": {"0": 94.63139605196729, "1": 80.0, "2": 86.0, "3": 129.0, "4": 71.61436625343984}, "rc-pulse-target": {"0": 1591.0, "1": 1348.0, "2": 1455.0, "3": 1933.0, "4": 1295.0, "5": 1600.8531445972746}, "reward": 0.0, "annotation": ""}