{"rc-position-target": {"height": 2.6174035298073024, "distance": 7.911411349724702, "heading": 9.131396051967286, "wrist_angle": -10.132886261652516, "wrist_rotation": 73.11436625343984, "gripper": 59.94312369351502}, "rc-angle-target": {"0": 99.13139605196729, "1": 78.0, "2": 83.0, "3": 129.0, "4": 73.11436625343984}, "rc-pulse-target": {"0": 1641.0, "1": 1326.0, "2": 1422.0, "3": 1933.0, "4": 1312.0, "5": 1600.8531445972746}, "reward": 0.0, "annotation": ""}