{"rc-position-target": {"height": 2.6174035298073024, "distance": 8.2114113497247, "heading": 13.631396051967286, "wrist_angle": -5.632886261652516, "wrist_rotation": 74.61436625343984, "gripper": 59.94312369351502}, "rc-angle-target": {"0": 103.63139605196729, "1": 75.0, "2": 79.0, "3": 133.0, "4": 74.61436625343984}, "rc-pulse-target": {"0": 1691.0, "1": 1293.0, "2": 1377.0, "3": 1977.0, "4": 1329.0, "5": 1600.8531445972746}, "reward": 0.0, "annotation": ""}