{"rc-position-target": {"height": 2.6174035298073024, "distance": 8.011411349724701, "heading": 10.631396051967286, "wrist_angle": -8.632886261652516, "wrist_rotation": 73.61436625343984, "gripper": 59.94312369351502}, "rc-angle-target": {"0": 100.63139605196729, "1": 77.0, "2": 82.0, "3": 131.0, "4": 73.61436625343984}, "rc-pulse-target": {"0": 1658.0, "1": 1315.0, "2": 1411.0, "3": 1955.0, "4": 1317.0, "5": 1600.8531445972746}, "reward": 0.0, "annotation": ""}