{"rc-position-target": {"height": 2.6174035298073024, "distance": 7.811411349724702, "heading": 7.631396051967286, "wrist_angle": -11.186657424852797, "wrist_rotation": 72.61436625343984, "gripper": 59.94312369351502}, "rc-angle-target": {"0": 97.63139605196729, "1": 79.0, "2": 84.0, "3": 129.0, "4": 72.61436625343984}, "rc-pulse-target": {"0": 1624.0, "1": 1337.0, "2": 1433.0, "3": 1933.0, "4": 1306.0, "5": 1600.8531445972746}, "reward": 0.0, "annotation": ""}