{"rc-position-target": {"height": 2.6780393751539737, "distance": 8.3114113497247, "heading": 15.131396051967286, "wrist_angle": -4.132886261652516, "wrist_rotation": 75.11436625343984, "gripper": 59.94312369351502}, "rc-angle-target": {"0": 105.13139605196729, "1": 74.0, "2": 78.0, "3": 134.0, "4": 75.11436625343984}, "rc-pulse-target": {"0": 1708.0, "1": 1282.0, "2": 1366.0, "3": 1988.0, "4": 1334.0, "5": 1600.8531445972746}, "reward": 0.0, "annotation": ""}