{"rc-position-target": {"height": 2.6174035298073024, "distance": 7.411411349724704, "heading": 1.631396051967286, "wrist_angle": -11.186657424852797, "wrist_rotation": 70.61436625343984, "gripper": 59.94312369351502}, "rc-angle-target": {"0": 91.63139605196729, "1": 82.0, "2": 88.0, "3": 129.0, "4": 70.61436625343984}, "rc-pulse-target": {"0": 1558.0, "1": 1371.0, "2": 1477.0, "3": 1933.0, "4": 1284.0, "5": 1600.8531445972746}, "reward": 0.0, "annotation": ""}