{"rc-position-target": {"height": 2.6174035298073024, "distance": 7.7114113497247025, "heading": 6.131396051967286, "wrist_angle": -11.186657424852797, "wrist_rotation": 72.11436625343984, "gripper": 59.94312369351502}, "rc-angle-target": {"0": 96.13139605196729, "1": 80.0, "2": 85.0, "3": 129.0, "4": 72.11436625343984}, "rc-pulse-target": {"0": 1608.0, "1": 1348.0, "2": 1444.0, "3": 1933.0, "4": 1301.0, "5": 1600.8531445972746}, "reward": 0.0, "annotation": ""}