{"rc-position-target": {"height": 2.6174035298073024, "distance": 7.211411349724704, "heading": -1.368603948032714, "wrist_angle": -11.186657424852797, "wrist_rotation": 69.61436625343984, "gripper": 59.94312369351502}, "rc-angle-target": {"0": 88.63139605196729, "1": 84.0, "2": 90.0, "3": 129.0, "4": 69.61436625343984}, "rc-pulse-target": {"0": 1524.0, "1": 1393.0, "2": 1500.0, "3": 1933.0, "4": 1273.0, "5": 1600.8531445972746}, "reward": 0.0, "annotation": ""}