{"rc-position-target": {"height": 2.6174035298073024, "distance": 7.311411349724704, "heading": 0.1313960519672861, "wrist_angle": -11.186657424852797, "wrist_rotation": 70.11436625343984, "gripper": 59.94312369351502}, "rc-angle-target": {"0": 90.13139605196729, "1": 83.0, "2": 89.0, "3": 129.0, "4": 70.11436625343984}, "rc-pulse-target": {"0": 1541.0, "1": 1382.0, "2": 1488.0, "3": 1933.0, "4": 1279.0, "5": 1600.8531445972746}, "reward": 0.0, "annotation": ""}