{"rc-position-target": {"height": 2.6174035298073024, "distance": 7.14274479107304, "heading": -2.868603948032714, "wrist_angle": -11.186657424852797, "wrist_rotation": 69.11436625343984, "gripper": 59.94312369351502}, "rc-angle-target": {"0": 87.13139605196729, "1": 85.0, "2": 91.0, "3": 129.0, "4": 69.11436625343984}, "rc-pulse-target": {"0": 1508.0, "1": 1404.0, "2": 1511.0, "3": 1933.0, "4": 1267.0, "5": 1600.8531445972746}, "reward": 0.0, "annotation": ""}