{"rc-position-target": {"height": 2.9174035298073027, "distance": 6.8427447910730415, "heading": -44.856590255516586, "wrist_angle": -15.686657424852797, "wrist_rotation": 66.886292300391, "gripper": 74.94312369351502}, "rc-angle-target": {"0": 45.143409744483414, "1": 89.0, "2": 93.0, "3": 122.0, "4": 66.886292300391}, "rc-pulse-target": {"0": 1041.0, "1": 1448.0, "2": 1533.0, "3": 1855.0, "4": 1243.0, "5": 1375.8531445972746}, "reward": 0.0, "annotation": ""}