{"rc-position-target": {"height": 3.117403529807303, "distance": 6.642744791073042, "heading": -41.856590255516586, "wrist_angle": -18.686657424852797, "wrist_rotation": 66.2073365332002, "gripper": 75.40337568300328}, "rc-angle-target": {"0": 48.143409744483414, "1": 92.0, "2": 94.0, "3": 118.0, "4": 66.2073365332002}, "rc-pulse-target": {"0": 1074.0, "1": 1482.0, "2": 1544.0, "3": 1811.0, "4": 1235.0, "5": 1368.949364754951}, "reward": 0.0, "annotation": ""}