{"rc-position-target": {"height": 2.7174035298073025, "distance": 7.042744791073041, "heading": -47.856590255516586, "wrist_angle": -12.686657424852797, "wrist_rotation": 67.886292300391, "gripper": 64.94312369351502}, "rc-angle-target": {"0": 42.143409744483414, "1": 86.0, "2": 92.0, "3": 127.0, "4": 67.886292300391}, "rc-pulse-target": {"0": 1008.0, "1": 1415.0, "2": 1522.0, "3": 1911.0, "4": 1254.0, "5": 1525.8531445972746}, "reward": 0.0, "annotation": ""}