{"rc-position-target": {"height": 3.217403529807303, "distance": 6.5427447910730425, "heading": -40.356590255516586, "wrist_angle": -20.186657424852797, "wrist_rotation": 66.2073365332002, "gripper": 75.40337568300328}, "rc-angle-target": {"0": 49.643409744483414, "1": 93.0, "2": 94.0, "3": 115.0, "4": 66.2073365332002}, "rc-pulse-target": {"0": 1091.0, "1": 1493.0, "2": 1544.0, "3": 1777.0, "4": 1235.0, "5": 1368.949364754951}, "reward": 0.0, "annotation": ""}