{"rc-position-target": {"height": 2.6174035298073024, "distance": 7.14274479107304, "heading": -49.356590255516586, "wrist_angle": -11.186657424852797, "wrist_rotation": 68.386292300391, "gripper": 59.94312369351502}, "rc-angle-target": {"0": 40.643409744483414, "1": 85.0, "2": 91.0, "3": 129.0, "4": 68.386292300391}, "rc-pulse-target": {"0": 991.0, "1": 1404.0, "2": 1511.0, "3": 1933.0, "4": 1259.0, "5": 1600.8531445972746}, "reward": 0.0, "annotation": ""}