{"rc-position-target": {"height": 2.8174035298073026, "distance": 6.942744791073041, "heading": -46.356590255516586, "wrist_angle": -14.186657424852797, "wrist_rotation": 67.386292300391, "gripper": 69.94312369351502}, "rc-angle-target": {"0": 43.643409744483414, "1": 88.0, "2": 92.0, "3": 125.0, "4": 67.386292300391}, "rc-pulse-target": {"0": 1024.0, "1": 1437.0, "2": 1522.0, "3": 1888.0, "4": 1248.0, "5": 1450.8531445972746}, "reward": 0.0, "annotation": ""}