{"rc-position-target": {"height": 3.0174035298073028, "distance": 6.742744791073042, "heading": -43.356590255516586, "wrist_angle": -17.186657424852797, "wrist_rotation": 66.386292300391, "gripper": 75.40337568300328}, "rc-angle-target": {"0": 46.643409744483414, "1": 91.0, "2": 93.0, "3": 120.0, "4": 66.386292300391}, "rc-pulse-target": {"0": 1058.0, "1": 1471.0, "2": 1533.0, "3": 1833.0, "4": 1237.0, "5": 1368.949364754951}, "reward": 0.0, "annotation": ""}