{"rc-position-target": {"height": 3.8174035298073035, "distance": 5.942744791073045, "heading": -31.356590255516586, "wrist_angle": -29.186657424852797, "wrist_rotation": 66.2073365332002, "gripper": 75.40337568300328}, "rc-angle-target": {"0": 58.643409744483414, "1": 102.0, "2": 97.0, "3": 100.0, "4": 66.2073365332002}, "rc-pulse-target": {"0": 1191.0, "1": 1593.0, "2": 1577.0, "3": 1611.0, "4": 1235.0, "5": 1368.949364754951}, "reward": 0.0, "annotation": ""}