{"rc-position-target": {"height": 4.117403529807303, "distance": 5.642744791073046, "heading": -26.856590255516586, "wrist_angle": -33.6866574248528, "wrist_rotation": 66.2073365332002, "gripper": 75.40337568300328}, "rc-angle-target": {"0": 63.143409744483414, "1": 106.0, "2": 98.0, "3": 93.0, "4": 66.2073365332002}, "rc-pulse-target": {"0": 1241.0, "1": 1637.0, "2": 1588.0, "3": 1533.0, "4": 1235.0, "5": 1368.949364754951}, "reward": 0.0, "annotation": ""}