{"rc-position-target": {"height": 4.217403529807303, "distance": 5.542744791073046, "heading": -25.356590255516586, "wrist_angle": -35.1866574248528, "wrist_rotation": 66.2073365332002, "gripper": 75.40337568300328}, "rc-angle-target": {"0": 64.64340974448342, "1": 107.0, "2": 98.0, "3": 90.0, "4": 66.2073365332002}, "rc-pulse-target": {"0": 1258.0, "1": 1648.0, "2": 1588.0, "3": 1500.0, "4": 1235.0, "5": 1368.949364754951}, "reward": 0.0, "annotation": ""}