{"rc-position-target": {"height": 3.7174035298073034, "distance": 6.042744791073044, "heading": -32.856590255516586, "wrist_angle": -27.686657424852797, "wrist_rotation": 66.2073365332002, "gripper": 75.40337568300328}, "rc-angle-target": {"0": 57.143409744483414, "1": 100.0, "2": 96.0, "3": 103.0, "4": 66.2073365332002}, "rc-pulse-target": {"0": 1174.0, "1": 1571.0, "2": 1566.0, "3": 1644.0, "4": 1235.0, "5": 1368.949364754951}, "reward": 0.0, "annotation": ""}