{"rc-position-target": {"height": 3.9174035298073036, "distance": 5.842744791073045, "heading": -29.856590255516586, "wrist_angle": -30.686657424852797, "wrist_rotation": 66.2073365332002, "gripper": 75.40337568300328}, "rc-angle-target": {"0": 60.143409744483414, "1": 103.0, "2": 97.0, "3": 98.0, "4": 66.2073365332002}, "rc-pulse-target": {"0": 1208.0, "1": 1604.0, "2": 1577.0, "3": 1588.0, "4": 1235.0, "5": 1368.949364754951}, "reward": 0.0, "annotation": ""}