{"rc-position-target": {"height": 3.417403529807303, "distance": 6.342744791073043, "heading": -37.356590255516586, "wrist_angle": -23.186657424852797, "wrist_rotation": 66.2073365332002, "gripper": 75.40337568300328}, "rc-angle-target": {"0": 52.643409744483414, "1": 96.0, "2": 95.0, "3": 110.0, "4": 66.2073365332002}, "rc-pulse-target": {"0": 1124.0, "1": 1526.0, "2": 1555.0, "3": 1722.0, "4": 1235.0, "5": 1368.949364754951}, "reward": 0.0, "annotation": ""}