{"rc-position-target": {"height": 4.017403529807304, "distance": 5.742744791073045, "heading": -28.356590255516586, "wrist_angle": -32.1866574248528, "wrist_rotation": 66.2073365332002, "gripper": 75.40337568300328}, "rc-angle-target": {"0": 61.643409744483414, "1": 104.0, "2": 97.0, "3": 95.0, "4": 66.2073365332002}, "rc-pulse-target": {"0": 1224.0, "1": 1615.0, "2": 1577.0, "3": 1555.0, "4": 1235.0, "5": 1368.949364754951}, "reward": 0.0, "annotation": ""}