{"rc-position-target": {"height": 3.6174035298073033, "distance": 6.142744791073044, "heading": -34.356590255516586, "wrist_angle": -26.186657424852797, "wrist_rotation": 66.2073365332002, "gripper": 75.40337568300328}, "rc-angle-target": {"0": 55.643409744483414, "1": 99.0, "2": 96.0, "3": 105.0, "4": 66.2073365332002}, "rc-pulse-target": {"0": 1158.0, "1": 1560.0, "2": 1566.0, "3": 1666.0, "4": 1235.0, "5": 1368.949364754951}, "reward": 0.0, "annotation": ""}