{"rc-position-target": {"height": 3.317403529807303, "distance": 6.442744791073043, "heading": -38.856590255516586, "wrist_angle": -21.686657424852797, "wrist_rotation": 66.2073365332002, "gripper": 75.40337568300328}, "rc-angle-target": {"0": 51.143409744483414, "1": 95.0, "2": 95.0, "3": 113.0, "4": 66.2073365332002}, "rc-pulse-target": {"0": 1108.0, "1": 1515.0, "2": 1555.0, "3": 1755.0, "4": 1235.0, "5": 1368.949364754951}, "reward": 0.0, "annotation": ""}