{"rc-position-target": {"height": 4.717403529807301, "distance": 5.042744791073048, "heading": -17.856590255516586, "wrist_angle": -41.4094733198117, "wrist_rotation": 66.2073365332002, "gripper": 75.40337568300328}, "rc-angle-target": {"0": 72.14340974448342, "1": 113.0, "2": 98.0, "3": 78.0, "4": 66.2073365332002}, "rc-pulse-target": {"0": 1341.0, "1": 1715.0, "2": 1588.0, "3": 1366.0, "4": 1235.0, "5": 1368.949364754951}, "reward": 0.0, "annotation": ""}