{"rc-position-target": {"height": 4.6174035298073015, "distance": 5.1427447910730475, "heading": -19.356590255516586, "wrist_angle": -41.1866574248528, "wrist_rotation": 66.2073365332002, "gripper": 75.40337568300328}, "rc-angle-target": {"0": 70.64340974448342, "1": 112.0, "2": 98.0, "3": 80.0, "4": 66.2073365332002}, "rc-pulse-target": {"0": 1324.0, "1": 1704.0, "2": 1588.0, "3": 1388.0, "4": 1235.0, "5": 1368.949364754951}, "reward": 0.0, "annotation": ""}