{"rc-position-target": {"height": 4.517403529807302, "distance": 5.242744791073047, "heading": -20.856590255516586, "wrist_angle": -39.6866574248528, "wrist_rotation": 66.2073365332002, "gripper": 75.40337568300328}, "rc-angle-target": {"0": 69.14340974448342, "1": 111.0, "2": 98.0, "3": 82.0, "4": 66.2073365332002}, "rc-pulse-target": {"0": 1308.0, "1": 1693.0, "2": 1588.0, "3": 1411.0, "4": 1235.0, "5": 1368.949364754951}, "reward": 0.0, "annotation": ""}