{"rc-position-target": {"height": 4.317403529807303, "distance": 5.442744791073046, "heading": -23.856590255516586, "wrist_angle": -36.6866574248528, "wrist_rotation": 66.2073365332002, "gripper": 75.40337568300328}, "rc-angle-target": {"0": 66.14340974448342, "1": 108.0, "2": 98.0, "3": 88.0, "4": 66.2073365332002}, "rc-pulse-target": {"0": 1274.0, "1": 1660.0, "2": 1588.0, "3": 1477.0, "4": 1235.0, "5": 1368.949364754951}, "reward": 0.0, "annotation": ""}