{"rc-position-target": {"height": 4.417403529807302, "distance": 5.342744791073047, "heading": -22.356590255516586, "wrist_angle": -38.1866574248528, "wrist_rotation": 66.2073365332002, "gripper": 75.40337568300328}, "rc-angle-target": {"0": 67.64340974448342, "1": 109.0, "2": 98.0, "3": 85.0, "4": 66.2073365332002}, "rc-pulse-target": {"0": 1291.0, "1": 1671.0, "2": 1588.0, "3": 1444.0, "4": 1235.0, "5": 1368.949364754951}, "reward": 0.0, "annotation": ""}