{"rc-position-target": {"height": 4.9174035298073, "distance": 4.986234186061008, "heading": -14.856590255516586, "wrist_angle": -41.4094733198117, "wrist_rotation": 66.2073365332002, "gripper": 75.40337568300328}, "rc-angle-target": {"0": 75.14340974448342, "1": 114.0, "2": 97.0, "3": 77.0, "4": 66.2073365332002}, "rc-pulse-target": {"0": 1374.0, "1": 1726.0, "2": 1577.0, "3": 1355.0, "4": 1235.0, "5": 1368.949364754951}, "reward": 0.0, "annotation": ""}