{"rc-position-target": {"height": 4.932825232797659, "distance": 4.986234186061008, "heading": 22.643409744483414, "wrist_angle": -41.4094733198117, "wrist_rotation": 66.2073365332002, "gripper": 75.40337568300328}, "rc-angle-target": {"0": 112.64340974448342, "1": 114.0, "2": 97.0, "3": 76.0, "4": 66.2073365332002}, "rc-pulse-target": {"0": 1791.0, "1": 1726.0, "2": 1577.0, "3": 1344.0, "4": 1235.0, "5": 1368.949364754951}, "reward": 0.0, "annotation": ""}