{"rc-position-target": {"height": 4.976731531413678, "distance": 5.086234186061008, "heading": 46.643409744483414, "wrist_angle": -42.9094733198117, "wrist_rotation": 65.7073365332002, "gripper": 80.40337568300328}, "rc-angle-target": {"0": 136.64340974448342, "1": 113.0, "2": 96.0, "3": 75.0, "4": 65.7073365332002}, "rc-pulse-target": {"0": 2058.0, "1": 1715.0, "2": 1566.0, "3": 1333.0, "4": 1230.0, "5": 1293.949364754951}, "reward": 0.0, "annotation": ""}