{"rc-position-target": {"height": 4.976731531413678, "distance": 5.186234186061007, "heading": 48.143409744483414, "wrist_angle": -44.4094733198117, "wrist_rotation": 65.24704544815036, "gripper": 85.40337568300328}, "rc-angle-target": {"0": 138.14340974448342, "1": 112.0, "2": 95.0, "3": 74.0, "4": 65.24704544815036}, "rc-pulse-target": {"0": 2074.0, "1": 1704.0, "2": 1555.0, "3": 1322.0, "4": 1224.0, "5": 1218.949364754951}, "reward": 0.0, "annotation": ""}