{"rc-position-target": {"height": 4.976731531413678, "distance": 6.086234186061004, "heading": 49.27781360211651, "wrist_angle": -57.9094733198117, "wrist_rotation": 65.24704544815036, "gripper": 85.47828441435196}, "rc-angle-target": {"0": 139.2778136021165, "1": 102.0, "2": 88.0, "3": 63.0, "4": 65.24704544815036}, "rc-pulse-target": {"0": 2087.0, "1": 1593.0, "2": 1477.0, "3": 1200.0, "4": 1224.0, "5": 1217.8257337847206}, "reward": 0.0, "annotation": ""}