{"rc-position-target": {"height": 4.976731531413678, "distance": 5.586234186061006, "heading": 49.27781360211651, "wrist_angle": -50.4094733198117, "wrist_rotation": 65.24704544815036, "gripper": 85.47828441435196}, "rc-angle-target": {"0": 139.2778136021165, "1": 107.0, "2": 92.0, "3": 69.0, "4": 65.24704544815036}, "rc-pulse-target": {"0": 2087.0, "1": 1648.0, "2": 1522.0, "3": 1266.0, "4": 1224.0, "5": 1217.8257337847206}, "reward": 0.0, "annotation": ""}