{"rc-position-target": {"height": 4.976731531413678, "distance": 5.886234186061005, "heading": 49.27781360211651, "wrist_angle": -54.9094733198117, "wrist_rotation": 65.24704544815036, "gripper": 85.47828441435196}, "rc-angle-target": {"0": 139.2778136021165, "1": 104.0, "2": 90.0, "3": 65.0, "4": 65.24704544815036}, "rc-pulse-target": {"0": 2087.0, "1": 1615.0, "2": 1500.0, "3": 1222.0, "4": 1224.0, "5": 1217.8257337847206}, "reward": 0.0, "annotation": ""}