{"rc-position-target": {"height": 4.976731531413678, "distance": 6.786234186061002, "heading": 49.27781360211651, "wrist_angle": -68.4094733198117, "wrist_rotation": 65.24704544815036, "gripper": 85.47828441435196}, "rc-angle-target": {"0": 139.2778136021165, "1": 95.0, "2": 82.0, "3": 53.0, "4": 65.24704544815036}, "rc-pulse-target": {"0": 2087.0, "1": 1515.0, "2": 1411.0, "3": 1088.0, "4": 1224.0, "5": 1217.8257337847206}, "reward": 0.0, "annotation": ""}