{"rc-position-target": {"height": 4.976731531413678, "distance": 7.0862341860610005, "heading": 49.27781360211651, "wrist_angle": -72.9094733198117, "wrist_rotation": 65.24704544815036, "gripper": 85.47828441435196}, "rc-angle-target": {"0": 139.2778136021165, "1": 92.0, "2": 79.0, "3": 49.0, "4": 65.24704544815036}, "rc-pulse-target": {"0": 2087.0, "1": 1482.0, "2": 1377.0, "3": 1044.0, "4": 1224.0, "5": 1217.8257337847206}, "reward": 0.0, "annotation": ""}