{"rc-position-target": {"height": 4.976731531413678, "distance": 8.086234186060997, "heading": 49.27781360211651, "wrist_angle": -75.0176088239795, "wrist_rotation": 65.24704544815036, "gripper": 85.47828441435196}, "rc-angle-target": {"0": 139.2778136021165, "1": 82.0, "2": 69.0, "3": 46.0, "4": 65.24704544815036}, "rc-pulse-target": {"0": 2087.0, "1": 1371.0, "2": 1266.0, "3": 1011.0, "4": 1224.0, "5": 1217.8257337847206}, "reward": 0.0, "annotation": ""}