{"rc-position-target": {"height": 4.976731531413678, "distance": 7.686234186060998, "heading": 49.27781360211651, "wrist_angle": -75.0176088239795, "wrist_rotation": 65.24704544815036, "gripper": 85.47828441435196}, "rc-angle-target": {"0": 139.2778136021165, "1": 86.0, "2": 73.0, "3": 46.0, "4": 65.24704544815036}, "rc-pulse-target": {"0": 2087.0, "1": 1415.0, "2": 1311.0, "3": 1011.0, "4": 1224.0, "5": 1217.8257337847206}, "reward": 0.0, "annotation": ""}