{"rc-position-target": {"height": 4.176731531413681, "distance": 7.686234186060998, "heading": 37.27781360211651, "wrist_angle": -63.0176088239795, "wrist_rotation": 69.24704544815036, "gripper": 45.47828441435196}, "rc-angle-target": {"0": 127.27781360211651, "1": 85.0, "2": 78.0, "3": 65.0, "4": 69.24704544815036}, "rc-pulse-target": {"0": 1954.0, "1": 1404.0, "2": 1366.0, "3": 1222.0, "4": 1269.0, "5": 1817.8257337847206}, "reward": 0.0, "annotation": ""}