{"rc-position-target": {"height": 4.57673153141368, "distance": 8.086234186060997, "heading": 43.27781360211651, "wrist_angle": -69.0176088239795, "wrist_rotation": 67.24704544815036, "gripper": 65.47828441435196}, "rc-angle-target": {"0": 133.2778136021165, "1": 82.0, "2": 71.0, "3": 55.0, "4": 67.24704544815036}, "rc-pulse-target": {"0": 2020.0, "1": 1371.0, "2": 1288.0, "3": 1111.0, "4": 1247.0, "5": 1517.8257337847206}, "reward": 0.0, "annotation": ""}