{"rc-position-target": {"height": 4.276731531413681, "distance": 7.786234186060998, "heading": 38.77781360211651, "wrist_angle": -64.5176088239795, "wrist_rotation": 68.74704544815036, "gripper": 50.47828441435196}, "rc-angle-target": {"0": 128.7778136021165, "1": 84.0, "2": 76.0, "3": 62.0, "4": 68.74704544815036}, "rc-pulse-target": {"0": 1970.0, "1": 1393.0, "2": 1344.0, "3": 1188.0, "4": 1263.0, "5": 1742.8257337847206}, "reward": 0.0, "annotation": ""}