{"rc-position-target": {"height": 4.876731531413679, "distance": 8.386234186060996, "heading": 47.77781360211651, "wrist_angle": -73.5176088239795, "wrist_rotation": 65.74704544815036, "gripper": 80.47828441435196}, "rc-angle-target": {"0": 137.7778136021165, "1": 79.0, "2": 66.0, "3": 48.0, "4": 65.74704544815036}, "rc-pulse-target": {"0": 2070.0, "1": 1337.0, "2": 1233.0, "3": 1033.0, "4": 1230.0, "5": 1292.8257337847206}, "reward": 0.0, "annotation": ""}