{"rc-position-target": {"height": 4.6767315314136795, "distance": 8.186234186060997, "heading": 44.77781360211651, "wrist_angle": -70.5176088239795, "wrist_rotation": 66.74704544815036, "gripper": 70.47828441435196}, "rc-angle-target": {"0": 134.7778136021165, "1": 81.0, "2": 70.0, "3": 53.0, "4": 66.74704544815036}, "rc-pulse-target": {"0": 2037.0, "1": 1360.0, "2": 1277.0, "3": 1088.0, "4": 1241.0, "5": 1442.8257337847206}, "reward": 0.0, "annotation": ""}