{"rc-position-target": {"height": 4.47673153141368, "distance": 7.986234186060997, "heading": 41.77781360211651, "wrist_angle": -67.5176088239795, "wrist_rotation": 67.74704544815036, "gripper": 60.47828441435196}, "rc-angle-target": {"0": 131.7778136021165, "1": 82.0, "2": 73.0, "3": 58.0, "4": 67.74704544815036}, "rc-pulse-target": {"0": 2004.0, "1": 1371.0, "2": 1311.0, "3": 1144.0, "4": 1252.0, "5": 1592.8257337847206}, "reward": 0.0, "annotation": ""}