{"rc-position-target": {"height": 4.776731531413679, "distance": 8.286234186060996, "heading": 46.27781360211651, "wrist_angle": -72.0176088239795, "wrist_rotation": 66.24704544815036, "gripper": 75.47828441435196}, "rc-angle-target": {"0": 136.2778136021165, "1": 80.0, "2": 68.0, "3": 50.0, "4": 66.24704544815036}, "rc-pulse-target": {"0": 2054.0, "1": 1348.0, "2": 1255.0, "3": 1055.0, "4": 1236.0, "5": 1367.8257337847206}, "reward": 0.0, "annotation": ""}