{"rc-position-target": {"height": 4.3767315314136805, "distance": 7.886234186060998, "heading": 40.27781360211651, "wrist_angle": -66.0176088239795, "wrist_rotation": 68.24704544815036, "gripper": 55.47828441435196}, "rc-angle-target": {"0": 130.2778136021165, "1": 83.0, "2": 75.0, "3": 60.0, "4": 68.24704544815036}, "rc-pulse-target": {"0": 1987.0, "1": 1382.0, "2": 1333.0, "3": 1166.0, "4": 1258.0, "5": 1667.8257337847206}, "reward": 0.0, "annotation": ""}