{"rc-position-target": {"height": 3.476731531413681, "distance": 6.986234186061001, "heading": 26.77781360211651, "wrist_angle": -56.998698509638395, "wrist_rotation": 72.74704544815036, "gripper": 10.478284414351961}, "rc-angle-target": {"0": 116.77781360211651, "1": 90.0, "2": 89.0, "3": 76.0, "4": 72.74704544815036}, "rc-pulse-target": {"0": 1837.0, "1": 1460.0, "2": 1488.0, "3": 1344.0, "4": 1308.0, "5": 2342.825733784721}, "reward": 0.0, "annotation": ""}