{"rc-position-target": {"height": 3.276731531413681, "distance": 6.786234186061002, "heading": 23.77781360211651, "wrist_angle": -56.998698509638395, "wrist_rotation": 73.66743603058788, "gripper": 10.086924414697574}, "rc-angle-target": {"0": 113.77781360211651, "1": 91.0, "2": 92.0, "3": 78.0, "4": 73.66743603058788}, "rc-pulse-target": {"0": 1804.0, "1": 1471.0, "2": 1522.0, "3": 1366.0, "4": 1318.0, "5": 2348.6961337795365}, "reward": 0.0, "annotation": ""}