{"rc-position-target": {"height": 4.076731531413682, "distance": 7.586234186060999, "heading": 35.77781360211651, "wrist_angle": -61.5176088239795, "wrist_rotation": 69.74704544815036, "gripper": 40.47828441435196}, "rc-angle-target": {"0": 125.77781360211651, "1": 86.0, "2": 80.0, "3": 67.0, "4": 69.74704544815036}, "rc-pulse-target": {"0": 1937.0, "1": 1415.0, "2": 1388.0, "3": 1244.0, "4": 1274.0, "5": 1892.8257337847206}, "reward": 0.0, "annotation": ""}