{"rc-position-target": {"height": 3.8767315314136814, "distance": 7.3862341860609995, "heading": 32.77781360211651, "wrist_angle": -58.5176088239795, "wrist_rotation": 70.74704544815036, "gripper": 30.47828441435196}, "rc-angle-target": {"0": 122.77781360211651, "1": 87.0, "2": 83.0, "3": 72.0, "4": 70.74704544815036}, "rc-pulse-target": {"0": 1904.0, "1": 1426.0, "2": 1422.0, "3": 1300.0, "4": 1286.0, "5": 2042.8257337847206}, "reward": 0.0, "annotation": ""}