{"rc-position-target": {"height": 3.9767315314136815, "distance": 7.486234186060999, "heading": 34.27781360211651, "wrist_angle": -60.0176088239795, "wrist_rotation": 70.24704544815036, "gripper": 35.47828441435196}, "rc-angle-target": {"0": 124.27781360211651, "1": 86.0, "2": 81.0, "3": 69.0, "4": 70.24704544815036}, "rc-pulse-target": {"0": 1920.0, "1": 1415.0, "2": 1400.0, "3": 1266.0, "4": 1280.0, "5": 1967.8257337847206}, "reward": 0.0, "annotation": ""}