{"rc-position-target": {"height": 3.176731531413681, "distance": 6.686234186061002, "heading": 22.27781360211651, "wrist_angle": -56.998698509638395, "wrist_rotation": 73.66743603058788, "gripper": 10.086924414697574}, "rc-angle-target": {"0": 112.27781360211651, "1": 92.0, "2": 93.0, "3": 79.0, "4": 73.66743603058788}, "rc-pulse-target": {"0": 1787.0, "1": 1482.0, "2": 1533.0, "3": 1377.0, "4": 1318.0, "5": 2348.6961337795365}, "reward": 0.0, "annotation": ""}