{"rc-position-target": {"height": 3.576731531413681, "distance": 7.0862341860610005, "heading": 28.27781360211651, "wrist_angle": -56.998698509638395, "wrist_rotation": 72.24704544815036, "gripper": 15.478284414351961}, "rc-angle-target": {"0": 118.27781360211651, "1": 89.0, "2": 87.0, "3": 76.0, "4": 72.24704544815036}, "rc-pulse-target": {"0": 1854.0, "1": 1448.0, "2": 1466.0, "3": 1344.0, "4": 1302.0, "5": 2267.825733784721}, "reward": 0.0, "annotation": ""}