{"rc-position-target": {"height": 3.7767315314136813, "distance": 7.286234186061, "heading": 31.27781360211651, "wrist_angle": -57.0176088239795, "wrist_rotation": 71.24704544815036, "gripper": 25.47828441435196}, "rc-angle-target": {"0": 121.27781360211651, "1": 88.0, "2": 84.0, "3": 74.0, "4": 71.24704544815036}, "rc-pulse-target": {"0": 1887.0, "1": 1437.0, "2": 1433.0, "3": 1322.0, "4": 1291.0, "5": 2117.825733784721}, "reward": 0.0, "annotation": ""}