{"rc-position-target": {"height": 3.6767315314136813, "distance": 7.186234186061, "heading": 29.77781360211651, "wrist_angle": -56.998698509638395, "wrist_rotation": 71.74704544815036, "gripper": 20.47828441435196}, "rc-angle-target": {"0": 119.77781360211651, "1": 88.0, "2": 86.0, "3": 75.0, "4": 71.74704544815036}, "rc-pulse-target": {"0": 1870.0, "1": 1437.0, "2": 1455.0, "3": 1333.0, "4": 1297.0, "5": 2192.825733784721}, "reward": 0.0, "annotation": ""}