{"rc-position-target": {"height": 3.376731531413681, "distance": 6.886234186061001, "heading": 25.27781360211651, "wrist_angle": -56.998698509638395, "wrist_rotation": 73.24704544815036, "gripper": 10.086924414697574}, "rc-angle-target": {"0": 115.27781360211651, "1": 90.0, "2": 90.0, "3": 77.0, "4": 73.24704544815036}, "rc-pulse-target": {"0": 1820.0, "1": 1460.0, "2": 1500.0, "3": 1355.0, "4": 1313.0, "5": 2348.6961337795365}, "reward": 0.0, "annotation": ""}