{"rc-position-target": {"height": 2.5767675443884253, "distance": 5.786234186061005, "heading": 8.77781360211651, "wrist_angle": -56.998698509638395, "wrist_rotation": 73.66743603058788, "gripper": 10.086924414697574}, "rc-angle-target": {"0": 98.77781360211651, "1": 99.0, "2": 104.0, "3": 83.0, "4": 73.66743603058788}, "rc-pulse-target": {"0": 1637.0, "1": 1560.0, "2": 1655.0, "3": 1422.0, "4": 1318.0, "5": 2348.6961337795365}, "reward": 0.0, "annotation": ""}