{"rc-position-target": {"height": 2.5767675443884253, "distance": 5.6862341860610055, "heading": 7.27781360211651, "wrist_angle": -56.998698509638395, "wrist_rotation": 73.66743603058788, "gripper": 10.086924414697574}, "rc-angle-target": {"0": 97.27781360211651, "1": 100.0, "2": 105.0, "3": 83.0, "4": 73.66743603058788}, "rc-pulse-target": {"0": 1620.0, "1": 1571.0, "2": 1666.0, "3": 1422.0, "4": 1318.0, "5": 2348.6961337795365}, "reward": 0.0, "annotation": ""}