{"rc-position-target": {"height": 2.8767315314136805, "distance": 6.386234186061003, "heading": 17.77781360211651, "wrist_angle": -56.998698509638395, "wrist_rotation": 73.66743603058788, "gripper": 10.086924414697574}, "rc-angle-target": {"0": 107.77781360211651, "1": 94.0, "2": 97.0, "3": 81.0, "4": 73.66743603058788}, "rc-pulse-target": {"0": 1737.0, "1": 1504.0, "2": 1577.0, "3": 1400.0, "4": 1318.0, "5": 2348.6961337795365}, "reward": 0.0, "annotation": ""}