{"rc-position-target": {"height": 2.7767315314136805, "distance": 6.286234186061003, "heading": 16.27781360211651, "wrist_angle": -56.998698509638395, "wrist_rotation": 73.66743603058788, "gripper": 10.086924414697574}, "rc-angle-target": {"0": 106.27781360211651, "1": 94.0, "2": 99.0, "3": 82.0, "4": 73.66743603058788}, "rc-pulse-target": {"0": 1720.0, "1": 1504.0, "2": 1600.0, "3": 1411.0, "4": 1318.0, "5": 2348.6961337795365}, "reward": 0.0, "annotation": ""}