{"rc-position-target": {"height": 2.6767315314136804, "distance": 6.186234186061004, "heading": 14.77781360211651, "wrist_angle": -56.998698509638395, "wrist_rotation": 73.66743603058788, "gripper": 10.086924414697574}, "rc-angle-target": {"0": 104.77781360211651, "1": 95.0, "2": 100.0, "3": 83.0, "4": 73.66743603058788}, "rc-pulse-target": {"0": 1704.0, "1": 1515.0, "2": 1611.0, "3": 1422.0, "4": 1318.0, "5": 2348.6961337795365}, "reward": 0.0, "annotation": ""}