{"rc-position-target": {"height": 2.9767315314136806, "distance": 6.486234186061003, "heading": 19.27781360211651, "wrist_angle": -56.998698509638395, "wrist_rotation": 73.66743603058788, "gripper": 10.086924414697574}, "rc-angle-target": {"0": 109.27781360211651, "1": 93.0, "2": 96.0, "3": 80.0, "4": 73.66743603058788}, "rc-pulse-target": {"0": 1754.0, "1": 1493.0, "2": 1566.0, "3": 1388.0, "4": 1318.0, "5": 2348.6961337795365}, "reward": 0.0, "annotation": ""}