{"rc-position-target": {"height": 2.5767675443884253, "distance": 6.086234186061004, "heading": 13.27781360211651, "wrist_angle": -56.998698509638395, "wrist_rotation": 73.66743603058788, "gripper": 10.086924414697574}, "rc-angle-target": {"0": 103.27781360211651, "1": 95.0, "2": 102.0, "3": 84.0, "4": 73.66743603058788}, "rc-pulse-target": {"0": 1687.0, "1": 1515.0, "2": 1633.0, "3": 1433.0, "4": 1318.0, "5": 2348.6961337795365}, "reward": 0.0, "annotation": ""}