{"rc-position-target": {"height": 2.5767675443884253, "distance": 5.986234186061004, "heading": 11.77781360211651, "wrist_angle": -56.998698509638395, "wrist_rotation": 73.66743603058788, "gripper": 10.086924414697574}, "rc-angle-target": {"0": 101.77781360211651, "1": 96.0, "2": 103.0, "3": 84.0, "4": 73.66743603058788}, "rc-pulse-target": {"0": 1670.0, "1": 1526.0, "2": 1644.0, "3": 1433.0, "4": 1318.0, "5": 2348.6961337795365}, "reward": 0.0, "annotation": ""}