{"rc-position-target": {"height": 3.0767315314136807, "distance": 6.586234186061002, "heading": 20.77781360211651, "wrist_angle": -56.998698509638395, "wrist_rotation": 73.66743603058788, "gripper": 10.086924414697574}, "rc-angle-target": {"0": 110.77781360211651, "1": 92.0, "2": 95.0, "3": 80.0, "4": 73.66743603058788}, "rc-pulse-target": {"0": 1770.0, "1": 1482.0, "2": 1555.0, "3": 1388.0, "4": 1318.0, "5": 2348.6961337795365}, "reward": 0.0, "annotation": ""}