{"rc-position-target": {"height": 2.5767675443884253, "distance": 5.623795950717119, "heading": -30.22218639788349, "wrist_angle": -56.998698509638395, "wrist_rotation": 73.66743603058788, "gripper": 10.086924414697574}, "rc-angle-target": {"0": 59.77781360211651, "1": 100.0, "2": 106.0, "3": 83.0, "4": 73.66743603058788}, "rc-pulse-target": {"0": 1204.0, "1": 1571.0, "2": 1677.0, "3": 1422.0, "4": 1318.0, "5": 2348.6961337795365}, "reward": 0.0, "annotation": ""}