{"rc-position-target": {"height": 2.8767675443884255, "distance": 5.923795950717118, "heading": -54.22218639788349, "wrist_angle": -52.498698509638395, "wrist_rotation": 75.16743603058788, "gripper": 25.086924414697574}, "rc-angle-target": {"0": 35.77781360211651, "1": 98.0, "2": 102.0, "3": 85.0, "4": 75.16743603058788}, "rc-pulse-target": {"0": 937.0, "1": 1548.0, "2": 1633.0, "3": 1444.0, "4": 1335.0, "5": 2123.6961337795365}, "reward": 0.0, "annotation": ""}