{"rc-position-target": {"height": 2.9767675443884256, "distance": 6.023795950717117, "heading": -52.72218639788349, "wrist_angle": -50.998698509638395, "wrist_rotation": 75.66743603058788, "gripper": 30.086924414697574}, "rc-angle-target": {"0": 37.27781360211651, "1": 98.0, "2": 100.0, "3": 86.0, "4": 75.66743603058788}, "rc-pulse-target": {"0": 954.0, "1": 1548.0, "2": 1611.0, "3": 1455.0, "4": 1340.0, "5": 2048.6961337795365}, "reward": 0.0, "annotation": ""}