{"rc-position-target": {"height": 3.0767675443884257, "distance": 6.123795950717117, "heading": -51.22218639788349, "wrist_angle": -49.498698509638395, "wrist_rotation": 76.16743603058788, "gripper": 35.08692441469758}, "rc-angle-target": {"0": 38.77781360211651, "1": 97.0, "2": 99.0, "3": 87.0, "4": 76.16743603058788}, "rc-pulse-target": {"0": 970.0, "1": 1537.0, "2": 1600.0, "3": 1466.0, "4": 1346.0, "5": 1973.6961337795365}, "reward": 0.0, "annotation": ""}