{"rc-position-target": {"height": 2.7767675443884254, "distance": 5.823795950717118, "heading": -55.72218639788349, "wrist_angle": -53.998698509638395, "wrist_rotation": 74.66743603058788, "gripper": 20.086924414697574}, "rc-angle-target": {"0": 34.27781360211651, "1": 99.0, "2": 103.0, "3": 85.0, "4": 74.66743603058788}, "rc-pulse-target": {"0": 920.0, "1": 1560.0, "2": 1644.0, "3": 1444.0, "4": 1329.0, "5": 2198.6961337795365}, "reward": 0.0, "annotation": ""}