{"rc-position-target": {"height": 3.176767544388426, "distance": 6.2237959507171166, "heading": -49.72218639788349, "wrist_angle": -47.998698509638395, "wrist_rotation": 76.66743603058788, "gripper": 40.08692441469758}, "rc-angle-target": {"0": 40.27781360211651, "1": 97.0, "2": 98.0, "3": 88.0, "4": 76.66743603058788}, "rc-pulse-target": {"0": 987.0, "1": 1537.0, "2": 1588.0, "3": 1477.0, "4": 1351.0, "5": 1898.6961337795365}, "reward": 0.0, "annotation": ""}