{"rc-position-target": {"height": 2.6767675443884253, "distance": 5.723795950717118, "heading": -57.22218639788349, "wrist_angle": -55.498698509638395, "wrist_rotation": 74.16743603058788, "gripper": 15.086924414697574}, "rc-angle-target": {"0": 32.77781360211651, "1": 100.0, "2": 105.0, "3": 84.0, "4": 74.16743603058788}, "rc-pulse-target": {"0": 904.0, "1": 1571.0, "2": 1666.0, "3": 1433.0, "4": 1324.0, "5": 2273.6961337795365}, "reward": 0.0, "annotation": ""}