{"rc-position-target": {"height": 3.276767544388426, "distance": 6.323795950717116, "heading": -48.22218639788349, "wrist_angle": -46.498698509638395, "wrist_rotation": 77.16743603058788, "gripper": 45.08692441469758}, "rc-angle-target": {"0": 41.77781360211651, "1": 96.0, "2": 96.0, "3": 88.0, "4": 77.16743603058788}, "rc-pulse-target": {"0": 1004.0, "1": 1526.0, "2": 1566.0, "3": 1477.0, "4": 1357.0, "5": 1823.6961337795365}, "reward": 0.0, "annotation": ""}