{"rc-position-target": {"height": 3.576767544388426, "distance": 6.623795950717115, "heading": -43.72218639788349, "wrist_angle": -41.998698509638395, "wrist_rotation": 78.66743603058788, "gripper": 54.080678587956456}, "rc-angle-target": {"0": 46.27781360211651, "1": 94.0, "2": 92.0, "3": 91.0, "4": 78.66743603058788}, "rc-pulse-target": {"0": 1054.0, "1": 1504.0, "2": 1522.0, "3": 1511.0, "4": 1374.0, "5": 1688.7898211806532}, "reward": 0.0, "annotation": ""}