{"rc-position-target": {"height": 3.6767675443884262, "distance": 6.652149980113531, "heading": -42.22218639788349, "wrist_angle": -41.78224942203712, "wrist_rotation": 79.16743603058788, "gripper": 54.080678587956456}, "rc-angle-target": {"0": 47.77781360211651, "1": 94.0, "2": 91.0, "3": 90.0, "4": 79.16743603058788}, "rc-pulse-target": {"0": 1070.0, "1": 1504.0, "2": 1511.0, "3": 1500.0, "4": 1379.0, "5": 1688.7898211806532}, "reward": 0.0, "annotation": ""}