{"rc-position-target": {"height": 3.376767544388426, "distance": 6.423795950717116, "heading": -46.72218639788349, "wrist_angle": -44.998698509638395, "wrist_rotation": 77.66743603058788, "gripper": 50.08692441469758}, "rc-angle-target": {"0": 43.27781360211651, "1": 95.0, "2": 95.0, "3": 89.0, "4": 77.66743603058788}, "rc-pulse-target": {"0": 1020.0, "1": 1515.0, "2": 1555.0, "3": 1488.0, "4": 1362.0, "5": 1748.6961337795365}, "reward": 0.0, "annotation": ""}