{"rc-position-target": {"height": 3.476767544388426, "distance": 6.5237959507171155, "heading": -45.22218639788349, "wrist_angle": -43.498698509638395, "wrist_rotation": 78.16743603058788, "gripper": 54.080678587956456}, "rc-angle-target": {"0": 44.77781360211651, "1": 94.0, "2": 93.0, "3": 90.0, "4": 78.16743603058788}, "rc-pulse-target": {"0": 1037.0, "1": 1504.0, "2": 1533.0, "3": 1500.0, "4": 1368.0, "5": 1688.7898211806532}, "reward": 0.0, "annotation": ""}