{"rc-position-target": {"height": 3.8767675443884264, "distance": 6.652149980113531, "heading": -39.22218639788349, "wrist_angle": -41.78224942203712, "wrist_rotation": 80.16743603058788, "gripper": 54.080678587956456}, "rc-angle-target": {"0": 50.77781360211651, "1": 94.0, "2": 90.0, "3": 88.0, "4": 80.16743603058788}, "rc-pulse-target": {"0": 1104.0, "1": 1504.0, "2": 1500.0, "3": 1477.0, "4": 1390.0, "5": 1688.7898211806532}, "reward": 0.0, "annotation": ""}