{"rc-position-target": {"height": 3.9767675443884265, "distance": 6.652149980113531, "heading": -37.72218639788349, "wrist_angle": -41.78224942203712, "wrist_rotation": 80.66743603058788, "gripper": 54.080678587956456}, "rc-angle-target": {"0": 52.27781360211651, "1": 95.0, "2": 89.0, "3": 87.0, "4": 80.66743603058788}, "rc-pulse-target": {"0": 1120.0, "1": 1515.0, "2": 1488.0, "3": 1466.0, "4": 1396.0, "5": 1688.7898211806532}, "reward": 0.0, "annotation": ""}