{"rc-position-target": {"height": 3.7767675443884263, "distance": 6.652149980113531, "heading": -40.72218639788349, "wrist_angle": -41.78224942203712, "wrist_rotation": 79.66743603058788, "gripper": 54.080678587956456}, "rc-angle-target": {"0": 49.27781360211651, "1": 94.0, "2": 90.0, "3": 89.0, "4": 79.66743603058788}, "rc-pulse-target": {"0": 1087.0, "1": 1504.0, "2": 1500.0, "3": 1488.0, "4": 1385.0, "5": 1688.7898211806532}, "reward": 0.0, "annotation": ""}