{"rc-position-target": {"height": 4.176767544388426, "distance": 6.652149980113531, "heading": -34.72218639788349, "wrist_angle": -41.78224942203712, "wrist_rotation": 81.0662833798692, "gripper": 54.080678587956456}, "rc-angle-target": {"0": 55.27781360211651, "1": 95.0, "2": 88.0, "3": 86.0, "4": 81.0662833798692}, "rc-pulse-target": {"0": 1154.0, "1": 1515.0, "2": 1477.0, "3": 1455.0, "4": 1400.0, "5": 1688.7898211806532}, "reward": 0.0, "annotation": ""}