{"rc-position-target": {"height": 4.776767544388424, "distance": 6.652149980113531, "heading": -25.72218639788349, "wrist_angle": -41.78224942203712, "wrist_rotation": 81.0662833798692, "gripper": 54.080678587956456}, "rc-angle-target": {"0": 64.27781360211651, "1": 96.0, "2": 84.0, "3": 81.0, "4": 81.0662833798692}, "rc-pulse-target": {"0": 1254.0, "1": 1526.0, "2": 1433.0, "3": 1400.0, "4": 1400.0, "5": 1688.7898211806532}, "reward": 0.0, "annotation": ""}