{"rc-position-target": {"height": 4.676767544388424, "distance": 6.652149980113531, "heading": -27.22218639788349, "wrist_angle": -41.78224942203712, "wrist_rotation": 81.0662833798692, "gripper": 54.080678587956456}, "rc-angle-target": {"0": 62.77781360211651, "1": 96.0, "2": 85.0, "3": 82.0, "4": 81.0662833798692}, "rc-pulse-target": {"0": 1237.0, "1": 1526.0, "2": 1444.0, "3": 1411.0, "4": 1400.0, "5": 1688.7898211806532}, "reward": 0.0, "annotation": ""}