{"rc-position-target": {"height": 4.741669852939946, "distance": 6.61528970009121, "heading": 49.27781360211651, "wrist_angle": -44.78224942203712, "wrist_rotation": 80.0662833798692, "gripper": 44.080678587956456}, "rc-angle-target": {"0": 139.2778136021165, "1": 96.0, "2": 85.0, "3": 78.0, "4": 80.0662833798692}, "rc-pulse-target": {"0": 2087.0, "1": 1526.0, "2": 1444.0, "3": 1366.0, "4": 1389.0, "5": 1838.7898211806532}, "reward": 0.0, "annotation": ""}