{"rc-position-target": {"height": 4.941669852939945, "distance": 6.652149980113531, "heading": 44.77781360211651, "wrist_angle": -41.78224942203712, "wrist_rotation": 81.0662833798692, "gripper": 54.080678587956456}, "rc-angle-target": {"0": 134.7778136021165, "1": 96.0, "2": 83.0, "3": 80.0, "4": 81.0662833798692}, "rc-pulse-target": {"0": 2037.0, "1": 1526.0, "2": 1422.0, "3": 1388.0, "4": 1400.0, "5": 1688.7898211806532}, "reward": 0.0, "annotation": ""}