{"rc-position-target": {"height": 4.841669852939946, "distance": 6.61528970009121, "heading": 50.77781360211651, "wrist_angle": -43.28224942203712, "wrist_rotation": 80.5662833798692, "gripper": 49.080678587956456}, "rc-angle-target": {"0": 140.7778136021165, "1": 97.0, "2": 84.0, "3": 79.0, "4": 80.5662833798692}, "rc-pulse-target": {"0": 2104.0, "1": 1537.0, "2": 1433.0, "3": 1377.0, "4": 1395.0, "5": 1763.7898211806532}, "reward": 0.0, "annotation": ""}