{"rc-position-target": {"height": 3.9416698529399485, "distance": 6.61528970009121, "heading": 37.27781360211651, "wrist_angle": -56.78224942203712, "wrist_rotation": 76.0662833798692, "gripper": 20.4003165405504}, "rc-angle-target": {"0": 127.27781360211651, "1": 95.0, "2": 90.0, "3": 73.0, "4": 76.0662833798692}, "rc-pulse-target": {"0": 1954.0, "1": 1515.0, "2": 1500.0, "3": 1311.0, "4": 1345.0, "5": 2193.9952518917444}, "reward": 0.0, "annotation": ""}