{"rc-position-target": {"height": 4.6416698529399465, "distance": 6.61528970009121, "heading": 47.77781360211651, "wrist_angle": -46.28224942203712, "wrist_rotation": 79.5662833798692, "gripper": 39.080678587956456}, "rc-angle-target": {"0": 137.7778136021165, "1": 96.0, "2": 86.0, "3": 78.0, "4": 79.5662833798692}, "rc-pulse-target": {"0": 2070.0, "1": 1526.0, "2": 1455.0, "3": 1366.0, "4": 1384.0, "5": 1913.7898211806532}, "reward": 0.0, "annotation": ""}