{"rc-position-target": {"height": 4.141669852939948, "distance": 6.61528970009121, "heading": 40.27781360211651, "wrist_angle": -53.78224942203712, "wrist_rotation": 77.0662833798692, "gripper": 20.4003165405504}, "rc-angle-target": {"0": 130.2778136021165, "1": 95.0, "2": 89.0, "3": 74.0, "4": 77.0662833798692}, "rc-pulse-target": {"0": 1987.0, "1": 1515.0, "2": 1488.0, "3": 1322.0, "4": 1356.0, "5": 2193.9952518917444}, "reward": 0.0, "annotation": ""}