{"rc-position-target": {"height": 4.341669852939948, "distance": 6.61528970009121, "heading": 43.27781360211651, "wrist_angle": -50.78224942203712, "wrist_rotation": 78.0662833798692, "gripper": 24.080678587956456}, "rc-angle-target": {"0": 133.2778136021165, "1": 96.0, "2": 88.0, "3": 75.0, "4": 78.0662833798692}, "rc-pulse-target": {"0": 2020.0, "1": 1526.0, "2": 1477.0, "3": 1333.0, "4": 1367.0, "5": 2138.7898211806532}, "reward": 0.0, "annotation": ""}