{"rc-position-target": {"height": 4.541669852939947, "distance": 6.61528970009121, "heading": 46.27781360211651, "wrist_angle": -47.78224942203712, "wrist_rotation": 79.0662833798692, "gripper": 34.080678587956456}, "rc-angle-target": {"0": 136.2778136021165, "1": 96.0, "2": 86.0, "3": 77.0, "4": 79.0662833798692}, "rc-pulse-target": {"0": 2054.0, "1": 1526.0, "2": 1455.0, "3": 1355.0, "4": 1378.0, "5": 1988.7898211806532}, "reward": 0.0, "annotation": ""}