{"rc-position-target": {"height": 4.441669852939947, "distance": 6.61528970009121, "heading": 44.77781360211651, "wrist_angle": -49.28224942203712, "wrist_rotation": 78.5662833798692, "gripper": 29.080678587956456}, "rc-angle-target": {"0": 134.7778136021165, "1": 96.0, "2": 87.0, "3": 76.0, "4": 78.5662833798692}, "rc-pulse-target": {"0": 2037.0, "1": 1526.0, "2": 1466.0, "3": 1344.0, "4": 1372.0, "5": 2063.7898211806532}, "reward": 0.0, "annotation": ""}