{"rc-position-target": {"height": 3.8416698529399484, "distance": 6.61528970009121, "heading": 35.77781360211651, "wrist_angle": -58.28224942203712, "wrist_rotation": 75.5662833798692, "gripper": 20.4003165405504}, "rc-angle-target": {"0": 125.77781360211651, "1": 95.0, "2": 90.0, "3": 72.0, "4": 75.5662833798692}, "rc-pulse-target": {"0": 1937.0, "1": 1515.0, "2": 1500.0, "3": 1300.0, "4": 1339.0, "5": 2193.9952518917444}, "reward": 0.0, "annotation": ""}