{"rc-position-target": {"height": 3.7416698529399484, "distance": 6.61528970009121, "heading": 34.27781360211651, "wrist_angle": -59.78224942203712, "wrist_rotation": 75.0662833798692, "gripper": 20.4003165405504}, "rc-angle-target": {"0": 124.27781360211651, "1": 94.0, "2": 91.0, "3": 71.0, "4": 75.0662833798692}, "rc-pulse-target": {"0": 1920.0, "1": 1504.0, "2": 1511.0, "3": 1288.0, "4": 1334.0, "5": 2193.9952518917444}, "reward": 0.0, "annotation": ""}