{"rc-position-target": {"height": 4.041669852939949, "distance": 6.61528970009121, "heading": 38.77781360211651, "wrist_angle": -55.28224942203712, "wrist_rotation": 76.5662833798692, "gripper": 20.4003165405504}, "rc-angle-target": {"0": 128.7778136021165, "1": 95.0, "2": 89.0, "3": 73.0, "4": 76.5662833798692}, "rc-pulse-target": {"0": 1970.0, "1": 1515.0, "2": 1488.0, "3": 1311.0, "4": 1350.0, "5": 2193.9952518917444}, "reward": 0.0, "annotation": ""}