{"rc-position-target": {"height": 4.241669852939948, "distance": 6.61528970009121, "heading": 41.77781360211651, "wrist_angle": -52.28224942203712, "wrist_rotation": 77.5662833798692, "gripper": 20.4003165405504}, "rc-angle-target": {"0": 131.7778136021165, "1": 96.0, "2": 88.0, "3": 75.0, "4": 77.5662833798692}, "rc-pulse-target": {"0": 2004.0, "1": 1526.0, "2": 1477.0, "3": 1333.0, "4": 1361.0, "5": 2193.9952518917444}, "reward": 0.0, "annotation": ""}