{"rc-position-target": {"height": 3.541669852939948, "distance": 6.61528970009121, "heading": 31.27781360211651, "wrist_angle": -62.78224942203712, "wrist_rotation": 74.8345892317592, "gripper": 20.4003165405504}, "rc-angle-target": {"0": 121.27781360211651, "1": 94.0, "2": 92.0, "3": 70.0, "4": 74.8345892317592}, "rc-pulse-target": {"0": 1887.0, "1": 1504.0, "2": 1522.0, "3": 1277.0, "4": 1331.0, "5": 2193.9952518917444}, "reward": 0.0, "annotation": ""}