{"rc-position-target": {"height": 3.441669852939948, "distance": 6.61528970009121, "heading": 29.77781360211651, "wrist_angle": -64.28224942203713, "wrist_rotation": 74.8345892317592, "gripper": 20.4003165405504}, "rc-angle-target": {"0": 119.77781360211651, "1": 93.0, "2": 93.0, "3": 69.0, "4": 74.8345892317592}, "rc-pulse-target": {"0": 1870.0, "1": 1493.0, "2": 1533.0, "3": 1266.0, "4": 1331.0, "5": 2193.9952518917444}, "reward": 0.0, "annotation": ""}