{"rc-position-target": {"height": 2.8416698529399476, "distance": 6.61528970009121, "heading": 20.77781360211651, "wrist_angle": -73.28224942203713, "wrist_rotation": 74.8345892317592, "gripper": 20.4003165405504}, "rc-angle-target": {"0": 110.77781360211651, "1": 91.0, "2": 95.0, "3": 65.0, "4": 74.8345892317592}, "rc-pulse-target": {"0": 1770.0, "1": 1471.0, "2": 1555.0, "3": 1222.0, "4": 1331.0, "5": 2193.9952518917444}, "reward": 0.0, "annotation": ""}