{"rc-position-target": {"height": 3.141669852939948, "distance": 6.61528970009121, "heading": 25.27781360211651, "wrist_angle": -68.78224942203713, "wrist_rotation": 74.8345892317592, "gripper": 20.4003165405504}, "rc-angle-target": {"0": 115.27781360211651, "1": 92.0, "2": 94.0, "3": 67.0, "4": 74.8345892317592}, "rc-pulse-target": {"0": 1820.0, "1": 1482.0, "2": 1544.0, "3": 1244.0, "4": 1331.0, "5": 2193.9952518917444}, "reward": 0.0, "annotation": ""}