{"rc-position-target": {"height": 2.6416698529399474, "distance": 6.61528970009121, "heading": 17.77781360211651, "wrist_angle": -74.38729199476722, "wrist_rotation": 74.8345892317592, "gripper": 20.4003165405504}, "rc-angle-target": {"0": 107.77781360211651, "1": 90.0, "2": 96.0, "3": 66.0, "4": 74.8345892317592}, "rc-pulse-target": {"0": 1737.0, "1": 1460.0, "2": 1566.0, "3": 1233.0, "4": 1331.0, "5": 2193.9952518917444}, "reward": 0.0, "annotation": ""}