{"rc-position-target": {"height": 1.7416698529399466, "distance": 6.61528970009121, "heading": 4.27781360211651, "wrist_angle": -74.38729199476722, "wrist_rotation": 74.8345892317592, "gripper": 20.4003165405504}, "rc-angle-target": {"0": 94.27781360211651, "1": 85.0, "2": 99.0, "3": 74.0, "4": 74.8345892317592}, "rc-pulse-target": {"0": 1587.0, "1": 1404.0, "2": 1600.0, "3": 1322.0, "4": 1331.0, "5": 2193.9952518917444}, "reward": 0.0, "annotation": ""}