{"rc-position-target": {"height": 2.041669852939947, "distance": 6.61528970009121, "heading": 8.77781360211651, "wrist_angle": -74.38729199476722, "wrist_rotation": 74.8345892317592, "gripper": 20.4003165405504}, "rc-angle-target": {"0": 98.77781360211651, "1": 87.0, "2": 98.0, "3": 71.0, "4": 74.8345892317592}, "rc-pulse-target": {"0": 1637.0, "1": 1426.0, "2": 1588.0, "3": 1288.0, "4": 1331.0, "5": 2193.9952518917444}, "reward": 0.0, "annotation": ""}