{"rc-position-target": {"height": 2.241669852939947, "distance": 6.61528970009121, "heading": 11.77781360211651, "wrist_angle": -74.38729199476722, "wrist_rotation": 74.8345892317592, "gripper": 20.4003165405504}, "rc-angle-target": {"0": 101.77781360211651, "1": 88.0, "2": 98.0, "3": 70.0, "4": 74.8345892317592}, "rc-pulse-target": {"0": 1670.0, "1": 1437.0, "2": 1588.0, "3": 1277.0, "4": 1331.0, "5": 2193.9952518917444}, "reward": 0.0, "annotation": ""}