{"rc-position-target": {"height": 1.8416698529399467, "distance": 6.61528970009121, "heading": 5.77781360211651, "wrist_angle": -74.38729199476722, "wrist_rotation": 74.8345892317592, "gripper": 20.4003165405504}, "rc-angle-target": {"0": 95.77781360211651, "1": 86.0, "2": 99.0, "3": 73.0, "4": 74.8345892317592}, "rc-pulse-target": {"0": 1604.0, "1": 1415.0, "2": 1600.0, "3": 1311.0, "4": 1331.0, "5": 2193.9952518917444}, "reward": 0.0, "annotation": ""}