{"rc-position-target": {"height": 2.341669852939947, "distance": 6.61528970009121, "heading": 13.27781360211651, "wrist_angle": -74.38729199476722, "wrist_rotation": 74.8345892317592, "gripper": 20.4003165405504}, "rc-angle-target": {"0": 103.27781360211651, "1": 89.0, "2": 97.0, "3": 69.0, "4": 74.8345892317592}, "rc-pulse-target": {"0": 1687.0, "1": 1448.0, "2": 1577.0, "3": 1266.0, "4": 1331.0, "5": 2193.9952518917444}, "reward": 0.0, "annotation": ""}