{"rc-position-target": {"height": 1.6416698529399465, "distance": 6.61528970009121, "heading": 2.7778136021165096, "wrist_angle": -74.38729199476722, "wrist_rotation": 74.8345892317592, "gripper": 20.4003165405504}, "rc-angle-target": {"0": 92.77781360211651, "1": 85.0, "2": 99.0, "3": 75.0, "4": 74.8345892317592}, "rc-pulse-target": {"0": 1570.0, "1": 1404.0, "2": 1600.0, "3": 1333.0, "4": 1331.0, "5": 2193.9952518917444}, "reward": 0.0, "annotation": ""}