{"rc-position-target": {"height": 1.2416698529399461, "distance": 6.61528970009121, "heading": -3.2221863978834904, "wrist_angle": -74.38729199476722, "wrist_rotation": 74.8345892317592, "gripper": 20.4003165405504}, "rc-angle-target": {"0": 86.77781360211651, "1": 82.0, "2": 100.0, "3": 78.0, "4": 74.8345892317592}, "rc-pulse-target": {"0": 1504.0, "1": 1371.0, "2": 1611.0, "3": 1366.0, "4": 1331.0, "5": 2193.9952518917444}, "reward": 0.0, "annotation": ""}