{"rc-position-target": {"height": 1.0785324933040923, "distance": 6.61528970009121, "heading": -6.22218639788349, "wrist_angle": -74.38729199476722, "wrist_rotation": 74.8345892317592, "gripper": 20.4003165405504}, "rc-angle-target": {"0": 83.77781360211651, "1": 81.0, "2": 101.0, "3": 80.0, "4": 74.8345892317592}, "rc-pulse-target": {"0": 1470.0, "1": 1360.0, "2": 1622.0, "3": 1388.0, "4": 1331.0, "5": 2193.9952518917444}, "reward": 0.0, "annotation": ""}