{"rc-position-target": {"height": 1.4416698529399463, "distance": 6.61528970009121, "heading": -0.22218639788349037, "wrist_angle": -74.38729199476722, "wrist_rotation": 74.8345892317592, "gripper": 20.4003165405504}, "rc-angle-target": {"0": 89.77781360211651, "1": 83.0, "2": 100.0, "3": 77.0, "4": 74.8345892317592}, "rc-pulse-target": {"0": 1537.0, "1": 1382.0, "2": 1611.0, "3": 1355.0, "4": 1331.0, "5": 2193.9952518917444}, "reward": 0.0, "annotation": ""}