{"rc-position-target": {"height": 1.141669852939946, "distance": 6.61528970009121, "heading": -4.72218639788349, "wrist_angle": -74.38729199476722, "wrist_rotation": 74.8345892317592, "gripper": 20.4003165405504}, "rc-angle-target": {"0": 85.27781360211651, "1": 81.0, "2": 100.0, "3": 79.0, "4": 74.8345892317592}, "rc-pulse-target": {"0": 1487.0, "1": 1360.0, "2": 1611.0, "3": 1377.0, "4": 1331.0, "5": 2193.9952518917444}, "reward": 0.0, "annotation": ""}