{"rc-position-target": {"height": 1.5416698529399464, "distance": 6.61528970009121, "heading": 1.2778136021165096, "wrist_angle": -74.38729199476722, "wrist_rotation": 74.8345892317592, "gripper": 20.4003165405504}, "rc-angle-target": {"0": 91.27781360211651, "1": 84.0, "2": 100.0, "3": 76.0, "4": 74.8345892317592}, "rc-pulse-target": {"0": 1554.0, "1": 1393.0, "2": 1611.0, "3": 1344.0, "4": 1331.0, "5": 2193.9952518917444}, "reward": 0.0, "annotation": ""}