{"rc-position-target": {"height": 1.5785324933040927, "distance": 6.115289700091211, "heading": -3.2221863978834904, "wrist_angle": -66.88729199476722, "wrist_rotation": 72.3345892317592, "gripper": 45.4003165405504}, "rc-angle-target": {"0": 86.77781360211651, "1": 89.0, "2": 105.0, "3": 83.0, "4": 72.3345892317592}, "rc-pulse-target": {"0": 1504.0, "1": 1448.0, "2": 1666.0, "3": 1422.0, "4": 1303.0, "5": 1818.995251891744}, "reward": 0.0, "annotation": ""}