{"rc-position-target": {"height": 1.4785324933040926, "distance": 6.215289700091211, "heading": -4.72218639788349, "wrist_angle": -68.38729199476722, "wrist_rotation": 72.8345892317592, "gripper": 40.4003165405504}, "rc-angle-target": {"0": 85.27781360211651, "1": 87.0, "2": 104.0, "3": 82.0, "4": 72.8345892317592}, "rc-pulse-target": {"0": 1487.0, "1": 1426.0, "2": 1655.0, "3": 1411.0, "4": 1309.0, "5": 1893.995251891744}, "reward": 0.0, "annotation": ""}