{"rc-position-target": {"height": 1.978532493304093, "distance": 6.00904458528762, "heading": 2.2648652670374645, "wrist_angle": -60.887291994767224, "wrist_rotation": 70.3345892317592, "gripper": 65.40031654055039}, "rc-angle-target": {"0": 92.26486526703746, "1": 93.0, "2": 105.0, "3": 85.0, "4": 70.3345892317592}, "rc-pulse-target": {"0": 1565.0, "1": 1493.0, "2": 1666.0, "3": 1444.0, "4": 1281.0, "5": 1518.9952518917441}, "reward": 0.0, "annotation": ""}