{"rc-position-target": {"height": 2.078532493304093, "distance": 6.00904458528762, "heading": 2.2648652670374645, "wrist_angle": -59.387291994767224, "wrist_rotation": 69.8345892317592, "gripper": 70.40031654055039}, "rc-angle-target": {"0": 92.26486526703746, "1": 93.0, "2": 104.0, "3": 86.0, "4": 69.8345892317592}, "rc-pulse-target": {"0": 1565.0, "1": 1493.0, "2": 1655.0, "3": 1455.0, "4": 1275.0, "5": 1443.9952518917441}, "reward": 0.0, "annotation": ""}