{"rc-position-target": {"height": 1.878532493304093, "distance": 6.00904458528762, "heading": 1.2778136021165096, "wrist_angle": -62.387291994767224, "wrist_rotation": 70.8345892317592, "gripper": 60.4003165405504}, "rc-angle-target": {"0": 91.27781360211651, "1": 92.0, "2": 105.0, "3": 85.0, "4": 70.8345892317592}, "rc-pulse-target": {"0": 1554.0, "1": 1482.0, "2": 1666.0, "3": 1444.0, "4": 1287.0, "5": 1593.995251891744}, "reward": 0.0, "annotation": ""}