{"rc-position-target": {"height": 1.2785324933040925, "distance": 6.41528970009121, "heading": -7.72218639788349, "wrist_angle": -71.38729199476722, "wrist_rotation": 73.8345892317592, "gripper": 30.4003165405504}, "rc-angle-target": {"0": 82.27781360211651, "1": 84.0, "2": 102.0, "3": 81.0, "4": 73.8345892317592}, "rc-pulse-target": {"0": 1454.0, "1": 1393.0, "2": 1633.0, "3": 1400.0, "4": 1320.0, "5": 2043.9952518917441}, "reward": 0.0, "annotation": ""}