{"rc-position-target": {"height": 1.778532493304093, "distance": 6.00904458528762, "heading": -0.22218639788349037, "wrist_angle": -63.887291994767224, "wrist_rotation": 71.3345892317592, "gripper": 55.4003165405504}, "rc-angle-target": {"0": 89.77781360211651, "1": 92.0, "2": 105.0, "3": 84.0, "4": 71.3345892317592}, "rc-pulse-target": {"0": 1537.0, "1": 1482.0, "2": 1666.0, "3": 1433.0, "4": 1292.0, "5": 1668.995251891744}, "reward": 0.0, "annotation": ""}