{"rc-position-target": {"height": 1.1785324933040924, "distance": 6.51528970009121, "heading": -9.22218639788349, "wrist_angle": -72.88729199476722, "wrist_rotation": 74.3345892317592, "gripper": 25.4003165405504}, "rc-angle-target": {"0": 80.77781360211651, "1": 83.0, "2": 101.0, "3": 81.0, "4": 74.3345892317592}, "rc-pulse-target": {"0": 1437.0, "1": 1382.0, "2": 1622.0, "3": 1400.0, "4": 1325.0, "5": 2118.9952518917444}, "reward": 0.0, "annotation": ""}