{"rc-position-target": {"height": 1.6785324933040928, "distance": 6.015289700091212, "heading": -1.7221863978834904, "wrist_angle": -65.38729199476722, "wrist_rotation": 71.8345892317592, "gripper": 50.4003165405504}, "rc-angle-target": {"0": 88.27781360211651, "1": 91.0, "2": 105.0, "3": 84.0, "4": 71.8345892317592}, "rc-pulse-target": {"0": 1520.0, "1": 1471.0, "2": 1666.0, "3": 1433.0, "4": 1298.0, "5": 1743.995251891744}, "reward": 0.0, "annotation": ""}