{"rc-position-target": {"height": 1.3785324933040926, "distance": 6.315289700091211, "heading": -6.22218639788349, "wrist_angle": -69.88729199476722, "wrist_rotation": 73.3345892317592, "gripper": 35.4003165405504}, "rc-angle-target": {"0": 83.77781360211651, "1": 86.0, "2": 103.0, "3": 82.0, "4": 73.3345892317592}, "rc-pulse-target": {"0": 1470.0, "1": 1415.0, "2": 1644.0, "3": 1411.0, "4": 1314.0, "5": 1968.9952518917441}, "reward": 0.0, "annotation": ""}