{"rc-position-target": {"height": 2.4785324933040935, "distance": 6.00904458528762, "heading": 2.2648652670374645, "wrist_angle": -53.387291994767224, "wrist_rotation": 67.8345892317592, "gripper": 72.76801372810921}, "rc-angle-target": {"0": 92.26486526703746, "1": 96.0, "2": 103.0, "3": 88.0, "4": 67.8345892317592}, "rc-pulse-target": {"0": 1565.0, "1": 1526.0, "2": 1644.0, "3": 1477.0, "4": 1253.0, "5": 1408.479794078362}, "reward": 0.0, "annotation": ""}