{"rc-position-target": {"height": 2.978532493304094, "distance": 6.00904458528762, "heading": 2.2648652670374645, "wrist_angle": -45.887291994767224, "wrist_rotation": 65.3345892317592, "gripper": 72.76801372810921}, "rc-angle-target": {"0": 92.26486526703746, "1": 98.0, "2": 101.0, "3": 91.0, "4": 65.3345892317592}, "rc-pulse-target": {"0": 1565.0, "1": 1548.0, "2": 1622.0, "3": 1511.0, "4": 1225.0, "5": 1408.479794078362}, "reward": 0.0, "annotation": ""}