{"rc-position-target": {"height": 2.5785324933040936, "distance": 6.00904458528762, "heading": 2.2648652670374645, "wrist_angle": -51.887291994767224, "wrist_rotation": 67.3345892317592, "gripper": 72.76801372810921}, "rc-angle-target": {"0": 92.26486526703746, "1": 96.0, "2": 102.0, "3": 89.0, "4": 67.3345892317592}, "rc-pulse-target": {"0": 1565.0, "1": 1526.0, "2": 1633.0, "3": 1488.0, "4": 1248.0, "5": 1408.479794078362}, "reward": 0.0, "annotation": ""}