{"rc-position-target": {"height": 2.1785324933040933, "distance": 6.00904458528762, "heading": 2.2648652670374645, "wrist_angle": -57.887291994767224, "wrist_rotation": 69.3345892317592, "gripper": 72.76801372810921}, "rc-angle-target": {"0": 92.26486526703746, "1": 94.0, "2": 104.0, "3": 86.0, "4": 69.3345892317592}, "rc-pulse-target": {"0": 1565.0, "1": 1504.0, "2": 1655.0, "3": 1455.0, "4": 1270.0, "5": 1408.479794078362}, "reward": 0.0, "annotation": ""}