{"rc-position-target": {"height": 3.178532493304094, "distance": 6.00904458528762, "heading": 2.2648652670374645, "wrist_angle": -42.887291994767224, "wrist_rotation": 64.3345892317592, "gripper": 72.76801372810921}, "rc-angle-target": {"0": 92.26486526703746, "1": 99.0, "2": 100.0, "3": 92.0, "4": 64.3345892317592}, "rc-pulse-target": {"0": 1565.0, "1": 1560.0, "2": 1611.0, "3": 1522.0, "4": 1214.0, "5": 1408.479794078362}, "reward": 0.0, "annotation": ""}