{"rc-position-target": {"height": 3.6785324933040946, "distance": 6.00904458528762, "heading": 2.2648652670374645, "wrist_angle": -35.387291994767224, "wrist_rotation": 61.834589231759196, "gripper": 72.76801372810921}, "rc-angle-target": {"0": 92.26486526703746, "1": 101.0, "2": 97.0, "3": 96.0, "4": 61.834589231759196}, "rc-pulse-target": {"0": 1565.0, "1": 1582.0, "2": 1577.0, "3": 1566.0, "4": 1187.0, "5": 1408.479794078362}, "reward": 0.0, "annotation": ""}