{"rc-position-target": {"height": 3.5785324933040945, "distance": 6.00904458528762, "heading": 2.2648652670374645, "wrist_angle": -36.887291994767224, "wrist_rotation": 62.334589231759196, "gripper": 72.76801372810921}, "rc-angle-target": {"0": 92.26486526703746, "1": 100.0, "2": 98.0, "3": 95.0, "4": 62.334589231759196}, "rc-pulse-target": {"0": 1565.0, "1": 1571.0, "2": 1588.0, "3": 1555.0, "4": 1192.0, "5": 1408.479794078362}, "reward": 0.0, "annotation": ""}