{"rc-position-target": {"height": 3.2785324933040942, "distance": 6.00904458528762, "heading": 2.2648652670374645, "wrist_angle": -41.387291994767224, "wrist_rotation": 63.834589231759196, "gripper": 72.76801372810921}, "rc-angle-target": {"0": 92.26486526703746, "1": 99.0, "2": 99.0, "3": 93.0, "4": 63.834589231759196}, "rc-pulse-target": {"0": 1565.0, "1": 1560.0, "2": 1600.0, "3": 1533.0, "4": 1209.0, "5": 1408.479794078362}, "reward": 0.0, "annotation": ""}