{"rc-position-target": {"height": 4.378532493304093, "distance": 6.00904458528762, "heading": 2.2648652670374645, "wrist_angle": -24.887291994767224, "wrist_rotation": 61.529113913658534, "gripper": 72.76801372810921}, "rc-angle-target": {"0": 92.26486526703746, "1": 102.0, "2": 93.0, "3": 100.0, "4": 61.529113913658534}, "rc-pulse-target": {"0": 1565.0, "1": 1593.0, "2": 1533.0, "3": 1611.0, "4": 1183.0, "5": 1408.479794078362}, "reward": 0.0, "annotation": ""}