{"rc-position-target": {"height": 4.778532493304092, "distance": 6.00904458528762, "heading": 2.2648652670374645, "wrist_angle": -19.169626639565507, "wrist_rotation": 61.529113913658534, "gripper": 72.76801372810921}, "rc-angle-target": {"0": 92.26486526703746, "1": 103.0, "2": 90.0, "3": 103.0, "4": 61.529113913658534}, "rc-pulse-target": {"0": 1565.0, "1": 1604.0, "2": 1500.0, "3": 1644.0, "4": 1183.0, "5": 1408.479794078362}, "reward": 0.0, "annotation": ""}