{"rc-position-target": {"height": 4.637542031268646, "distance": 5.599999999999998, "heading": -9.0, "wrist_angle": -45.990691023423715, "wrist_rotation": 72.0, "gripper": 70.0}, "rc-angle-target": {"0": 81.0, "1": 107.0, "2": 95.0, "3": 76.0, "4": 72.0}, "rc-pulse-target": {"0": 1440.0, "1": 1648.0, "2": 1555.0, "3": 1344.0, "4": 1300.0, "5": 1450.0}, "reward": 0.0, "annotation": ""}