{"rc-position-target": {"height": 4.637542031268646, "distance": 5.399999999999999, "heading": -6.0, "wrist_angle": -45.990691023423715, "wrist_rotation": 73.0, "gripper": 80.0}, "rc-angle-target": {"0": 84.0, "1": 109.0, "2": 96.0, "3": 76.0, "4": 73.0}, "rc-pulse-target": {"0": 1473.0, "1": 1671.0, "2": 1566.0, "3": 1344.0, "4": 1311.0, "5": 1300.0}, "reward": 0.0, "annotation": ""}