{"rc-position-target": {"height": 4.637542031268646, "distance": 5.499999999999998, "heading": -7.5, "wrist_angle": -45.990691023423715, "wrist_rotation": 72.5, "gripper": 75.0}, "rc-angle-target": {"0": 82.5, "1": 108.0, "2": 95.0, "3": 76.0, "4": 72.5}, "rc-pulse-target": {"0": 1456.0, "1": 1660.0, "2": 1555.0, "3": 1344.0, "4": 1305.0, "5": 1375.0}, "reward": 0.0, "annotation": ""}