{"rc-position-target": {"height": 4.637542031268646, "distance": 5.6999999999999975, "heading": -10.5, "wrist_angle": -45.990691023423715, "wrist_rotation": 71.5, "gripper": 65.0}, "rc-angle-target": {"0": 79.5, "1": 106.0, "2": 94.0, "3": 76.0, "4": 71.5}, "rc-pulse-target": {"0": 1423.0, "1": 1637.0, "2": 1544.0, "3": 1344.0, "4": 1294.0, "5": 1525.0}, "reward": 0.0, "annotation": ""}