{"rc-position-target": {"height": 4.637542031268646, "distance": 5.899999999999997, "heading": -13.5, "wrist_angle": -45.990691023423715, "wrist_rotation": 70.5, "gripper": 55.0}, "rc-angle-target": {"0": 76.5, "1": 104.0, "2": 92.0, "3": 77.0, "4": 70.5}, "rc-pulse-target": {"0": 1390.0, "1": 1615.0, "2": 1522.0, "3": 1355.0, "4": 1283.0, "5": 1675.0}, "reward": 0.0, "annotation": ""}