{"rc-position-target": {"height": 4.637542031268646, "distance": 5.799999999999997, "heading": -12.0, "wrist_angle": -45.990691023423715, "wrist_rotation": 71.0, "gripper": 60.0}, "rc-angle-target": {"0": 78.0, "1": 105.0, "2": 93.0, "3": 77.0, "4": 71.0}, "rc-pulse-target": {"0": 1406.0, "1": 1626.0, "2": 1533.0, "3": 1355.0, "4": 1288.0, "5": 1600.0}, "reward": 0.0, "annotation": ""}