{"rc-position-target": {"height": 4.800000000000001, "distance": 5.199999999999999, "heading": -3.0, "wrist_angle": -45.990691023423715, "wrist_rotation": 74.0, "gripper": 90.0}, "rc-angle-target": {"0": 87.0, "1": 112.0, "2": 97.0, "3": 74.0, "4": 74.0}, "rc-pulse-target": {"0": 1506.0, "1": 1704.0, "2": 1577.0, "3": 1322.0, "4": 1322.0, "5": 1150.0}, "reward": 0.0, "annotation": ""}