{"rc-position-target": {"height": 4.637542031268646, "distance": 6.599999999999994, "heading": -24.0, "wrist_angle": -45.990691023423715, "wrist_rotation": 70.46309690587748, "gripper": 37.981570442218924}, "rc-angle-target": {"0": 66.0, "1": 96.0, "2": 86.0, "3": 78.0, "4": 70.46309690587748}, "rc-pulse-target": {"0": 1273.0, "1": 1526.0, "2": 1455.0, "3": 1366.0, "4": 1282.0, "5": 1930.2764433667162}, "reward": 0.0, "annotation": ""}