{"rc-position-target": {"height": 4.637542031268646, "distance": 6.099999999999996, "heading": -16.5, "wrist_angle": -45.990691023423715, "wrist_rotation": 70.46309690587748, "gripper": 45.0}, "rc-angle-target": {"0": 73.5, "1": 102.0, "2": 90.0, "3": 77.0, "4": 70.46309690587748}, "rc-pulse-target": {"0": 1356.0, "1": 1593.0, "2": 1500.0, "3": 1355.0, "4": 1282.0, "5": 1825.0}, "reward": 0.0, "annotation": ""}