{"rc-position-target": {"height": 4.637542031268646, "distance": 6.499999999999995, "heading": -22.5, "wrist_angle": -45.990691023423715, "wrist_rotation": 70.46309690587748, "gripper": 37.981570442218924}, "rc-angle-target": {"0": 67.5, "1": 97.0, "2": 87.0, "3": 78.0, "4": 70.46309690587748}, "rc-pulse-target": {"0": 1290.0, "1": 1537.0, "2": 1466.0, "3": 1366.0, "4": 1282.0, "5": 1930.2764433667162}, "reward": 0.0, "annotation": ""}