{"rc-position-target": {"height": 4.637542031268646, "distance": 6.199999999999996, "heading": -18.0, "wrist_angle": -45.990691023423715, "wrist_rotation": 70.46309690587748, "gripper": 40.0}, "rc-angle-target": {"0": 72.0, "1": 101.0, "2": 89.0, "3": 77.0, "4": 70.46309690587748}, "rc-pulse-target": {"0": 1340.0, "1": 1582.0, "2": 1488.0, "3": 1355.0, "4": 1282.0, "5": 1900.0}, "reward": 0.0, "annotation": ""}