{"rc-position-target": {"height": 4.637542031268646, "distance": 6.299999999999995, "heading": -19.5, "wrist_angle": -45.990691023423715, "wrist_rotation": 70.46309690587748, "gripper": 37.981570442218924}, "rc-angle-target": {"0": 70.5, "1": 100.0, "2": 89.0, "3": 77.0, "4": 70.46309690587748}, "rc-pulse-target": {"0": 1323.0, "1": 1571.0, "2": 1488.0, "3": 1355.0, "4": 1282.0, "5": 1930.2764433667162}, "reward": 0.0, "annotation": ""}