{"rc-position-target": {"height": 4.637542031268646, "distance": 6.399999999999995, "heading": -21.0, "wrist_angle": -45.990691023423715, "wrist_rotation": 70.46309690587748, "gripper": 37.981570442218924}, "rc-angle-target": {"0": 69.0, "1": 99.0, "2": 88.0, "3": 78.0, "4": 70.46309690587748}, "rc-pulse-target": {"0": 1306.0, "1": 1560.0, "2": 1477.0, "3": 1366.0, "4": 1282.0, "5": 1930.2764433667162}, "reward": 0.0, "annotation": ""}