{"rc-position-target": {"height": 4.637542031268646, "distance": 5.9999999999999964, "heading": -15.0, "wrist_angle": -45.990691023423715, "wrist_rotation": 70.46309690587748, "gripper": 50.0}, "rc-angle-target": {"0": 75.0, "1": 103.0, "2": 91.0, "3": 77.0, "4": 70.46309690587748}, "rc-pulse-target": {"0": 1373.0, "1": 1604.0, "2": 1511.0, "3": 1355.0, "4": 1282.0, "5": 1750.0}, "reward": 0.0, "annotation": ""}