{"rc-position-target": {"height": 4.337542031268647, "distance": 6.382869612387761, "heading": -59.85184858443256, "wrist_angle": -41.490691023423715, "wrist_rotation": 71.96309690587748, "gripper": 52.981570442218924}, "rc-angle-target": {"0": 30.14815141556744, "1": 98.0, "2": 90.0, "3": 85.0, "4": 71.96309690587748}, "rc-pulse-target": {"0": 874.0, "1": 1548.0, "2": 1500.0, "3": 1444.0, "4": 1299.0, "5": 1705.2764433667162}, "reward": 0.0, "annotation": ""}