{"rc-position-target": {"height": 4.437542031268647, "distance": 6.482869612387761, "heading": -61.35184858443256, "wrist_angle": -42.990691023423715, "wrist_rotation": 71.46309690587748, "gripper": 47.981570442218924}, "rc-angle-target": {"0": 28.64815141556744, "1": 97.0, "2": 88.0, "3": 82.0, "4": 71.46309690587748}, "rc-pulse-target": {"0": 858.0, "1": 1537.0, "2": 1477.0, "3": 1411.0, "4": 1294.0, "5": 1780.2764433667162}, "reward": 0.0, "annotation": ""}