{"rc-position-target": {"height": 4.137542031268648, "distance": 6.182869612387762, "heading": -56.85184858443256, "wrist_angle": -38.490691023423715, "wrist_rotation": 72.96309690587748, "gripper": 62.981570442218924}, "rc-angle-target": {"0": 33.14815141556744, "1": 100.0, "2": 93.0, "3": 89.0, "4": 72.96309690587748}, "rc-pulse-target": {"0": 908.0, "1": 1571.0, "2": 1533.0, "3": 1488.0, "4": 1310.0, "5": 1555.2764433667162}, "reward": 0.0, "annotation": ""}