{"rc-position-target": {"height": 4.037542031268648, "distance": 6.082869612387762, "heading": -55.35184858443256, "wrist_angle": -36.990691023423715, "wrist_rotation": 73.46309690587748, "gripper": 67.98157044221892}, "rc-angle-target": {"0": 34.64815141556744, "1": 101.0, "2": 94.0, "3": 91.0, "4": 73.46309690587748}, "rc-pulse-target": {"0": 924.0, "1": 1582.0, "2": 1544.0, "3": 1511.0, "4": 1316.0, "5": 1480.2764433667162}, "reward": 0.0, "annotation": ""}