{"rc-position-target": {"height": 4.5375420312686465, "distance": 6.582869612387761, "heading": -62.85184858443256, "wrist_angle": -44.490691023423715, "wrist_rotation": 70.96309690587748, "gripper": 42.981570442218924}, "rc-angle-target": {"0": 27.14815141556744, "1": 96.0, "2": 87.0, "3": 80.0, "4": 70.96309690587748}, "rc-pulse-target": {"0": 841.0, "1": 1526.0, "2": 1466.0, "3": 1388.0, "4": 1288.0, "5": 1855.2764433667162}, "reward": 0.0, "annotation": ""}