{"rc-position-target": {"height": 4.237542031268648, "distance": 6.282869612387762, "heading": -58.35184858443256, "wrist_angle": -39.990691023423715, "wrist_rotation": 72.46309690587748, "gripper": 57.981570442218924}, "rc-angle-target": {"0": 31.64815141556744, "1": 99.0, "2": 91.0, "3": 87.0, "4": 72.46309690587748}, "rc-pulse-target": {"0": 891.0, "1": 1560.0, "2": 1511.0, "3": 1466.0, "4": 1305.0, "5": 1630.2764433667162}, "reward": 0.0, "annotation": ""}