{"rc-position-target": {"height": 3.590247646090362, "distance": 5.182869612387766, "heading": -41.85184858443256, "wrist_angle": -27.5042780669568, "wrist_rotation": 77.96309690587748, "gripper": 87.42254493015035}, "rc-angle-target": {"0": 48.14815141556744, "1": 109.0, "2": 105.0, "3": 102.0, "4": 77.96309690587748}, "rc-pulse-target": {"0": 1074.0, "1": 1671.0, "2": 1666.0, "3": 1633.0, "4": 1366.0, "5": 1188.6618260477449}, "reward": 0.0, "annotation": ""}