{"rc-position-target": {"height": 3.590247646090362, "distance": 5.082869612387766, "heading": -40.35184858443256, "wrist_angle": -27.5042780669568, "wrist_rotation": 78.46309690587748, "gripper": 87.42254493015035}, "rc-angle-target": {"0": 49.64815141556744, "1": 111.0, "2": 106.0, "3": 102.0, "4": 78.46309690587748}, "rc-pulse-target": {"0": 1091.0, "1": 1693.0, "2": 1677.0, "3": 1633.0, "4": 1371.0, "5": 1188.6618260477449}, "reward": 0.0, "annotation": ""}