{"rc-position-target": {"height": 3.590247646090362, "distance": 5.282869612387765, "heading": -43.35184858443256, "wrist_angle": -27.5042780669568, "wrist_rotation": 77.46309690587748, "gripper": 87.42254493015035}, "rc-angle-target": {"0": 46.64815141556744, "1": 108.0, "2": 104.0, "3": 103.0, "4": 77.46309690587748}, "rc-pulse-target": {"0": 1058.0, "1": 1660.0, "2": 1655.0, "3": 1644.0, "4": 1360.0, "5": 1188.6618260477449}, "reward": 0.0, "annotation": ""}