{"rc-position-target": {"height": 3.837542031268648, "distance": 5.882869612387763, "heading": -52.35184858443256, "wrist_angle": -33.990691023423715, "wrist_rotation": 74.46309690587748, "gripper": 77.98157044221892}, "rc-angle-target": {"0": 37.64815141556744, "1": 102.0, "2": 97.0, "3": 95.0, "4": 74.46309690587748}, "rc-pulse-target": {"0": 958.0, "1": 1593.0, "2": 1577.0, "3": 1555.0, "4": 1327.0, "5": 1330.2764433667162}, "reward": 0.0, "annotation": ""}