{"rc-position-target": {"height": 3.737542031268648, "distance": 5.782869612387763, "heading": -50.85184858443256, "wrist_angle": -32.490691023423715, "wrist_rotation": 74.96309690587748, "gripper": 82.98157044221892}, "rc-angle-target": {"0": 39.14815141556744, "1": 103.0, "2": 99.0, "3": 98.0, "4": 74.96309690587748}, "rc-pulse-target": {"0": 974.0, "1": 1604.0, "2": 1600.0, "3": 1588.0, "4": 1332.0, "5": 1255.2764433667162}, "reward": 0.0, "annotation": ""}