{"rc-position-target": {"height": 3.937542031268648, "distance": 5.982869612387763, "heading": -53.85184858443256, "wrist_angle": -35.490691023423715, "wrist_rotation": 73.96309690587748, "gripper": 72.98157044221892}, "rc-angle-target": {"0": 36.14815141556744, "1": 102.0, "2": 96.0, "3": 93.0, "4": 73.96309690587748}, "rc-pulse-target": {"0": 941.0, "1": 1593.0, "2": 1566.0, "3": 1533.0, "4": 1321.0, "5": 1405.2764433667162}, "reward": 0.0, "annotation": ""}