{"rc-position-target": {"height": 3.590247646090362, "distance": 5.582869612387764, "heading": -47.85184858443256, "wrist_angle": -29.490691023423715, "wrist_rotation": 75.96309690587748, "gripper": 87.42254493015035}, "rc-angle-target": {"0": 42.14815141556744, "1": 105.0, "2": 101.0, "3": 101.0, "4": 75.96309690587748}, "rc-pulse-target": {"0": 1008.0, "1": 1626.0, "2": 1622.0, "3": 1622.0, "4": 1344.0, "5": 1188.6618260477449}, "reward": 0.0, "annotation": ""}