{"rc-position-target": {"height": 3.590247646090362, "distance": 5.382869612387765, "heading": -44.85184858443256, "wrist_angle": -27.5042780669568, "wrist_rotation": 76.96309690587748, "gripper": 87.42254493015035}, "rc-angle-target": {"0": 45.14815141556744, "1": 107.0, "2": 103.0, "3": 103.0, "4": 76.96309690587748}, "rc-pulse-target": {"0": 1041.0, "1": 1648.0, "2": 1644.0, "3": 1644.0, "4": 1355.0, "5": 1188.6618260477449}, "reward": 0.0, "annotation": ""}