{"rc-position-target": {"height": 3.637542031268648, "distance": 5.682869612387764, "heading": -49.35184858443256, "wrist_angle": -30.990691023423715, "wrist_rotation": 75.46309690587748, "gripper": 87.42254493015035}, "rc-angle-target": {"0": 40.64815141556744, "1": 104.0, "2": 100.0, "3": 100.0, "4": 75.46309690587748}, "rc-pulse-target": {"0": 991.0, "1": 1615.0, "2": 1611.0, "3": 1611.0, "4": 1338.0, "5": 1188.6618260477449}, "reward": 0.0, "annotation": ""}