{"rc-position-target": {"height": 3.590247646090362, "distance": 5.4828696123877645, "heading": -46.35184858443256, "wrist_angle": -27.990691023423715, "wrist_rotation": 76.46309690587748, "gripper": 87.42254493015035}, "rc-angle-target": {"0": 43.64815141556744, "1": 106.0, "2": 102.0, "3": 103.0, "4": 76.46309690587748}, "rc-pulse-target": {"0": 1024.0, "1": 1637.0, "2": 1633.0, "3": 1644.0, "4": 1349.0, "5": 1188.6618260477449}, "reward": 0.0, "annotation": ""}