{"rc-position-target": {"height": 3.590247646090362, "distance": 4.0828696123877695, "heading": -25.35184858443256, "wrist_angle": -27.5042780669568, "wrist_rotation": 81.55241639837604, "gripper": 87.42254493015035}, "rc-angle-target": {"0": 64.64815141556744, "1": 123.0, "2": 114.0, "3": 97.0, "4": 81.55241639837604}, "rc-pulse-target": {"0": 1258.0, "1": 1826.0, "2": 1766.0, "3": 1577.0, "4": 1406.0, "5": 1188.6618260477449}, "reward": 0.0, "annotation": ""}