{"rc-position-target": {"height": 3.590247646090362, "distance": 4.982869612387766, "heading": -38.85184858443256, "wrist_angle": -27.5042780669568, "wrist_rotation": 78.96309690587748, "gripper": 87.42254493015035}, "rc-angle-target": {"0": 51.14815141556744, "1": 112.0, "2": 106.0, "3": 102.0, "4": 78.96309690587748}, "rc-pulse-target": {"0": 1108.0, "1": 1704.0, "2": 1677.0, "3": 1633.0, "4": 1377.0, "5": 1188.6618260477449}, "reward": 0.0, "annotation": ""}