{"rc-position-target": {"height": 3.590247646090362, "distance": 4.382869612387768, "heading": -29.85184858443256, "wrist_angle": -27.5042780669568, "wrist_rotation": 81.55241639837604, "gripper": 87.42254493015035}, "rc-angle-target": {"0": 60.14815141556744, "1": 119.0, "2": 111.0, "3": 99.0, "4": 81.55241639837604}, "rc-pulse-target": {"0": 1208.0, "1": 1782.0, "2": 1733.0, "3": 1600.0, "4": 1406.0, "5": 1188.6618260477449}, "reward": 0.0, "annotation": ""}