{"rc-position-target": {"height": 3.590247646090362, "distance": 4.682869612387767, "heading": -34.35184858443256, "wrist_angle": -27.5042780669568, "wrist_rotation": 80.46309690587748, "gripper": 87.42254493015035}, "rc-angle-target": {"0": 55.64815141556744, "1": 116.0, "2": 109.0, "3": 100.0, "4": 80.46309690587748}, "rc-pulse-target": {"0": 1158.0, "1": 1748.0, "2": 1711.0, "3": 1611.0, "4": 1394.0, "5": 1188.6618260477449}, "reward": 0.0, "annotation": ""}