{"rc-position-target": {"height": 3.590247646090362, "distance": 4.882869612387767, "heading": -37.35184858443256, "wrist_angle": -27.5042780669568, "wrist_rotation": 79.46309690587748, "gripper": 87.42254493015035}, "rc-angle-target": {"0": 52.64815141556744, "1": 113.0, "2": 107.0, "3": 101.0, "4": 79.46309690587748}, "rc-pulse-target": {"0": 1124.0, "1": 1715.0, "2": 1688.0, "3": 1622.0, "4": 1382.0, "5": 1188.6618260477449}, "reward": 0.0, "annotation": ""}