{"rc-position-target": {"height": 3.590247646090362, "distance": 4.482869612387768, "heading": -31.35184858443256, "wrist_angle": -27.5042780669568, "wrist_rotation": 81.46309690587748, "gripper": 87.42254493015035}, "rc-angle-target": {"0": 58.64815141556744, "1": 118.0, "2": 110.0, "3": 99.0, "4": 81.46309690587748}, "rc-pulse-target": {"0": 1191.0, "1": 1771.0, "2": 1722.0, "3": 1600.0, "4": 1405.0, "5": 1188.6618260477449}, "reward": 0.0, "annotation": ""}