{"rc-position-target": {"height": 3.590247646090362, "distance": 4.582869612387768, "heading": -32.85184858443256, "wrist_angle": -27.5042780669568, "wrist_rotation": 80.96309690587748, "gripper": 87.42254493015035}, "rc-angle-target": {"0": 57.14815141556744, "1": 117.0, "2": 110.0, "3": 100.0, "4": 80.96309690587748}, "rc-pulse-target": {"0": 1174.0, "1": 1760.0, "2": 1722.0, "3": 1611.0, "4": 1399.0, "5": 1188.6618260477449}, "reward": 0.0, "annotation": ""}