{"rc-position-target": {"height": 3.590247646090362, "distance": 4.282869612387769, "heading": -28.35184858443256, "wrist_angle": -27.5042780669568, "wrist_rotation": 81.55241639837604, "gripper": 87.42254493015035}, "rc-angle-target": {"0": 61.64815141556744, "1": 121.0, "2": 112.0, "3": 98.0, "4": 81.55241639837604}, "rc-pulse-target": {"0": 1224.0, "1": 1804.0, "2": 1744.0, "3": 1588.0, "4": 1406.0, "5": 1188.6618260477449}, "reward": 0.0, "annotation": ""}