{"rc-position-target": {"height": 3.590247646090362, "distance": 4.782869612387767, "heading": -35.85184858443256, "wrist_angle": -27.5042780669568, "wrist_rotation": 79.96309690587748, "gripper": 87.42254493015035}, "rc-angle-target": {"0": 54.14815141556744, "1": 114.0, "2": 108.0, "3": 101.0, "4": 79.96309690587748}, "rc-pulse-target": {"0": 1141.0, "1": 1726.0, "2": 1700.0, "3": 1622.0, "4": 1388.0, "5": 1188.6618260477449}, "reward": 0.0, "annotation": ""}