{"rc-position-target": {"height": 3.590247646090362, "distance": 4.031221276783205, "heading": -11.85184858443256, "wrist_angle": -27.5042780669568, "wrist_rotation": 81.55241639837604, "gripper": 87.42254493015035}, "rc-angle-target": {"0": 78.14815141556744, "1": 124.0, "2": 114.0, "3": 97.0, "4": 81.55241639837604}, "rc-pulse-target": {"0": 1408.0, "1": 1837.0, "2": 1766.0, "3": 1577.0, "4": 1406.0, "5": 1188.6618260477449}, "reward": 0.0, "annotation": ""}