{"rc-position-target": {"height": 3.3902476460903617, "distance": 4.231221276783204, "heading": 48.14815141556744, "wrist_angle": -24.5042780669568, "wrist_rotation": 80.55241639837604, "gripper": 77.42254493015035}, "rc-angle-target": {"0": 138.14815141556744, "1": 121.0, "2": 114.0, "3": 103.0, "4": 80.55241639837604}, "rc-pulse-target": {"0": 2074.0, "1": 1804.0, "2": 1766.0, "3": 1644.0, "4": 1395.0, "5": 1338.6618260477449}, "reward": 0.0, "annotation": ""}