{"rc-position-target": {"height": 2.690247646090361, "distance": 4.9312212767832015, "heading": 37.64815141556744, "wrist_angle": -19.486837100895656, "wrist_rotation": 77.05241639837604, "gripper": 42.42254493015035}, "rc-angle-target": {"0": 127.64815141556744, "1": 109.0, "2": 112.0, "3": 118.0, "4": 77.05241639837604}, "rc-pulse-target": {"0": 1958.0, "1": 1671.0, "2": 1744.0, "3": 1811.0, "4": 1356.0, "5": 1863.6618260477449}, "reward": 0.0, "annotation": ""}