{"rc-position-target": {"height": 2.790247646090361, "distance": 4.831221276783202, "heading": 39.14815141556744, "wrist_angle": -19.486837100895656, "wrist_rotation": 77.55241639837604, "gripper": 47.42254493015035}, "rc-angle-target": {"0": 129.14815141556744, "1": 111.0, "2": 112.0, "3": 116.0, "4": 77.55241639837604}, "rc-pulse-target": {"0": 1974.0, "1": 1693.0, "2": 1744.0, "3": 1788.0, "4": 1361.0, "5": 1788.6618260477449}, "reward": 0.0, "annotation": ""}