{"rc-position-target": {"height": 3.0902476460903614, "distance": 4.531221276783203, "heading": 43.64815141556744, "wrist_angle": -20.0042780669568, "wrist_rotation": 79.05241639837604, "gripper": 62.42254493015035}, "rc-angle-target": {"0": 133.64815141556744, "1": 116.0, "2": 113.0, "3": 112.0, "4": 79.05241639837604}, "rc-pulse-target": {"0": 2024.0, "1": 1748.0, "2": 1755.0, "3": 1744.0, "4": 1378.0, "5": 1563.6618260477449}, "reward": 0.0, "annotation": ""}