{"rc-position-target": {"height": 2.9902476460903613, "distance": 4.631221276783203, "heading": 42.14815141556744, "wrist_angle": -19.486837100895656, "wrist_rotation": 78.55241639837604, "gripper": 57.42254493015035}, "rc-angle-target": {"0": 132.14815141556744, "1": 114.0, "2": 113.0, "3": 114.0, "4": 78.55241639837604}, "rc-pulse-target": {"0": 2008.0, "1": 1726.0, "2": 1755.0, "3": 1766.0, "4": 1372.0, "5": 1638.6618260477449}, "reward": 0.0, "annotation": ""}