{"rc-position-target": {"height": 3.1902476460903615, "distance": 4.431221276783203, "heading": 45.14815141556744, "wrist_angle": -21.5042780669568, "wrist_rotation": 79.55241639837604, "gripper": 67.42254493015035}, "rc-angle-target": {"0": 135.14815141556744, "1": 117.0, "2": 113.0, "3": 109.0, "4": 79.55241639837604}, "rc-pulse-target": {"0": 2041.0, "1": 1760.0, "2": 1755.0, "3": 1711.0, "4": 1383.0, "5": 1488.6618260477449}, "reward": 0.0, "annotation": ""}