{"rc-position-target": {"height": 2.8902476460903612, "distance": 4.731221276783202, "heading": 40.64815141556744, "wrist_angle": -19.486837100895656, "wrist_rotation": 78.05241639837604, "gripper": 52.42254493015035}, "rc-angle-target": {"0": 130.64815141556744, "1": 112.0, "2": 112.0, "3": 115.0, "4": 78.05241639837604}, "rc-pulse-target": {"0": 1991.0, "1": 1704.0, "2": 1744.0, "3": 1777.0, "4": 1367.0, "5": 1713.6618260477449}, "reward": 0.0, "annotation": ""}