{"rc-position-target": {"height": 3.4902476460903618, "distance": 4.131221276783204, "heading": 49.64815141556744, "wrist_angle": -26.0042780669568, "wrist_rotation": 81.05241639837604, "gripper": 82.42254493015035}, "rc-angle-target": {"0": 139.64815141556744, "1": 122.0, "2": 114.0, "3": 100.0, "4": 81.05241639837604}, "rc-pulse-target": {"0": 2091.0, "1": 1815.0, "2": 1766.0, "3": 1611.0, "4": 1400.0, "5": 1263.6618260477449}, "reward": 0.0, "annotation": ""}