{"rc-position-target": {"height": 3.2902476460903616, "distance": 4.331221276783204, "heading": 46.64815141556744, "wrist_angle": -23.0042780669568, "wrist_rotation": 80.05241639837604, "gripper": 72.42254493015035}, "rc-angle-target": {"0": 136.64815141556744, "1": 119.0, "2": 114.0, "3": 106.0, "4": 80.05241639837604}, "rc-pulse-target": {"0": 2058.0, "1": 1782.0, "2": 1766.0, "3": 1677.0, "4": 1389.0, "5": 1413.6618260477449}, "reward": 0.0, "annotation": ""}