{"rc-position-target": {"height": 2.6242219726156786, "distance": 5.2312212767832005, "heading": 33.14815141556744, "wrist_angle": -19.486837100895656, "wrist_rotation": 75.55241639837604, "gripper": 40.88896760063717}, "rc-angle-target": {"0": 123.14815141556744, "1": 105.0, "2": 109.0, "3": 119.0, "4": 75.55241639837604}, "rc-pulse-target": {"0": 1908.0, "1": 1626.0, "2": 1711.0, "3": 1822.0, "4": 1339.0, "5": 1886.6654859904424}, "reward": 0.0, "annotation": ""}