{"rc-position-target": {"height": 2.6242219726156786, "distance": 5.531221276783199, "heading": 28.64815141556744, "wrist_angle": -19.486837100895656, "wrist_rotation": 74.05241639837604, "gripper": 40.88896760063717}, "rc-angle-target": {"0": 118.64815141556744, "1": 102.0, "2": 107.0, "3": 120.0, "4": 74.05241639837604}, "rc-pulse-target": {"0": 1858.0, "1": 1593.0, "2": 1688.0, "3": 1833.0, "4": 1322.0, "5": 1886.6654859904424}, "reward": 0.0, "annotation": ""}