{"rc-position-target": {"height": 2.6242219726156786, "distance": 5.931221276783198, "heading": 22.64815141556744, "wrist_angle": -19.486837100895656, "wrist_rotation": 72.05241639837604, "gripper": 40.88896760063717}, "rc-angle-target": {"0": 112.64815141556744, "1": 97.0, "2": 103.0, "3": 121.0, "4": 72.05241639837604}, "rc-pulse-target": {"0": 1791.0, "1": 1537.0, "2": 1644.0, "3": 1844.0, "4": 1300.0, "5": 1886.6654859904424}, "reward": 0.0, "annotation": ""}