{"rc-position-target": {"height": 2.6242219726156786, "distance": 5.831221276783198, "heading": 24.14815141556744, "wrist_angle": -19.486837100895656, "wrist_rotation": 72.55241639837604, "gripper": 40.88896760063717}, "rc-angle-target": {"0": 114.14815141556744, "1": 98.0, "2": 104.0, "3": 121.0, "4": 72.55241639837604}, "rc-pulse-target": {"0": 1808.0, "1": 1548.0, "2": 1655.0, "3": 1844.0, "4": 1306.0, "5": 1886.6654859904424}, "reward": 0.0, "annotation": ""}