{"rc-position-target": {"height": 2.6242219726156786, "distance": 5.631221276783199, "heading": 27.14815141556744, "wrist_angle": -19.486837100895656, "wrist_rotation": 73.55241639837604, "gripper": 40.88896760063717}, "rc-angle-target": {"0": 117.14815141556744, "1": 100.0, "2": 106.0, "3": 120.0, "4": 73.55241639837604}, "rc-pulse-target": {"0": 1841.0, "1": 1571.0, "2": 1677.0, "3": 1833.0, "4": 1317.0, "5": 1886.6654859904424}, "reward": 0.0, "annotation": ""}