{"rc-position-target": {"height": 2.6242219726156786, "distance": 5.031221276783201, "heading": 36.14815141556744, "wrist_angle": -19.486837100895656, "wrist_rotation": 76.55241639837604, "gripper": 40.88896760063717}, "rc-angle-target": {"0": 126.14815141556744, "1": 107.0, "2": 111.0, "3": 119.0, "4": 76.55241639837604}, "rc-pulse-target": {"0": 1941.0, "1": 1648.0, "2": 1733.0, "3": 1822.0, "4": 1350.0, "5": 1886.6654859904424}, "reward": 0.0, "annotation": ""}