{"rc-position-target": {"height": 2.6242219726156786, "distance": 5.731221276783199, "heading": 25.64815141556744, "wrist_angle": -19.486837100895656, "wrist_rotation": 73.05241639837604, "gripper": 40.88896760063717}, "rc-angle-target": {"0": 115.64815141556744, "1": 99.0, "2": 105.0, "3": 120.0, "4": 73.05241639837604}, "rc-pulse-target": {"0": 1824.0, "1": 1560.0, "2": 1666.0, "3": 1833.0, "4": 1311.0, "5": 1886.6654859904424}, "reward": 0.0, "annotation": ""}