{"rc-position-target": {"height": 2.6242219726156786, "distance": 5.131221276783201, "heading": 34.64815141556744, "wrist_angle": -19.486837100895656, "wrist_rotation": 76.05241639837604, "gripper": 40.88896760063717}, "rc-angle-target": {"0": 124.64815141556744, "1": 106.0, "2": 110.0, "3": 119.0, "4": 76.05241639837604}, "rc-pulse-target": {"0": 1924.0, "1": 1637.0, "2": 1722.0, "3": 1822.0, "4": 1345.0, "5": 1886.6654859904424}, "reward": 0.0, "annotation": ""}