{"rc-position-target": {"height": 2.6242219726156786, "distance": 5.3312212767832, "heading": 31.64815141556744, "wrist_angle": -19.486837100895656, "wrist_rotation": 75.05241639837604, "gripper": 40.88896760063717}, "rc-angle-target": {"0": 121.64815141556744, "1": 104.0, "2": 108.0, "3": 120.0, "4": 75.05241639837604}, "rc-pulse-target": {"0": 1891.0, "1": 1615.0, "2": 1700.0, "3": 1833.0, "4": 1333.0, "5": 1886.6654859904424}, "reward": 0.0, "annotation": ""}