{"rc-position-target": {"height": 2.6242219726156786, "distance": 6.031221276783198, "heading": 21.14815141556744, "wrist_angle": -19.486837100895656, "wrist_rotation": 71.55241639837604, "gripper": 40.88896760063717}, "rc-angle-target": {"0": 111.14815141556744, "1": 96.0, "2": 102.0, "3": 121.0, "4": 71.55241639837604}, "rc-pulse-target": {"0": 1774.0, "1": 1526.0, "2": 1633.0, "3": 1844.0, "4": 1295.0, "5": 1886.6654859904424}, "reward": 0.0, "annotation": ""}