{"rc-position-target": {"height": 2.6242219726156786, "distance": 6.131221276783197, "heading": 19.64815141556744, "wrist_angle": -19.486837100895656, "wrist_rotation": 71.05241639837604, "gripper": 40.88896760063717}, "rc-angle-target": {"0": 109.64815141556744, "1": 95.0, "2": 101.0, "3": 121.0, "4": 71.05241639837604}, "rc-pulse-target": {"0": 1758.0, "1": 1515.0, "2": 1622.0, "3": 1844.0, "4": 1289.0, "5": 1886.6654859904424}, "reward": 0.0, "annotation": ""}