{"rc-position-target": {"height": 2.6242219726156786, "distance": 6.253508437885387, "heading": -58.35184858443256, "wrist_angle": -19.486837100895656, "wrist_rotation": 61.414406181499075, "gripper": 40.88896760063717}, "rc-angle-target": {"0": 31.64815141556744, "1": 94.0, "2": 100.0, "3": 121.0, "4": 61.414406181499075}, "rc-pulse-target": {"0": 891.0, "1": 1504.0, "2": 1611.0, "3": 1844.0, "4": 1182.0, "5": 1886.6654859904424}, "reward": 0.0, "annotation": ""}