{"rc-position-target": {"height": 2.8242219726156788, "distance": 6.053508437885387, "heading": -74.64719825806213, "wrist_angle": -22.486837100895656, "wrist_rotation": 62.414406181499075, "gripper": 50.88896760063717}, "rc-angle-target": {"0": 15.352801741937867, "1": 97.0, "2": 101.0, "3": 116.0, "4": 62.414406181499075}, "rc-pulse-target": {"0": 710.0, "1": 1537.0, "2": 1622.0, "3": 1788.0, "4": 1193.0, "5": 1736.6654859904424}, "reward": 0.0, "annotation": ""}