{"rc-position-target": {"height": 2.7242219726156787, "distance": 6.153508437885387, "heading": -76.14719825806213, "wrist_angle": -20.986837100895656, "wrist_rotation": 61.914406181499075, "gripper": 45.88896760063717}, "rc-angle-target": {"0": 13.852801741937867, "1": 95.0, "2": 100.0, "3": 118.0, "4": 61.914406181499075}, "rc-pulse-target": {"0": 693.0, "1": 1515.0, "2": 1611.0, "3": 1811.0, "4": 1187.0, "5": 1811.6654859904424}, "reward": 0.0, "annotation": ""}