{"rc-position-target": {"height": 2.924221972615679, "distance": 5.953508437885388, "heading": -73.14719825806213, "wrist_angle": -23.986837100895656, "wrist_rotation": 62.914406181499075, "gripper": 55.88896760063717}, "rc-angle-target": {"0": 16.852801741937867, "1": 98.0, "2": 101.0, "3": 113.0, "4": 62.914406181499075}, "rc-pulse-target": {"0": 727.0, "1": 1548.0, "2": 1622.0, "3": 1755.0, "4": 1199.0, "5": 1661.6654859904424}, "reward": 0.0, "annotation": ""}