{"rc-position-target": {"height": 3.5242219726156794, "distance": 5.35350843788539, "heading": -64.14719825806213, "wrist_angle": -31.855505370226282, "wrist_rotation": 65.91440618149907, "gripper": 56.04091094394611}, "rc-angle-target": {"0": 25.852801741937867, "1": 107.0, "2": 104.0, "3": 99.0, "4": 65.91440618149907}, "rc-pulse-target": {"0": 827.0, "1": 1648.0, "2": 1655.0, "3": 1600.0, "4": 1232.0, "5": 1659.3863358408084}, "reward": 0.0, "annotation": ""}