{"rc-position-target": {"height": 3.9242219726156797, "distance": 4.953508437885391, "heading": -58.14719825806213, "wrist_angle": -31.855505370226282, "wrist_rotation": 67.91440618149907, "gripper": 56.04091094394611}, "rc-angle-target": {"0": 31.852801741937867, "1": 113.0, "2": 105.0, "3": 94.0, "4": 67.91440618149907}, "rc-pulse-target": {"0": 893.0, "1": 1715.0, "2": 1666.0, "3": 1544.0, "4": 1254.0, "5": 1659.3863358408084}, "reward": 0.0, "annotation": ""}