{"rc-position-target": {"height": 3.4242219726156793, "distance": 5.4535084378853895, "heading": -65.64719825806213, "wrist_angle": -31.486837100895656, "wrist_rotation": 65.41440618149907, "gripper": 56.04091094394611}, "rc-angle-target": {"0": 24.352801741937867, "1": 106.0, "2": 103.0, "3": 101.0, "4": 65.41440618149907}, "rc-pulse-target": {"0": 810.0, "1": 1637.0, "2": 1644.0, "3": 1622.0, "4": 1226.0, "5": 1659.3863358408084}, "reward": 0.0, "annotation": ""}