{"rc-position-target": {"height": 3.024221972615679, "distance": 5.853508437885388, "heading": -71.64719825806213, "wrist_angle": -25.486837100895656, "wrist_rotation": 63.414406181499075, "gripper": 56.04091094394611}, "rc-angle-target": {"0": 18.352801741937867, "1": 100.0, "2": 102.0, "3": 111.0, "4": 63.414406181499075}, "rc-pulse-target": {"0": 743.0, "1": 1571.0, "2": 1633.0, "3": 1733.0, "4": 1204.0, "5": 1659.3863358408084}, "reward": 0.0, "annotation": ""}