{"rc-position-target": {"height": 3.124221972615679, "distance": 5.7535084378853885, "heading": -70.14719825806213, "wrist_angle": -26.986837100895656, "wrist_rotation": 63.914406181499075, "gripper": 56.04091094394611}, "rc-angle-target": {"0": 19.852801741937867, "1": 101.0, "2": 102.0, "3": 108.0, "4": 63.914406181499075}, "rc-pulse-target": {"0": 760.0, "1": 1582.0, "2": 1633.0, "3": 1700.0, "4": 1210.0, "5": 1659.3863358408084}, "reward": 0.0, "annotation": ""}