{"rc-position-target": {"height": 3.224221972615679, "distance": 5.653508437885389, "heading": -68.64719825806213, "wrist_angle": -28.486837100895656, "wrist_rotation": 64.41440618149907, "gripper": 56.04091094394611}, "rc-angle-target": {"0": 21.352801741937867, "1": 103.0, "2": 103.0, "3": 106.0, "4": 64.41440618149907}, "rc-pulse-target": {"0": 777.0, "1": 1604.0, "2": 1644.0, "3": 1677.0, "4": 1215.0, "5": 1659.3863358408084}, "reward": 0.0, "annotation": ""}