{"rc-position-target": {"height": 3.7242219726156796, "distance": 5.153508437885391, "heading": -61.14719825806213, "wrist_angle": -31.855505370226282, "wrist_rotation": 66.91440618149907, "gripper": 56.04091094394611}, "rc-angle-target": {"0": 28.852801741937867, "1": 110.0, "2": 104.0, "3": 97.0, "4": 66.91440618149907}, "rc-pulse-target": {"0": 860.0, "1": 1682.0, "2": 1655.0, "3": 1577.0, "4": 1243.0, "5": 1659.3863358408084}, "reward": 0.0, "annotation": ""}