{"rc-position-target": {"height": 3.324221972615679, "distance": 5.553508437885389, "heading": -67.14719825806213, "wrist_angle": -29.986837100895656, "wrist_rotation": 64.91440618149907, "gripper": 56.04091094394611}, "rc-angle-target": {"0": 22.852801741937867, "1": 104.0, "2": 103.0, "3": 103.0, "4": 64.91440618149907}, "rc-pulse-target": {"0": 793.0, "1": 1615.0, "2": 1644.0, "3": 1644.0, "4": 1221.0, "5": 1659.3863358408084}, "reward": 0.0, "annotation": ""}