{"rc-position-target": {"height": 3.8242219726156796, "distance": 5.053508437885391, "heading": -59.64719825806213, "wrist_angle": -31.855505370226282, "wrist_rotation": 67.41440618149907, "gripper": 56.04091094394611}, "rc-angle-target": {"0": 30.352801741937867, "1": 112.0, "2": 104.0, "3": 95.0, "4": 67.41440618149907}, "rc-pulse-target": {"0": 877.0, "1": 1704.0, "2": 1655.0, "3": 1555.0, "4": 1249.0, "5": 1659.3863358408084}, "reward": 0.0, "annotation": ""}