{"rc-position-target": {"height": 3.6242219726156795, "distance": 5.25350843788539, "heading": -62.64719825806213, "wrist_angle": -31.855505370226282, "wrist_rotation": 66.41440618149907, "gripper": 56.04091094394611}, "rc-angle-target": {"0": 27.352801741937867, "1": 109.0, "2": 104.0, "3": 98.0, "4": 66.41440618149907}, "rc-pulse-target": {"0": 843.0, "1": 1671.0, "2": 1655.0, "3": 1588.0, "4": 1237.0, "5": 1659.3863358408084}, "reward": 0.0, "annotation": ""}