{"rc-position-target": {"height": 4.024221972615679, "distance": 4.853508437885392, "heading": -56.64719825806213, "wrist_angle": -31.855505370226282, "wrist_rotation": 68.41440618149907, "gripper": 56.04091094394611}, "rc-angle-target": {"0": 33.35280174193787, "1": 114.0, "2": 105.0, "3": 93.0, "4": 68.41440618149907}, "rc-pulse-target": {"0": 910.0, "1": 1726.0, "2": 1666.0, "3": 1533.0, "4": 1260.0, "5": 1659.3863358408084}, "reward": 0.0, "annotation": ""}