{"rc-position-target": {"height": 4.124221972615679, "distance": 4.753508437885392, "heading": -55.14719825806213, "wrist_angle": -31.855505370226282, "wrist_rotation": 68.91440618149907, "gripper": 56.04091094394611}, "rc-angle-target": {"0": 34.85280174193787, "1": 116.0, "2": 105.0, "3": 92.0, "4": 68.91440618149907}, "rc-pulse-target": {"0": 927.0, "1": 1748.0, "2": 1666.0, "3": 1522.0, "4": 1265.0, "5": 1659.3863358408084}, "reward": 0.0, "annotation": ""}