{"rc-position-target": {"height": 4.424221972615678, "distance": 4.453508437885393, "heading": -50.64719825806213, "wrist_angle": -31.855505370226282, "wrist_rotation": 70.41440618149907, "gripper": 56.04091094394611}, "rc-angle-target": {"0": 39.35280174193787, "1": 120.0, "2": 105.0, "3": 88.0, "4": 70.41440618149907}, "rc-pulse-target": {"0": 977.0, "1": 1793.0, "2": 1666.0, "3": 1477.0, "4": 1282.0, "5": 1659.3863358408084}, "reward": 0.0, "annotation": ""}