{"rc-position-target": {"height": 4.324221972615678, "distance": 4.553508437885393, "heading": -52.14719825806213, "wrist_angle": -31.855505370226282, "wrist_rotation": 69.91440618149907, "gripper": 56.04091094394611}, "rc-angle-target": {"0": 37.85280174193787, "1": 119.0, "2": 105.0, "3": 89.0, "4": 69.91440618149907}, "rc-pulse-target": {"0": 960.0, "1": 1782.0, "2": 1666.0, "3": 1488.0, "4": 1276.0, "5": 1659.3863358408084}, "reward": 0.0, "annotation": ""}