{"rc-position-target": {"height": 4.224221972615679, "distance": 4.653508437885392, "heading": -53.64719825806213, "wrist_angle": -31.855505370226282, "wrist_rotation": 69.41440618149907, "gripper": 56.04091094394611}, "rc-angle-target": {"0": 36.35280174193787, "1": 117.0, "2": 105.0, "3": 90.0, "4": 69.41440618149907}, "rc-pulse-target": {"0": 943.0, "1": 1760.0, "2": 1666.0, "3": 1500.0, "4": 1271.0, "5": 1659.3863358408084}, "reward": 0.0, "annotation": ""}