{"rc-position-target": {"height": 4.624221972615677, "distance": 4.253508437885394, "heading": -47.64719825806213, "wrist_angle": -31.855505370226282, "wrist_rotation": 71.41440618149907, "gripper": 56.04091094394611}, "rc-angle-target": {"0": 42.35280174193787, "1": 122.0, "2": 105.0, "3": 85.0, "4": 71.41440618149907}, "rc-pulse-target": {"0": 1010.0, "1": 1815.0, "2": 1666.0, "3": 1444.0, "4": 1293.0, "5": 1659.3863358408084}, "reward": 0.0, "annotation": ""}