{"rc-position-target": {"height": 4.8242219726156765, "distance": 4.0535084378853945, "heading": -44.64719825806213, "wrist_angle": -31.855505370226282, "wrist_rotation": 72.41440618149907, "gripper": 56.04091094394611}, "rc-angle-target": {"0": 45.35280174193787, "1": 125.0, "2": 105.0, "3": 83.0, "4": 72.41440618149907}, "rc-pulse-target": {"0": 1043.0, "1": 1848.0, "2": 1666.0, "3": 1422.0, "4": 1304.0, "5": 1659.3863358408084}, "reward": 0.0, "annotation": ""}