{"rc-position-target": {"height": 4.524221972615678, "distance": 4.353508437885393, "heading": -49.14719825806213, "wrist_angle": -31.855505370226282, "wrist_rotation": 70.91440618149907, "gripper": 56.04091094394611}, "rc-angle-target": {"0": 40.85280174193787, "1": 121.0, "2": 105.0, "3": 87.0, "4": 70.91440618149907}, "rc-pulse-target": {"0": 993.0, "1": 1804.0, "2": 1666.0, "3": 1466.0, "4": 1287.0, "5": 1659.3863358408084}, "reward": 0.0, "annotation": ""}