{"rc-position-target": {"height": 4.724221972615677, "distance": 4.153508437885394, "heading": -46.14719825806213, "wrist_angle": -31.855505370226282, "wrist_rotation": 71.91440618149907, "gripper": 56.04091094394611}, "rc-angle-target": {"0": 43.85280174193787, "1": 124.0, "2": 105.0, "3": 84.0, "4": 71.91440618149907}, "rc-pulse-target": {"0": 1027.0, "1": 1837.0, "2": 1666.0, "3": 1433.0, "4": 1299.0, "5": 1659.3863358408084}, "reward": 0.0, "annotation": ""}