{"rc-position-target": {"height": 4.888937104598886, "distance": 4.015541082748709, "heading": -35.64719825806213, "wrist_angle": -31.855505370226282, "wrist_rotation": 75.41440618149907, "gripper": 56.04091094394611}, "rc-angle-target": {"0": 54.35280174193787, "1": 125.0, "2": 105.0, "3": 82.0, "4": 75.41440618149907}, "rc-pulse-target": {"0": 1143.0, "1": 1848.0, "2": 1666.0, "3": 1411.0, "4": 1337.0, "5": 1659.3863358408084}, "reward": 0.0, "annotation": ""}