{"rc-position-target": {"height": 4.888937104598886, "distance": 4.015541082748709, "heading": -28.147198258062133, "wrist_angle": -31.855505370226282, "wrist_rotation": 77.91440618149907, "gripper": 56.04091094394611}, "rc-angle-target": {"0": 61.85280174193787, "1": 125.0, "2": 105.0, "3": 82.0, "4": 77.91440618149907}, "rc-pulse-target": {"0": 1227.0, "1": 1848.0, "2": 1666.0, "3": 1411.0, "4": 1365.0, "5": 1659.3863358408084}, "reward": 0.0, "annotation": ""}