{"rc-position-target": {"height": 4.766879797639263, "distance": 4.215541082748708, "heading": 82.85280174193787, "wrist_angle": -28.855505370226282, "wrist_rotation": 80.33607409153416, "gripper": 46.04091094394611}, "rc-angle-target": {"0": 172.85280174193787, "1": 123.0, "2": 104.0, "3": 87.0, "4": 80.33607409153416}, "rc-pulse-target": {"0": 2460.0, "1": 1826.0, "2": 1655.0, "3": 1466.0, "4": 1392.0, "5": 1809.3863358408084}, "reward": 0.0, "annotation": ""}