{"rc-position-target": {"height": 4.766879797639263, "distance": 4.315541082748708, "heading": 81.35280174193787, "wrist_angle": -27.355505370226282, "wrist_rotation": 79.83607409153416, "gripper": 41.04091094394611}, "rc-angle-target": {"0": 171.35280174193787, "1": 122.0, "2": 103.0, "3": 89.0, "4": 79.83607409153416}, "rc-pulse-target": {"0": 2443.0, "1": 1815.0, "2": 1644.0, "3": 1488.0, "4": 1387.0, "5": 1884.3863358408084}, "reward": 0.0, "annotation": ""}