{"rc-position-target": {"height": 4.766879797639263, "distance": 4.415541082748708, "heading": 79.85280174193787, "wrist_angle": -25.855505370226282, "wrist_rotation": 79.33607409153416, "gripper": 37.137939913292726}, "rc-angle-target": {"0": 169.85280174193787, "1": 120.0, "2": 103.0, "3": 91.0, "4": 79.33607409153416}, "rc-pulse-target": {"0": 2427.0, "1": 1793.0, "2": 1644.0, "3": 1511.0, "4": 1381.0, "5": 1942.930901300609}, "reward": 0.0, "annotation": ""}