{"rc-position-target": {"height": 4.788937104598887, "distance": 4.115541082748709, "heading": 84.35280174193787, "wrist_angle": -30.355505370226282, "wrist_rotation": 80.83607409153416, "gripper": 51.04091094394611}, "rc-angle-target": {"0": 174.35280174193787, "1": 124.0, "2": 105.0, "3": 85.0, "4": 80.83607409153416}, "rc-pulse-target": {"0": 2477.0, "1": 1837.0, "2": 1666.0, "3": 1444.0, "4": 1398.0, "5": 1734.3863358408084}, "reward": 0.0, "annotation": ""}