{"rc-position-target": {"height": 4.766879797639263, "distance": 4.515541082748707, "heading": 78.35280174193787, "wrist_angle": -24.355505370226282, "wrist_rotation": 78.83607409153416, "gripper": 37.137939913292726}, "rc-angle-target": {"0": 168.35280174193787, "1": 119.0, "2": 102.0, "3": 93.0, "4": 78.83607409153416}, "rc-pulse-target": {"0": 2410.0, "1": 1782.0, "2": 1633.0, "3": 1533.0, "4": 1375.0, "5": 1942.930901300609}, "reward": 0.0, "annotation": ""}