{"rc-position-target": {"height": 4.766879797639263, "distance": 5.115541082748705, "heading": 69.35280174193787, "wrist_angle": -15.355505370226282, "wrist_rotation": 75.83607409153416, "gripper": 37.137939913292726}, "rc-angle-target": {"0": 159.35280174193787, "1": 112.0, "2": 98.0, "3": 104.0, "4": 75.83607409153416}, "rc-pulse-target": {"0": 2310.0, "1": 1704.0, "2": 1588.0, "3": 1655.0, "4": 1342.0, "5": 1942.930901300609}, "reward": 0.0, "annotation": ""}