{"rc-position-target": {"height": 4.766879797639263, "distance": 5.315541082748704, "heading": 66.35280174193787, "wrist_angle": -12.355505370226282, "wrist_rotation": 74.83607409153416, "gripper": 37.137939913292726}, "rc-angle-target": {"0": 156.35280174193787, "1": 110.0, "2": 96.0, "3": 108.0, "4": 74.83607409153416}, "rc-pulse-target": {"0": 2277.0, "1": 1682.0, "2": 1566.0, "3": 1700.0, "4": 1331.0, "5": 1942.930901300609}, "reward": 0.0, "annotation": ""}