{"rc-position-target": {"height": 4.766879797639263, "distance": 4.7155410827487065, "heading": 75.35280174193787, "wrist_angle": -21.355505370226282, "wrist_rotation": 77.83607409153416, "gripper": 37.137939913292726}, "rc-angle-target": {"0": 165.35280174193787, "1": 117.0, "2": 101.0, "3": 97.0, "4": 77.83607409153416}, "rc-pulse-target": {"0": 2377.0, "1": 1760.0, "2": 1622.0, "3": 1577.0, "4": 1364.0, "5": 1942.930901300609}, "reward": 0.0, "annotation": ""}