{"rc-position-target": {"height": 4.766879797639263, "distance": 4.915541082748706, "heading": 72.35280174193787, "wrist_angle": -18.355505370226282, "wrist_rotation": 76.83607409153416, "gripper": 37.137939913292726}, "rc-angle-target": {"0": 162.35280174193787, "1": 115.0, "2": 99.0, "3": 101.0, "4": 76.83607409153416}, "rc-pulse-target": {"0": 2343.0, "1": 1737.0, "2": 1600.0, "3": 1622.0, "4": 1353.0, "5": 1942.930901300609}, "reward": 0.0, "annotation": ""}