{"rc-position-target": {"height": 4.766879797639263, "distance": 4.815541082748706, "heading": 73.85280174193787, "wrist_angle": -19.855505370226282, "wrist_rotation": 77.33607409153416, "gripper": 37.137939913292726}, "rc-angle-target": {"0": 163.85280174193787, "1": 116.0, "2": 100.0, "3": 99.0, "4": 77.33607409153416}, "rc-pulse-target": {"0": 2360.0, "1": 1748.0, "2": 1611.0, "3": 1600.0, "4": 1359.0, "5": 1942.930901300609}, "reward": 0.0, "annotation": ""}