{"rc-position-target": {"height": 4.766879797639263, "distance": 5.415541082748704, "heading": 64.85280174193787, "wrist_angle": -10.855505370226282, "wrist_rotation": 74.33607409153416, "gripper": 37.137939913292726}, "rc-angle-target": {"0": 154.85280174193787, "1": 109.0, "2": 95.0, "3": 110.0, "4": 74.33607409153416}, "rc-pulse-target": {"0": 2260.0, "1": 1671.0, "2": 1555.0, "3": 1722.0, "4": 1325.0, "5": 1942.930901300609}, "reward": 0.0, "annotation": ""}