{"rc-position-target": {"height": 4.766879797639263, "distance": 5.215541082748705, "heading": 67.85280174193787, "wrist_angle": -13.855505370226282, "wrist_rotation": 75.33607409153416, "gripper": 37.137939913292726}, "rc-angle-target": {"0": 157.85280174193787, "1": 111.0, "2": 97.0, "3": 106.0, "4": 75.33607409153416}, "rc-pulse-target": {"0": 2293.0, "1": 1693.0, "2": 1577.0, "3": 1677.0, "4": 1337.0, "5": 1942.930901300609}, "reward": 0.0, "annotation": ""}