{"rc-position-target": {"height": 4.766879797639263, "distance": 5.0155410827487055, "heading": 70.85280174193787, "wrist_angle": -16.855505370226282, "wrist_rotation": 76.33607409153416, "gripper": 37.137939913292726}, "rc-angle-target": {"0": 160.85280174193787, "1": 114.0, "2": 98.0, "3": 102.0, "4": 76.33607409153416}, "rc-pulse-target": {"0": 2327.0, "1": 1726.0, "2": 1588.0, "3": 1633.0, "4": 1348.0, "5": 1942.930901300609}, "reward": 0.0, "annotation": ""}