{"rc-position-target": {"height": 4.766879797639263, "distance": 4.615541082748707, "heading": 76.85280174193787, "wrist_angle": -22.855505370226282, "wrist_rotation": 78.33607409153416, "gripper": 37.137939913292726}, "rc-angle-target": {"0": 166.85280174193787, "1": 118.0, "2": 101.0, "3": 95.0, "4": 78.33607409153416}, "rc-pulse-target": {"0": 2393.0, "1": 1771.0, "2": 1622.0, "3": 1555.0, "4": 1370.0, "5": 1942.930901300609}, "reward": 0.0, "annotation": ""}