{"rc-position-target": {"height": 4.766879797639263, "distance": 6.115541082748702, "heading": 54.35280174193787, "wrist_angle": -8.501009777573842, "wrist_rotation": 74.07266407875699, "gripper": 37.137939913292726}, "rc-angle-target": {"0": 144.35280174193787, "1": 102.0, "2": 89.0, "3": 114.0, "4": 74.07266407875699}, "rc-pulse-target": {"0": 2143.0, "1": 1593.0, "2": 1488.0, "3": 1766.0, "4": 1323.0, "5": 1942.930901300609}, "reward": 0.0, "annotation": ""}