{"rc-position-target": {"height": 4.766879797639263, "distance": 5.615541082748703, "heading": 61.85280174193787, "wrist_angle": -8.501009777573842, "wrist_rotation": 74.07266407875699, "gripper": 37.137939913292726}, "rc-angle-target": {"0": 151.85280174193787, "1": 107.0, "2": 94.0, "3": 113.0, "4": 74.07266407875699}, "rc-pulse-target": {"0": 2227.0, "1": 1648.0, "2": 1544.0, "3": 1755.0, "4": 1323.0, "5": 1942.930901300609}, "reward": 0.0, "annotation": ""}