{"rc-position-target": {"height": 4.766879797639263, "distance": 5.515541082748704, "heading": 63.35280174193787, "wrist_angle": -9.355505370226282, "wrist_rotation": 74.07266407875699, "gripper": 37.137939913292726}, "rc-angle-target": {"0": 153.35280174193787, "1": 108.0, "2": 94.0, "3": 111.0, "4": 74.07266407875699}, "rc-pulse-target": {"0": 2243.0, "1": 1660.0, "2": 1544.0, "3": 1733.0, "4": 1323.0, "5": 1942.930901300609}, "reward": 0.0, "annotation": ""}