{"rc-position-target": {"height": 4.766879797639263, "distance": 5.715541082748703, "heading": 60.35280174193787, "wrist_angle": -8.501009777573842, "wrist_rotation": 74.07266407875699, "gripper": 37.137939913292726}, "rc-angle-target": {"0": 150.35280174193787, "1": 106.0, "2": 93.0, "3": 113.0, "4": 74.07266407875699}, "rc-pulse-target": {"0": 2210.0, "1": 1637.0, "2": 1533.0, "3": 1755.0, "4": 1323.0, "5": 1942.930901300609}, "reward": 0.0, "annotation": ""}