{"rc-position-target": {"height": 4.766879797639263, "distance": 7.215541082748698, "heading": 37.85280174193787, "wrist_angle": -8.501009777573842, "wrist_rotation": 74.07266407875699, "gripper": 37.137939913292726}, "rc-angle-target": {"0": 127.85280174193787, "1": 90.0, "2": 79.0, "3": 115.0, "4": 74.07266407875699}, "rc-pulse-target": {"0": 1960.0, "1": 1460.0, "2": 1377.0, "3": 1777.0, "4": 1323.0, "5": 1942.930901300609}, "reward": 0.0, "annotation": ""}