{"rc-position-target": {"height": 4.766879797639263, "distance": 7.015541082748698, "heading": 40.85280174193787, "wrist_angle": -8.501009777573842, "wrist_rotation": 74.07266407875699, "gripper": 37.137939913292726}, "rc-angle-target": {"0": 130.85280174193787, "1": 92.0, "2": 81.0, "3": 115.0, "4": 74.07266407875699}, "rc-pulse-target": {"0": 1993.0, "1": 1482.0, "2": 1400.0, "3": 1777.0, "4": 1323.0, "5": 1942.930901300609}, "reward": 0.0, "annotation": ""}