{"rc-position-target": {"height": 4.766879797639263, "distance": 6.6155410827487, "heading": 46.85280174193787, "wrist_angle": -8.501009777573842, "wrist_rotation": 74.07266407875699, "gripper": 37.137939913292726}, "rc-angle-target": {"0": 136.85280174193787, "1": 96.0, "2": 85.0, "3": 114.0, "4": 74.07266407875699}, "rc-pulse-target": {"0": 2060.0, "1": 1526.0, "2": 1444.0, "3": 1766.0, "4": 1323.0, "5": 1942.930901300609}, "reward": 0.0, "annotation": ""}