{"rc-position-target": {"height": 4.766879797639263, "distance": 7.515541082748697, "heading": 33.35280174193787, "wrist_angle": -8.501009777573842, "wrist_rotation": 74.07266407875699, "gripper": 37.137939913292726}, "rc-angle-target": {"0": 123.35280174193787, "1": 87.0, "2": 76.0, "3": 115.0, "4": 74.07266407875699}, "rc-pulse-target": {"0": 1910.0, "1": 1426.0, "2": 1344.0, "3": 1777.0, "4": 1323.0, "5": 1942.930901300609}, "reward": 0.0, "annotation": ""}