{"rc-position-target": {"height": 4.766879797639263, "distance": 7.615541082748696, "heading": 31.852801741937867, "wrist_angle": -8.501009777573842, "wrist_rotation": 74.07266407875699, "gripper": 37.137939913292726}, "rc-angle-target": {"0": 121.85280174193787, "1": 86.0, "2": 75.0, "3": 115.0, "4": 74.07266407875699}, "rc-pulse-target": {"0": 1893.0, "1": 1415.0, "2": 1333.0, "3": 1777.0, "4": 1323.0, "5": 1942.930901300609}, "reward": 0.0, "annotation": ""}