{"rc-position-target": {"height": 4.766879797639263, "distance": 8.215541082748695, "heading": 22.852801741937867, "wrist_angle": -8.501009777573842, "wrist_rotation": 74.07266407875699, "gripper": 37.137939913292726}, "rc-angle-target": {"0": 112.85280174193787, "1": 81.0, "2": 69.0, "3": 114.0, "4": 74.07266407875699}, "rc-pulse-target": {"0": 1793.0, "1": 1360.0, "2": 1266.0, "3": 1766.0, "4": 1323.0, "5": 1942.930901300609}, "reward": 0.0, "annotation": ""}