{"rc-position-target": {"height": 4.766879797639263, "distance": 7.8155410827486955, "heading": 28.852801741937867, "wrist_angle": -8.501009777573842, "wrist_rotation": 74.07266407875699, "gripper": 37.137939913292726}, "rc-angle-target": {"0": 118.85280174193787, "1": 84.0, "2": 73.0, "3": 114.0, "4": 74.07266407875699}, "rc-pulse-target": {"0": 1860.0, "1": 1393.0, "2": 1311.0, "3": 1766.0, "4": 1323.0, "5": 1942.930901300609}, "reward": 0.0, "annotation": ""}