{"rc-position-target": {"height": 4.766879797639263, "distance": 7.715541082748696, "heading": 30.352801741937867, "wrist_angle": -8.501009777573842, "wrist_rotation": 74.07266407875699, "gripper": 37.137939913292726}, "rc-angle-target": {"0": 120.35280174193787, "1": 85.0, "2": 74.0, "3": 115.0, "4": 74.07266407875699}, "rc-pulse-target": {"0": 1877.0, "1": 1404.0, "2": 1322.0, "3": 1777.0, "4": 1323.0, "5": 1942.930901300609}, "reward": 0.0, "annotation": ""}