{"rc-position-target": {"height": 4.766879797639263, "distance": 7.915541082748695, "heading": 27.352801741937867, "wrist_angle": -8.501009777573842, "wrist_rotation": 74.07266407875699, "gripper": 37.137939913292726}, "rc-angle-target": {"0": 117.35280174193787, "1": 83.0, "2": 72.0, "3": 114.0, "4": 74.07266407875699}, "rc-pulse-target": {"0": 1843.0, "1": 1382.0, "2": 1300.0, "3": 1766.0, "4": 1323.0, "5": 1942.930901300609}, "reward": 0.0, "annotation": ""}