{"rc-position-target": {"height": 4.266879797639265, "distance": 7.91075124622232, "heading": -8.647198258062133, "wrist_angle": -16.00100977757384, "wrist_rotation": 76.57266407875699, "gripper": 12.137939913292726}, "rc-angle-target": {"0": 81.35280174193787, "1": 83.0, "2": 75.0, "3": 111.0, "4": 76.57266407875699}, "rc-pulse-target": {"0": 1443.0, "1": 1382.0, "2": 1333.0, "3": 1733.0, "4": 1350.0, "5": 2317.930901300609}, "reward": 0.0, "annotation": ""}