{"rc-position-target": {"height": 4.566879797639264, "distance": 8.210751246222319, "heading": -4.147198258062133, "wrist_angle": -11.501009777573842, "wrist_rotation": 75.07266407875699, "gripper": 27.137939913292726}, "rc-angle-target": {"0": 85.85280174193787, "1": 80.0, "2": 70.0, "3": 113.0, "4": 75.07266407875699}, "rc-pulse-target": {"0": 1493.0, "1": 1348.0, "2": 1277.0, "3": 1755.0, "4": 1334.0, "5": 2092.930901300609}, "reward": 0.0, "annotation": ""}