{"rc-position-target": {"height": 4.4668797976392645, "distance": 8.11075124622232, "heading": -5.647198258062133, "wrist_angle": -13.001009777573842, "wrist_rotation": 75.57266407875699, "gripper": 22.137939913292726}, "rc-angle-target": {"0": 84.35280174193787, "1": 81.0, "2": 72.0, "3": 112.0, "4": 75.57266407875699}, "rc-pulse-target": {"0": 1477.0, "1": 1360.0, "2": 1300.0, "3": 1744.0, "4": 1339.0, "5": 2167.930901300609}, "reward": 0.0, "annotation": ""}