{"rc-position-target": {"height": 4.1668797976392655, "distance": 7.8107512462223205, "heading": -10.147198258062133, "wrist_angle": -17.50100977757384, "wrist_rotation": 77.07266407875699, "gripper": 7.137939913292726}, "rc-angle-target": {"0": 79.85280174193787, "1": 84.0, "2": 77.0, "3": 110.0, "4": 77.07266407875699}, "rc-pulse-target": {"0": 1427.0, "1": 1393.0, "2": 1355.0, "3": 1722.0, "4": 1356.0, "5": 2392.930901300609}, "reward": 0.0, "annotation": ""}