{"rc-position-target": {"height": 4.366879797639265, "distance": 8.01075124622232, "heading": -7.147198258062133, "wrist_angle": -14.501009777573842, "wrist_rotation": 76.07266407875699, "gripper": 17.137939913292726}, "rc-angle-target": {"0": 82.85280174193787, "1": 82.0, "2": 73.0, "3": 111.0, "4": 76.07266407875699}, "rc-pulse-target": {"0": 1460.0, "1": 1371.0, "2": 1311.0, "3": 1733.0, "4": 1345.0, "5": 2242.930901300609}, "reward": 0.0, "annotation": ""}