{"rc-position-target": {"height": 4.666879797639264, "distance": 8.310751246222319, "heading": -2.647198258062133, "wrist_angle": -10.001009777573842, "wrist_rotation": 74.57266407875699, "gripper": 32.137939913292726}, "rc-angle-target": {"0": 87.35280174193787, "1": 79.0, "2": 68.0, "3": 113.0, "4": 74.57266407875699}, "rc-pulse-target": {"0": 1510.0, "1": 1337.0, "2": 1255.0, "3": 1755.0, "4": 1328.0, "5": 2017.930901300609}, "reward": 0.0, "annotation": ""}