{"rc-position-target": {"height": 3.4668797976392653, "distance": 7.110751246222323, "heading": -20.647198258062133, "wrist_angle": -28.00100977757384, "wrist_rotation": 80.57266407875699, "gripper": 4.186905390811679}, "rc-angle-target": {"0": 69.35280174193787, "1": 89.0, "2": 88.0, "3": 106.0, "4": 80.57266407875699}, "rc-pulse-target": {"0": 1310.0, "1": 1448.0, "2": 1477.0, "3": 1677.0, "4": 1395.0, "5": 2437.1964191378247}, "reward": 0.0, "annotation": ""}