{"rc-position-target": {"height": 3.5668797976392654, "distance": 7.210751246222323, "heading": -19.147198258062133, "wrist_angle": -26.50100977757384, "wrist_rotation": 80.07266407875699, "gripper": 4.186905390811679}, "rc-angle-target": {"0": 70.85280174193787, "1": 88.0, "2": 86.0, "3": 106.0, "4": 80.07266407875699}, "rc-pulse-target": {"0": 1327.0, "1": 1437.0, "2": 1455.0, "3": 1677.0, "4": 1389.0, "5": 2437.1964191378247}, "reward": 0.0, "annotation": ""}