{"rc-position-target": {"height": 4.066879797639266, "distance": 7.710751246222321, "heading": -11.647198258062133, "wrist_angle": -19.00100977757384, "wrist_rotation": 77.57266407875699, "gripper": 4.186905390811679}, "rc-angle-target": {"0": 78.35280174193787, "1": 84.0, "2": 78.0, "3": 109.0, "4": 77.57266407875699}, "rc-pulse-target": {"0": 1410.0, "1": 1393.0, "2": 1366.0, "3": 1711.0, "4": 1361.0, "5": 2437.1964191378247}, "reward": 0.0, "annotation": ""}