{"rc-position-target": {"height": 3.966879797639266, "distance": 7.610751246222321, "heading": -13.147198258062133, "wrist_angle": -20.50100977757384, "wrist_rotation": 78.07266407875699, "gripper": 4.186905390811679}, "rc-angle-target": {"0": 76.85280174193787, "1": 85.0, "2": 80.0, "3": 109.0, "4": 78.07266407875699}, "rc-pulse-target": {"0": 1393.0, "1": 1404.0, "2": 1388.0, "3": 1711.0, "4": 1367.0, "5": 2437.1964191378247}, "reward": 0.0, "annotation": ""}