{"rc-position-target": {"height": 3.6668797976392655, "distance": 7.310751246222322, "heading": -17.647198258062133, "wrist_angle": -25.00100977757384, "wrist_rotation": 79.57266407875699, "gripper": 4.186905390811679}, "rc-angle-target": {"0": 72.35280174193787, "1": 87.0, "2": 85.0, "3": 107.0, "4": 79.57266407875699}, "rc-pulse-target": {"0": 1343.0, "1": 1426.0, "2": 1444.0, "3": 1688.0, "4": 1384.0, "5": 2437.1964191378247}, "reward": 0.0, "annotation": ""}