{"rc-position-target": {"height": 3.3668797976392653, "distance": 7.010751246222323, "heading": -22.147198258062133, "wrist_angle": -29.50100977757384, "wrist_rotation": 81.07266407875699, "gripper": 4.186905390811679}, "rc-angle-target": {"0": 67.85280174193787, "1": 89.0, "2": 89.0, "3": 105.0, "4": 81.07266407875699}, "rc-pulse-target": {"0": 1293.0, "1": 1448.0, "2": 1488.0, "3": 1666.0, "4": 1400.0, "5": 2437.1964191378247}, "reward": 0.0, "annotation": ""}