{"rc-position-target": {"height": 3.7668797976392656, "distance": 7.410751246222322, "heading": -16.147198258062133, "wrist_angle": -23.50100977757384, "wrist_rotation": 79.07266407875699, "gripper": 4.186905390811679}, "rc-angle-target": {"0": 73.85280174193787, "1": 86.0, "2": 83.0, "3": 108.0, "4": 79.07266407875699}, "rc-pulse-target": {"0": 1360.0, "1": 1415.0, "2": 1422.0, "3": 1700.0, "4": 1378.0, "5": 2437.1964191378247}, "reward": 0.0, "annotation": ""}