{"rc-position-target": {"height": 3.8668797976392657, "distance": 7.510751246222322, "heading": -14.647198258062133, "wrist_angle": -22.00100977757384, "wrist_rotation": 78.57266407875699, "gripper": 4.186905390811679}, "rc-angle-target": {"0": 75.35280174193787, "1": 86.0, "2": 81.0, "3": 108.0, "4": 78.57266407875699}, "rc-pulse-target": {"0": 1377.0, "1": 1415.0, "2": 1400.0, "3": 1700.0, "4": 1373.0, "5": 2437.1964191378247}, "reward": 0.0, "annotation": ""}