{"rc-position-target": {"height": 3.166879797639265, "distance": 6.810751246222324, "heading": -25.147198258062133, "wrist_angle": -32.50100977757384, "wrist_rotation": 82.07266407875699, "gripper": 4.186905390811679}, "rc-angle-target": {"0": 64.85280174193787, "1": 90.0, "2": 92.0, "3": 103.0, "4": 82.07266407875699}, "rc-pulse-target": {"0": 1260.0, "1": 1460.0, "2": 1522.0, "3": 1644.0, "4": 1411.0, "5": 2437.1964191378247}, "reward": 0.0, "annotation": ""}