{"rc-position-target": {"height": 3.266879797639265, "distance": 6.910751246222324, "heading": -23.647198258062133, "wrist_angle": -31.00100977757384, "wrist_rotation": 81.57266407875699, "gripper": 4.186905390811679}, "rc-angle-target": {"0": 66.35280174193787, "1": 90.0, "2": 91.0, "3": 104.0, "4": 81.57266407875699}, "rc-pulse-target": {"0": 1277.0, "1": 1460.0, "2": 1511.0, "3": 1655.0, "4": 1406.0, "5": 2437.1964191378247}, "reward": 0.0, "annotation": ""}