{"rc-position-target": {"height": 2.966879797639265, "distance": 6.610751246222325, "heading": -28.147198258062133, "wrist_angle": -35.50100977757384, "wrist_rotation": 83.07266407875699, "gripper": 4.186905390811679}, "rc-angle-target": {"0": 61.85280174193787, "1": 92.0, "2": 95.0, "3": 102.0, "4": 83.07266407875699}, "rc-pulse-target": {"0": 1227.0, "1": 1482.0, "2": 1555.0, "3": 1633.0, "4": 1423.0, "5": 2437.1964191378247}, "reward": 0.0, "annotation": ""}