{"rc-position-target": {"height": 2.7668797976392647, "distance": 6.4107512462223255, "heading": -31.147198258062133, "wrist_angle": -38.50100977757384, "wrist_rotation": 84.07266407875699, "gripper": 4.186905390811679}, "rc-angle-target": {"0": 58.85280174193787, "1": 93.0, "2": 98.0, "3": 101.0, "4": 84.07266407875699}, "rc-pulse-target": {"0": 1193.0, "1": 1493.0, "2": 1588.0, "3": 1622.0, "4": 1434.0, "5": 2437.1964191378247}, "reward": 0.0, "annotation": ""}