{"rc-position-target": {"height": 2.7481609477257174, "distance": 6.310751246222326, "heading": -32.64719825806213, "wrist_angle": -40.00100977757384, "wrist_rotation": 84.57266407875699, "gripper": 4.186905390811679}, "rc-angle-target": {"0": 57.35280174193787, "1": 94.0, "2": 99.0, "3": 99.0, "4": 84.57266407875699}, "rc-pulse-target": {"0": 1177.0, "1": 1504.0, "2": 1600.0, "3": 1600.0, "4": 1439.0, "5": 2437.1964191378247}, "reward": 0.0, "annotation": ""}