{"rc-position-target": {"height": 2.866879797639265, "distance": 6.510751246222325, "heading": -29.647198258062133, "wrist_angle": -37.00100977757384, "wrist_rotation": 83.57266407875699, "gripper": 4.186905390811679}, "rc-angle-target": {"0": 60.35280174193787, "1": 92.0, "2": 96.0, "3": 101.0, "4": 83.57266407875699}, "rc-pulse-target": {"0": 1210.0, "1": 1482.0, "2": 1566.0, "3": 1622.0, "4": 1428.0, "5": 2437.1964191378247}, "reward": 0.0, "annotation": ""}