{"rc-position-target": {"height": 2.7481609477257174, "distance": 6.178713884146779, "heading": -35.64719825806213, "wrist_angle": -43.00100977757384, "wrist_rotation": 84.60080020148212, "gripper": 4.186905390811679}, "rc-angle-target": {"0": 54.35280174193787, "1": 95.0, "2": 100.0, "3": 96.0, "4": 84.60080020148212}, "rc-pulse-target": {"0": 1143.0, "1": 1515.0, "2": 1611.0, "3": 1566.0, "4": 1440.0, "5": 2437.1964191378247}, "reward": 0.0, "annotation": ""}