{"rc-position-target": {"height": 3.066879797639265, "distance": 6.710751246222324, "heading": -26.647198258062133, "wrist_angle": -34.00100977757384, "wrist_rotation": 82.57266407875699, "gripper": 4.186905390811679}, "rc-angle-target": {"0": 63.35280174193787, "1": 91.0, "2": 93.0, "3": 103.0, "4": 82.57266407875699}, "rc-pulse-target": {"0": 1243.0, "1": 1471.0, "2": 1533.0, "3": 1644.0, "4": 1417.0, "5": 2437.1964191378247}, "reward": 0.0, "annotation": ""}