{"rc-position-target": {"height": 2.7481609477257174, "distance": 6.178713884146779, "heading": -62.64719825806213, "wrist_angle": -48.255760489011436, "wrist_rotation": 84.60080020148212, "gripper": 4.186905390811679}, "rc-angle-target": {"0": 27.352801741937867, "1": 95.0, "2": 100.0, "3": 91.0, "4": 84.60080020148212}, "rc-pulse-target": {"0": 843.0, "1": 1515.0, "2": 1611.0, "3": 1511.0, "4": 1440.0, "5": 2437.1964191378247}, "reward": 0.0, "annotation": ""}