{"rc-position-target": {"height": 3.248160947725718, "distance": 5.678713884146781, "heading": -81.99359282304582, "wrist_angle": -40.76310663693229, "wrist_rotation": 82.10080020148212, "gripper": 29.18690539081168}, "rc-angle-target": {"0": 8.006407176954184, "1": 103.0, "2": 102.0, "3": 93.0, "4": 82.10080020148212}, "rc-pulse-target": {"0": 628.0, "1": 1604.0, "2": 1633.0, "3": 1533.0, "4": 1412.0, "5": 2062.1964191378247}, "reward": 0.0, "annotation": ""}