{"rc-position-target": {"height": 3.0481609477257177, "distance": 5.87871388414678, "heading": -84.99359282304582, "wrist_angle": -43.755760489011436, "wrist_rotation": 83.10080020148212, "gripper": 19.18690539081168}, "rc-angle-target": {"0": 5.006407176954184, "1": 100.0, "2": 101.0, "3": 92.0, "4": 83.10080020148212}, "rc-pulse-target": {"0": 595.0, "1": 1571.0, "2": 1622.0, "3": 1522.0, "4": 1423.0, "5": 2212.1964191378247}, "reward": 0.0, "annotation": ""}