{"rc-position-target": {"height": 3.348160947725718, "distance": 5.578713884146781, "heading": -80.49359282304582, "wrist_angle": -40.76310663693229, "wrist_rotation": 81.60080020148212, "gripper": 34.18690539081168}, "rc-angle-target": {"0": 9.506407176954184, "1": 104.0, "2": 103.0, "3": 92.0, "4": 81.60080020148212}, "rc-pulse-target": {"0": 645.0, "1": 1615.0, "2": 1644.0, "3": 1522.0, "4": 1406.0, "5": 1987.1964191378247}, "reward": 0.0, "annotation": ""}