{"rc-position-target": {"height": 3.448160947725718, "distance": 5.4787138841467815, "heading": -78.99359282304582, "wrist_angle": -40.76310663693229, "wrist_rotation": 81.10080020148212, "gripper": 39.18690539081168}, "rc-angle-target": {"0": 11.006407176954184, "1": 106.0, "2": 103.0, "3": 91.0, "4": 81.10080020148212}, "rc-pulse-target": {"0": 662.0, "1": 1637.0, "2": 1644.0, "3": 1511.0, "4": 1401.0, "5": 1912.1964191378247}, "reward": 0.0, "annotation": ""}