{"rc-position-target": {"height": 3.1481609477257178, "distance": 5.77871388414678, "heading": -83.49359282304582, "wrist_angle": -42.255760489011436, "wrist_rotation": 82.60080020148212, "gripper": 24.18690539081168}, "rc-angle-target": {"0": 6.506407176954184, "1": 101.0, "2": 102.0, "3": 93.0, "4": 82.60080020148212}, "rc-pulse-target": {"0": 612.0, "1": 1582.0, "2": 1633.0, "3": 1533.0, "4": 1417.0, "5": 2137.1964191378247}, "reward": 0.0, "annotation": ""}