{"rc-position-target": {"height": 2.9481609477257176, "distance": 5.97871388414678, "heading": -86.49359282304582, "wrist_angle": -45.255760489011436, "wrist_rotation": 83.60080020148212, "gripper": 14.18690539081168}, "rc-angle-target": {"0": 3.506407176954184, "1": 98.0, "2": 101.0, "3": 92.0, "4": 83.60080020148212}, "rc-pulse-target": {"0": 578.0, "1": 1548.0, "2": 1622.0, "3": 1522.0, "4": 1428.0, "5": 2287.1964191378247}, "reward": 0.0, "annotation": ""}