{"rc-position-target": {"height": 2.8481609477257175, "distance": 6.078713884146779, "heading": -87.99359282304582, "wrist_angle": -46.755760489011436, "wrist_rotation": 84.10080020148212, "gripper": 9.18690539081168}, "rc-angle-target": {"0": 2.006407176954184, "1": 97.0, "2": 100.0, "3": 92.0, "4": 84.10080020148212}, "rc-pulse-target": {"0": 562.0, "1": 1537.0, "2": 1611.0, "3": 1522.0, "4": 1434.0, "5": 2362.1964191378247}, "reward": 0.0, "annotation": ""}