{"rc-position-target": {"height": 4.148160947725718, "distance": 4.778713884146784, "heading": -68.49359282304582, "wrist_angle": -40.76310663693229, "wrist_rotation": 77.60080020148212, "gripper": 72.48214283209154}, "rc-angle-target": {"0": 21.506407176954184, "1": 116.0, "2": 104.0, "3": 83.0, "4": 77.60080020148212}, "rc-pulse-target": {"0": 778.0, "1": 1748.0, "2": 1655.0, "3": 1422.0, "4": 1362.0, "5": 1412.767857518627}, "reward": 0.0, "annotation": ""}