{"rc-position-target": {"height": 4.0481609477257186, "distance": 4.878713884146784, "heading": -69.99359282304582, "wrist_angle": -40.76310663693229, "wrist_rotation": 78.10080020148212, "gripper": 69.18690539081169}, "rc-angle-target": {"0": 20.006407176954184, "1": 114.0, "2": 104.0, "3": 84.0, "4": 78.10080020148212}, "rc-pulse-target": {"0": 762.0, "1": 1726.0, "2": 1655.0, "3": 1433.0, "4": 1367.0, "5": 1462.1964191378247}, "reward": 0.0, "annotation": ""}