{"rc-position-target": {"height": 4.345357997048078, "distance": 4.578713884146785, "heading": -65.49359282304582, "wrist_angle": -40.76310663693229, "wrist_rotation": 76.60080020148212, "gripper": 72.48214283209154}, "rc-angle-target": {"0": 24.506407176954184, "1": 118.0, "2": 105.0, "3": 80.0, "4": 76.60080020148212}, "rc-pulse-target": {"0": 812.0, "1": 1771.0, "2": 1666.0, "3": 1388.0, "4": 1351.0, "5": 1412.767857518627}, "reward": 0.0, "annotation": ""}