{"rc-position-target": {"height": 4.345357997048078, "distance": 4.478713884146785, "heading": -63.993592823045816, "wrist_angle": -40.76310663693229, "wrist_rotation": 76.10080020148212, "gripper": 72.48214283209154}, "rc-angle-target": {"0": 26.006407176954184, "1": 119.0, "2": 105.0, "3": 80.0, "4": 76.10080020148212}, "rc-pulse-target": {"0": 828.0, "1": 1782.0, "2": 1666.0, "3": 1388.0, "4": 1345.0, "5": 1412.767857518627}, "reward": 0.0, "annotation": ""}