{"rc-position-target": {"height": 3.648160947725718, "distance": 5.278713884146782, "heading": -75.99359282304582, "wrist_angle": -40.76310663693229, "wrist_rotation": 80.10080020148212, "gripper": 49.18690539081168}, "rc-angle-target": {"0": 14.006407176954184, "1": 109.0, "2": 104.0, "3": 89.0, "4": 80.10080020148212}, "rc-pulse-target": {"0": 695.0, "1": 1671.0, "2": 1655.0, "3": 1488.0, "4": 1390.0, "5": 1762.1964191378247}, "reward": 0.0, "annotation": ""}