{"rc-position-target": {"height": 3.9481609477257185, "distance": 4.978713884146783, "heading": -71.49359282304582, "wrist_angle": -40.76310663693229, "wrist_rotation": 78.60080020148212, "gripper": 64.18690539081169}, "rc-angle-target": {"0": 18.506407176954184, "1": 113.0, "2": 104.0, "3": 85.0, "4": 78.60080020148212}, "rc-pulse-target": {"0": 745.0, "1": 1715.0, "2": 1655.0, "3": 1444.0, "4": 1373.0, "5": 1537.1964191378247}, "reward": 0.0, "annotation": ""}