{"rc-position-target": {"height": 3.7481609477257183, "distance": 5.178713884146783, "heading": -74.49359282304582, "wrist_angle": -40.76310663693229, "wrist_rotation": 79.60080020148212, "gripper": 54.18690539081168}, "rc-angle-target": {"0": 15.506407176954184, "1": 110.0, "2": 104.0, "3": 88.0, "4": 79.60080020148212}, "rc-pulse-target": {"0": 712.0, "1": 1682.0, "2": 1655.0, "3": 1477.0, "4": 1384.0, "5": 1687.1964191378247}, "reward": 0.0, "annotation": ""}