{"rc-position-target": {"height": 3.8481609477257184, "distance": 5.078713884146783, "heading": -72.99359282304582, "wrist_angle": -40.76310663693229, "wrist_rotation": 79.10080020148212, "gripper": 59.18690539081168}, "rc-angle-target": {"0": 17.006407176954184, "1": 111.0, "2": 104.0, "3": 86.0, "4": 79.10080020148212}, "rc-pulse-target": {"0": 728.0, "1": 1693.0, "2": 1655.0, "3": 1455.0, "4": 1378.0, "5": 1612.1964191378247}, "reward": 0.0, "annotation": ""}