{"rc-position-target": {"height": 3.548160947725718, "distance": 5.378713884146782, "heading": -77.49359282304582, "wrist_angle": -40.76310663693229, "wrist_rotation": 80.60080020148212, "gripper": 44.18690539081168}, "rc-angle-target": {"0": 12.506407176954184, "1": 107.0, "2": 103.0, "3": 90.0, "4": 80.60080020148212}, "rc-pulse-target": {"0": 678.0, "1": 1648.0, "2": 1644.0, "3": 1500.0, "4": 1395.0, "5": 1837.1964191378247}, "reward": 0.0, "annotation": ""}