{"rc-position-target": {"height": 4.248160947725718, "distance": 4.678713884146784, "heading": -66.99359282304582, "wrist_angle": -40.76310663693229, "wrist_rotation": 77.10080020148212, "gripper": 72.48214283209154}, "rc-angle-target": {"0": 23.006407176954184, "1": 117.0, "2": 105.0, "3": 81.0, "4": 77.10080020148212}, "rc-pulse-target": {"0": 795.0, "1": 1760.0, "2": 1666.0, "3": 1400.0, "4": 1356.0, "5": 1412.767857518627}, "reward": 0.0, "annotation": ""}