{"rc-position-target": {"height": 4.345357997048078, "distance": 3.9787138841467864, "heading": -60.399410735131525, "wrist_angle": -40.76310663693229, "wrist_rotation": 73.60080020148212, "gripper": 72.48214283209154}, "rc-angle-target": {"0": 29.600589264868475, "1": 126.0, "2": 109.0, "3": 77.0, "4": 73.60080020148212}, "rc-pulse-target": {"0": 868.0, "1": 1860.0, "2": 1711.0, "3": 1355.0, "4": 1317.0, "5": 1412.767857518627}, "reward": 0.0, "annotation": ""}