{"rc-position-target": {"height": 4.345357997048078, "distance": 4.378713884146785, "heading": -62.493592823045816, "wrist_angle": -40.76310663693229, "wrist_rotation": 75.60080020148212, "gripper": 72.48214283209154}, "rc-angle-target": {"0": 27.506407176954184, "1": 121.0, "2": 106.0, "3": 79.0, "4": 75.60080020148212}, "rc-pulse-target": {"0": 845.0, "1": 1804.0, "2": 1677.0, "3": 1377.0, "4": 1340.0, "5": 1412.767857518627}, "reward": 0.0, "annotation": ""}