{"rc-position-target": {"height": 4.345357997048078, "distance": 4.0787138841467865, "heading": -60.399410735131525, "wrist_angle": -40.76310663693229, "wrist_rotation": 74.10080020148212, "gripper": 72.48214283209154}, "rc-angle-target": {"0": 29.600589264868475, "1": 124.0, "2": 108.0, "3": 78.0, "4": 74.10080020148212}, "rc-pulse-target": {"0": 868.0, "1": 1837.0, "2": 1700.0, "3": 1366.0, "4": 1323.0, "5": 1412.767857518627}, "reward": 0.0, "annotation": ""}