{"rc-position-target": {"height": 4.345357997048078, "distance": 3.8787138841467863, "heading": -60.399410735131525, "wrist_angle": -40.76310663693229, "wrist_rotation": 73.10080020148212, "gripper": 72.48214283209154}, "rc-angle-target": {"0": 29.600589264868475, "1": 127.0, "2": 110.0, "3": 76.0, "4": 73.10080020148212}, "rc-pulse-target": {"0": 868.0, "1": 1871.0, "2": 1722.0, "3": 1344.0, "4": 1312.0, "5": 1412.767857518627}, "reward": 0.0, "annotation": ""}