{"rc-position-target": {"height": 4.345357997048078, "distance": 4.278713884146786, "heading": -60.993592823045816, "wrist_angle": -40.76310663693229, "wrist_rotation": 75.10080020148212, "gripper": 72.48214283209154}, "rc-angle-target": {"0": 29.006407176954184, "1": 122.0, "2": 107.0, "3": 79.0, "4": 75.10080020148212}, "rc-pulse-target": {"0": 862.0, "1": 1815.0, "2": 1688.0, "3": 1377.0, "4": 1334.0, "5": 1412.767857518627}, "reward": 0.0, "annotation": ""}