{"rc-position-target": {"height": 4.345357997048078, "distance": 3.7066455713947875, "heading": -60.399410735131525, "wrist_angle": -40.76310663693229, "wrist_rotation": 69.60080020148212, "gripper": 72.48214283209154}, "rc-angle-target": {"0": 29.600589264868475, "1": 129.0, "2": 111.0, "3": 75.0, "4": 69.60080020148212}, "rc-pulse-target": {"0": 868.0, "1": 1893.0, "2": 1733.0, "3": 1333.0, "4": 1273.0, "5": 1412.767857518627}, "reward": 0.0, "annotation": ""}