{"rc-position-target": {"height": 4.597897741348042, "distance": 4.306645571394786, "heading": -51.399410735131525, "wrist_angle": -49.76310663693229, "wrist_rotation": 69.10080020148212, "gripper": 51.905321762732726}, "rc-angle-target": {"0": 38.600589264868475, "1": 122.0, "2": 105.0, "3": 68.0, "4": 69.10080020148212}, "rc-pulse-target": {"0": 968.0, "1": 1815.0, "2": 1666.0, "3": 1255.0, "4": 1267.0, "5": 1721.420173559009}, "reward": 0.0, "annotation": ""}