{"rc-position-target": {"height": 4.597897741348042, "distance": 4.606645571394785, "heading": -46.899410735131525, "wrist_angle": -54.26310663693229, "wrist_rotation": 69.84438769002773, "gripper": 51.905321762732726}, "rc-angle-target": {"0": 43.100589264868475, "1": 118.0, "2": 103.0, "3": 65.0, "4": 69.84438769002773}, "rc-pulse-target": {"0": 1018.0, "1": 1771.0, "2": 1644.0, "3": 1222.0, "4": 1276.0, "5": 1721.420173559009}, "reward": 0.0, "annotation": ""}