{"rc-position-target": {"height": 4.597897741348042, "distance": 4.006645571394787, "heading": -55.899410735131525, "wrist_angle": -45.26310663693229, "wrist_rotation": 67.60080020148212, "gripper": 57.48214283209154}, "rc-angle-target": {"0": 34.100589264868475, "1": 125.0, "2": 107.0, "3": 71.0, "4": 67.60080020148212}, "rc-pulse-target": {"0": 918.0, "1": 1848.0, "2": 1688.0, "3": 1288.0, "4": 1251.0, "5": 1637.767857518627}, "reward": 0.0, "annotation": ""}