{"rc-position-target": {"height": 4.597897741348042, "distance": 4.406645571394786, "heading": -49.899410735131525, "wrist_angle": -51.26310663693229, "wrist_rotation": 69.60080020148212, "gripper": 51.905321762732726}, "rc-angle-target": {"0": 40.100589264868475, "1": 120.0, "2": 104.0, "3": 67.0, "4": 69.60080020148212}, "rc-pulse-target": {"0": 985.0, "1": 1793.0, "2": 1655.0, "3": 1244.0, "4": 1273.0, "5": 1721.420173559009}, "reward": 0.0, "annotation": ""}