{"rc-position-target": {"height": 4.545357997048077, "distance": 3.9066455713947876, "heading": -57.399410735131525, "wrist_angle": -43.76310663693229, "wrist_rotation": 67.10080020148212, "gripper": 62.48214283209154}, "rc-angle-target": {"0": 32.600589264868475, "1": 127.0, "2": 108.0, "3": 72.0, "4": 67.10080020148212}, "rc-pulse-target": {"0": 902.0, "1": 1871.0, "2": 1700.0, "3": 1300.0, "4": 1245.0, "5": 1562.767857518627}, "reward": 0.0, "annotation": ""}