{"rc-position-target": {"height": 4.597897741348042, "distance": 4.206645571394787, "heading": -52.899410735131525, "wrist_angle": -48.26310663693229, "wrist_rotation": 68.60080020148212, "gripper": 51.905321762732726}, "rc-angle-target": {"0": 37.100589264868475, "1": 123.0, "2": 105.0, "3": 69.0, "4": 68.60080020148212}, "rc-pulse-target": {"0": 952.0, "1": 1826.0, "2": 1666.0, "3": 1266.0, "4": 1262.0, "5": 1721.420173559009}, "reward": 0.0, "annotation": ""}