{"rc-position-target": {"height": 4.445357997048077, "distance": 3.8066455713947875, "heading": -58.899410735131525, "wrist_angle": -42.26310663693229, "wrist_rotation": 66.60080020148212, "gripper": 67.48214283209154}, "rc-angle-target": {"0": 31.100589264868475, "1": 128.0, "2": 109.0, "3": 74.0, "4": 66.60080020148212}, "rc-pulse-target": {"0": 885.0, "1": 1882.0, "2": 1711.0, "3": 1322.0, "4": 1240.0, "5": 1487.767857518627}, "reward": 0.0, "annotation": ""}