{"rc-position-target": {"height": 4.597897741348042, "distance": 4.106645571394787, "heading": -54.399410735131525, "wrist_angle": -46.76310663693229, "wrist_rotation": 68.10080020148212, "gripper": 52.48214283209154}, "rc-angle-target": {"0": 35.600589264868475, "1": 124.0, "2": 106.0, "3": 70.0, "4": 68.10080020148212}, "rc-pulse-target": {"0": 935.0, "1": 1837.0, "2": 1677.0, "3": 1277.0, "4": 1256.0, "5": 1712.767857518627}, "reward": 0.0, "annotation": ""}