{"rc-position-target": {"height": 4.597897741348042, "distance": 4.5066455713947855, "heading": -48.399410735131525, "wrist_angle": -52.76310663693229, "wrist_rotation": 69.84438769002773, "gripper": 51.905321762732726}, "rc-angle-target": {"0": 41.600589264868475, "1": 119.0, "2": 103.0, "3": 66.0, "4": 69.84438769002773}, "rc-pulse-target": {"0": 1002.0, "1": 1782.0, "2": 1644.0, "3": 1233.0, "4": 1276.0, "5": 1721.420173559009}, "reward": 0.0, "annotation": ""}