{"rc-position-target": {"height": 4.597897741348042, "distance": 4.706645571394785, "heading": -45.399410735131525, "wrist_angle": -55.76310663693229, "wrist_rotation": 69.84438769002773, "gripper": 51.905321762732726}, "rc-angle-target": {"0": 44.600589264868475, "1": 117.0, "2": 102.0, "3": 64.0, "4": 69.84438769002773}, "rc-pulse-target": {"0": 1035.0, "1": 1760.0, "2": 1633.0, "3": 1211.0, "4": 1276.0, "5": 1721.420173559009}, "reward": 0.0, "annotation": ""}