{"rc-position-target": {"height": 4.597897741348042, "distance": 5.606645571394782, "heading": -31.899410735131525, "wrist_angle": -69.26310663693229, "wrist_rotation": 69.84438769002773, "gripper": 51.905321762732726}, "rc-angle-target": {"0": 58.100589264868475, "1": 107.0, "2": 95.0, "3": 53.0, "4": 69.84438769002773}, "rc-pulse-target": {"0": 1185.0, "1": 1648.0, "2": 1555.0, "3": 1088.0, "4": 1276.0, "5": 1721.420173559009}, "reward": 0.0, "annotation": ""}