{"rc-position-target": {"height": 4.597897741348042, "distance": 4.906645571394784, "heading": -42.399410735131525, "wrist_angle": -58.76310663693229, "wrist_rotation": 69.84438769002773, "gripper": 51.905321762732726}, "rc-angle-target": {"0": 47.600589264868475, "1": 115.0, "2": 100.0, "3": 61.0, "4": 69.84438769002773}, "rc-pulse-target": {"0": 1068.0, "1": 1737.0, "2": 1611.0, "3": 1177.0, "4": 1276.0, "5": 1721.420173559009}, "reward": 0.0, "annotation": ""}