{"rc-position-target": {"height": 4.597897741348042, "distance": 5.206645571394783, "heading": -37.899410735131525, "wrist_angle": -63.26310663693229, "wrist_rotation": 69.84438769002773, "gripper": 51.905321762732726}, "rc-angle-target": {"0": 52.100589264868475, "1": 111.0, "2": 98.0, "3": 58.0, "4": 69.84438769002773}, "rc-pulse-target": {"0": 1118.0, "1": 1693.0, "2": 1588.0, "3": 1144.0, "4": 1276.0, "5": 1721.420173559009}, "reward": 0.0, "annotation": ""}