{"rc-position-target": {"height": 4.597897741348042, "distance": 5.506645571394782, "heading": -33.399410735131525, "wrist_angle": -67.76310663693229, "wrist_rotation": 69.84438769002773, "gripper": 51.905321762732726}, "rc-angle-target": {"0": 56.600589264868475, "1": 108.0, "2": 96.0, "3": 54.0, "4": 69.84438769002773}, "rc-pulse-target": {"0": 1168.0, "1": 1660.0, "2": 1566.0, "3": 1100.0, "4": 1276.0, "5": 1721.420173559009}, "reward": 0.0, "annotation": ""}