{"rc-position-target": {"height": 4.597897741348042, "distance": 5.106645571394783, "heading": -39.399410735131525, "wrist_angle": -61.76310663693229, "wrist_rotation": 69.84438769002773, "gripper": 51.905321762732726}, "rc-angle-target": {"0": 50.600589264868475, "1": 112.0, "2": 99.0, "3": 59.0, "4": 69.84438769002773}, "rc-pulse-target": {"0": 1102.0, "1": 1704.0, "2": 1600.0, "3": 1155.0, "4": 1276.0, "5": 1721.420173559009}, "reward": 0.0, "annotation": ""}