{"rc-position-target": {"height": 4.597897741348042, "distance": 5.406645571394782, "heading": -34.899410735131525, "wrist_angle": -66.26310663693229, "wrist_rotation": 69.84438769002773, "gripper": 51.905321762732726}, "rc-angle-target": {"0": 55.100589264868475, "1": 109.0, "2": 96.0, "3": 56.0, "4": 69.84438769002773}, "rc-pulse-target": {"0": 1152.0, "1": 1671.0, "2": 1566.0, "3": 1122.0, "4": 1276.0, "5": 1721.420173559009}, "reward": 0.0, "annotation": ""}