{"rc-position-target": {"height": 4.597897741348042, "distance": 5.306645571394783, "heading": -36.399410735131525, "wrist_angle": -64.76310663693229, "wrist_rotation": 69.84438769002773, "gripper": 51.905321762732726}, "rc-angle-target": {"0": 53.600589264868475, "1": 110.0, "2": 97.0, "3": 57.0, "4": 69.84438769002773}, "rc-pulse-target": {"0": 1135.0, "1": 1682.0, "2": 1577.0, "3": 1133.0, "4": 1276.0, "5": 1721.420173559009}, "reward": 0.0, "annotation": ""}