{"rc-position-target": {"height": 4.597897741348042, "distance": 5.706645571394781, "heading": -30.399410735131525, "wrist_angle": -70.76310663693229, "wrist_rotation": 69.84438769002773, "gripper": 51.905321762732726}, "rc-angle-target": {"0": 59.600589264868475, "1": 106.0, "2": 94.0, "3": 52.0, "4": 69.84438769002773}, "rc-pulse-target": {"0": 1202.0, "1": 1637.0, "2": 1544.0, "3": 1077.0, "4": 1276.0, "5": 1721.420173559009}, "reward": 0.0, "annotation": ""}