{"rc-position-target": {"height": 4.597897741348042, "distance": 4.806645571394784, "heading": -43.899410735131525, "wrist_angle": -57.26310663693229, "wrist_rotation": 69.84438769002773, "gripper": 51.905321762732726}, "rc-angle-target": {"0": 46.100589264868475, "1": 116.0, "2": 101.0, "3": 63.0, "4": 69.84438769002773}, "rc-pulse-target": {"0": 1052.0, "1": 1748.0, "2": 1622.0, "3": 1200.0, "4": 1276.0, "5": 1721.420173559009}, "reward": 0.0, "annotation": ""}