{"rc-position-target": {"height": 4.597897741348042, "distance": 5.006645571394784, "heading": -40.899410735131525, "wrist_angle": -60.26310663693229, "wrist_rotation": 69.84438769002773, "gripper": 51.905321762732726}, "rc-angle-target": {"0": 49.100589264868475, "1": 114.0, "2": 100.0, "3": 60.0, "4": 69.84438769002773}, "rc-pulse-target": {"0": 1085.0, "1": 1726.0, "2": 1611.0, "3": 1166.0, "4": 1276.0, "5": 1721.420173559009}, "reward": 0.0, "annotation": ""}