{"rc-position-target": {"height": 4.597897741348042, "distance": 5.9066455713947805, "heading": -27.399410735131525, "wrist_angle": -71.05627318894973, "wrist_rotation": 69.84438769002773, "gripper": 51.905321762732726}, "rc-angle-target": {"0": 62.600589264868475, "1": 104.0, "2": 92.0, "3": 52.0, "4": 69.84438769002773}, "rc-pulse-target": {"0": 1235.0, "1": 1615.0, "2": 1522.0, "3": 1077.0, "4": 1276.0, "5": 1721.420173559009}, "reward": 0.0, "annotation": ""}