{"rc-position-target": {"height": 4.597897741348042, "distance": 8.006645571394774, "heading": -27.204160605919803, "wrist_angle": -71.05627318894973, "wrist_rotation": 69.84438769002773, "gripper": 51.905321762732726}, "rc-angle-target": {"0": 62.7958393940802, "1": 82.0, "2": 72.0, "3": 53.0, "4": 69.84438769002773}, "rc-pulse-target": {"0": 1237.0, "1": 1371.0, "2": 1300.0, "3": 1088.0, "4": 1276.0, "5": 1721.420173559009}, "reward": 0.0, "annotation": ""}