{"rc-position-target": {"height": 4.597897741348042, "distance": 8.506645571394772, "heading": -27.204160605919803, "wrist_angle": -71.05627318894973, "wrist_rotation": 69.84438769002773, "gripper": 51.905321762732726}, "rc-angle-target": {"0": 62.7958393940802, "1": 77.0, "2": 66.0, "3": 52.0, "4": 69.84438769002773}, "rc-pulse-target": {"0": 1237.0, "1": 1315.0, "2": 1233.0, "3": 1077.0, "4": 1276.0, "5": 1721.420173559009}, "reward": 0.0, "annotation": ""}