{"rc-position-target": {"height": 4.4978977413480425, "distance": 8.695023330491143, "heading": -25.704160605919803, "wrist_angle": -69.55627318894973, "wrist_rotation": 70.34438769002773, "gripper": 46.905321762732726}, "rc-angle-target": {"0": 64.29583939408019, "1": 75.0, "2": 65.0, "3": 54.0, "4": 70.34438769002773}, "rc-pulse-target": {"0": 1254.0, "1": 1293.0, "2": 1222.0, "3": 1100.0, "4": 1281.0, "5": 1796.420173559009}, "reward": 0.0, "annotation": ""}