{"rc-position-target": {"height": 3.7978977413480437, "distance": 7.995023330491145, "heading": -15.204160605919803, "wrist_angle": -59.05627318894973, "wrist_rotation": 73.84438769002773, "gripper": 11.905321762732726}, "rc-angle-target": {"0": 74.79583939408019, "1": 81.0, "2": 77.0, "3": 71.0, "4": 73.84438769002773}, "rc-pulse-target": {"0": 1371.0, "1": 1360.0, "2": 1355.0, "3": 1288.0, "4": 1320.0, "5": 2321.420173559009}, "reward": 0.0, "annotation": ""}