{"rc-position-target": {"height": 4.397897741348043, "distance": 8.595023330491143, "heading": -24.204160605919803, "wrist_angle": -68.05627318894973, "wrist_rotation": 70.84438769002773, "gripper": 41.905321762732726}, "rc-angle-target": {"0": 65.79583939408019, "1": 76.0, "2": 67.0, "3": 57.0, "4": 70.84438769002773}, "rc-pulse-target": {"0": 1271.0, "1": 1304.0, "2": 1244.0, "3": 1133.0, "4": 1287.0, "5": 1871.420173559009}, "reward": 0.0, "annotation": ""}