{"rc-position-target": {"height": 4.097897741348044, "distance": 8.295023330491144, "heading": -19.704160605919803, "wrist_angle": -63.55627318894973, "wrist_rotation": 72.34438769002773, "gripper": 26.905321762732726}, "rc-angle-target": {"0": 70.29583939408019, "1": 79.0, "2": 72.0, "3": 64.0, "4": 72.34438769002773}, "rc-pulse-target": {"0": 1321.0, "1": 1337.0, "2": 1300.0, "3": 1211.0, "4": 1303.0, "5": 2096.420173559009}, "reward": 0.0, "annotation": ""}