{"rc-position-target": {"height": 3.997897741348044, "distance": 8.195023330491145, "heading": -18.204160605919803, "wrist_angle": -62.05627318894973, "wrist_rotation": 72.84438769002773, "gripper": 21.905321762732726}, "rc-angle-target": {"0": 71.79583939408019, "1": 79.0, "2": 73.0, "3": 66.0, "4": 72.84438769002773}, "rc-pulse-target": {"0": 1337.0, "1": 1337.0, "2": 1311.0, "3": 1233.0, "4": 1309.0, "5": 2171.420173559009}, "reward": 0.0, "annotation": ""}