{"rc-position-target": {"height": 3.897897741348044, "distance": 8.095023330491145, "heading": -16.704160605919803, "wrist_angle": -60.55627318894973, "wrist_rotation": 73.34438769002773, "gripper": 16.905321762732726}, "rc-angle-target": {"0": 73.29583939408019, "1": 80.0, "2": 75.0, "3": 69.0, "4": 73.34438769002773}, "rc-pulse-target": {"0": 1354.0, "1": 1348.0, "2": 1333.0, "3": 1266.0, "4": 1314.0, "5": 2246.420173559009}, "reward": 0.0, "annotation": ""}