{"rc-position-target": {"height": 3.6978977413480436, "distance": 7.895023330491146, "heading": -13.704160605919803, "wrist_angle": -57.55627318894973, "wrist_rotation": 74.34438769002773, "gripper": 6.905321762732726}, "rc-angle-target": {"0": 76.29583939408019, "1": 82.0, "2": 78.0, "3": 74.0, "4": 74.34438769002773}, "rc-pulse-target": {"0": 1387.0, "1": 1371.0, "2": 1366.0, "3": 1322.0, "4": 1326.0, "5": 2396.420173559009}, "reward": 0.0, "annotation": ""}