{"rc-position-target": {"height": 4.197897741348044, "distance": 8.395023330491144, "heading": -21.204160605919803, "wrist_angle": -65.05627318894973, "wrist_rotation": 71.84438769002773, "gripper": 31.905321762732726}, "rc-angle-target": {"0": 68.79583939408019, "1": 78.0, "2": 70.0, "3": 62.0, "4": 71.84438769002773}, "rc-pulse-target": {"0": 1304.0, "1": 1326.0, "2": 1277.0, "3": 1188.0, "4": 1298.0, "5": 2021.420173559009}, "reward": 0.0, "annotation": ""}