{"rc-position-target": {"height": 4.297897741348043, "distance": 8.495023330491144, "heading": -22.704160605919803, "wrist_angle": -66.55627318894973, "wrist_rotation": 71.34438769002773, "gripper": 36.905321762732726}, "rc-angle-target": {"0": 67.29583939408019, "1": 77.0, "2": 68.0, "3": 59.0, "4": 71.34438769002773}, "rc-pulse-target": {"0": 1287.0, "1": 1315.0, "2": 1255.0, "3": 1155.0, "4": 1292.0, "5": 1946.420173559009}, "reward": 0.0, "annotation": ""}