{"rc-position-target": {"height": 2.797897741348043, "distance": 7.568606295658097, "heading": -0.20416060591980312, "wrist_angle": -44.05627318894973, "wrist_rotation": 78.84438769002773, "gripper": 3.2679972942418534}, "rc-angle-target": {"0": 89.79583939408019, "1": 82.0, "2": 86.0, "3": 95.0, "4": 78.84438769002773}, "rc-pulse-target": {"0": 1537.0, "1": 1371.0, "2": 1455.0, "3": 1555.0, "4": 1376.0, "5": 2450.9800405863725}, "reward": 0.0, "annotation": ""}