{"rc-position-target": {"height": 3.097897741348043, "distance": 7.568606295658097, "heading": -4.704160605919803, "wrist_angle": -48.55627318894973, "wrist_rotation": 77.34438769002773, "gripper": 3.2679972942418534}, "rc-angle-target": {"0": 85.29583939408019, "1": 83.0, "2": 85.0, "3": 88.0, "4": 77.34438769002773}, "rc-pulse-target": {"0": 1487.0, "1": 1382.0, "2": 1444.0, "3": 1477.0, "4": 1359.0, "5": 2450.9800405863725}, "reward": 0.0, "annotation": ""}