{"rc-position-target": {"height": 3.5978977413480435, "distance": 7.795023330491146, "heading": -12.204160605919803, "wrist_angle": -56.05627318894973, "wrist_rotation": 74.84438769002773, "gripper": 3.2679972942418534}, "rc-angle-target": {"0": 77.79583939408019, "1": 82.0, "2": 80.0, "3": 76.0, "4": 74.84438769002773}, "rc-pulse-target": {"0": 1404.0, "1": 1371.0, "2": 1388.0, "3": 1344.0, "4": 1331.0, "5": 2450.9800405863725}, "reward": 0.0, "annotation": ""}