{"rc-position-target": {"height": 3.2978977413480433, "distance": 7.568606295658097, "heading": -7.704160605919803, "wrist_angle": -51.55627318894973, "wrist_rotation": 76.34438769002773, "gripper": 3.2679972942418534}, "rc-angle-target": {"0": 82.29583939408019, "1": 83.0, "2": 84.0, "3": 83.0, "4": 76.34438769002773}, "rc-pulse-target": {"0": 1454.0, "1": 1382.0, "2": 1433.0, "3": 1422.0, "4": 1348.0, "5": 2450.9800405863725}, "reward": 0.0, "annotation": ""}