{"rc-position-target": {"height": 3.197897741348043, "distance": 7.568606295658097, "heading": -6.204160605919803, "wrist_angle": -50.05627318894973, "wrist_rotation": 76.84438769002773, "gripper": 3.2679972942418534}, "rc-angle-target": {"0": 83.79583939408019, "1": 83.0, "2": 84.0, "3": 85.0, "4": 76.84438769002773}, "rc-pulse-target": {"0": 1471.0, "1": 1382.0, "2": 1433.0, "3": 1444.0, "4": 1353.0, "5": 2450.9800405863725}, "reward": 0.0, "annotation": ""}