{"rc-position-target": {"height": 2.6978977413480427, "distance": 7.568606295658097, "heading": 1.2958393940801969, "wrist_angle": -42.55627318894973, "wrist_rotation": 79.34438769002773, "gripper": 3.2679972942418534}, "rc-angle-target": {"0": 91.29583939408019, "1": 81.0, "2": 86.0, "3": 97.0, "4": 79.34438769002773}, "rc-pulse-target": {"0": 1554.0, "1": 1360.0, "2": 1455.0, "3": 1577.0, "4": 1381.0, "5": 2450.9800405863725}, "reward": 0.0, "annotation": ""}