{"rc-position-target": {"height": 2.997897741348043, "distance": 7.568606295658097, "heading": -3.204160605919803, "wrist_angle": -47.05627318894973, "wrist_rotation": 77.84438769002773, "gripper": 3.2679972942418534}, "rc-angle-target": {"0": 86.79583939408019, "1": 82.0, "2": 85.0, "3": 90.0, "4": 77.84438769002773}, "rc-pulse-target": {"0": 1504.0, "1": 1371.0, "2": 1444.0, "3": 1500.0, "4": 1364.0, "5": 2450.9800405863725}, "reward": 0.0, "annotation": ""}