{"rc-position-target": {"height": 3.4978977413480434, "distance": 7.695023330491146, "heading": -10.704160605919803, "wrist_angle": -54.55627318894973, "wrist_rotation": 75.34438769002773, "gripper": 3.2679972942418534}, "rc-angle-target": {"0": 79.29583939408019, "1": 83.0, "2": 81.0, "3": 78.0, "4": 75.34438769002773}, "rc-pulse-target": {"0": 1421.0, "1": 1382.0, "2": 1400.0, "3": 1366.0, "4": 1337.0, "5": 2450.9800405863725}, "reward": 0.0, "annotation": ""}