{"rc-position-target": {"height": 2.897897741348043, "distance": 7.568606295658097, "heading": -1.7041606059198031, "wrist_angle": -45.55627318894973, "wrist_rotation": 78.34438769002773, "gripper": 3.2679972942418534}, "rc-angle-target": {"0": 88.29583939408019, "1": 82.0, "2": 85.0, "3": 92.0, "4": 78.34438769002773}, "rc-pulse-target": {"0": 1521.0, "1": 1371.0, "2": 1444.0, "3": 1522.0, "4": 1370.0, "5": 2450.9800405863725}, "reward": 0.0, "annotation": ""}