{"rc-position-target": {"height": 3.3978977413480433, "distance": 7.595023330491147, "heading": -9.204160605919803, "wrist_angle": -53.05627318894973, "wrist_rotation": 75.84438769002773, "gripper": 3.2679972942418534}, "rc-angle-target": {"0": 80.79583939408019, "1": 84.0, "2": 83.0, "3": 81.0, "4": 75.84438769002773}, "rc-pulse-target": {"0": 1437.0, "1": 1393.0, "2": 1422.0, "3": 1400.0, "4": 1342.0, "5": 2450.9800405863725}, "reward": 0.0, "annotation": ""}