{"rc-position-target": {"height": 2.2978977413480424, "distance": 7.568606295658097, "heading": 7.295839394080197, "wrist_angle": -36.55627318894973, "wrist_rotation": 81.34438769002773, "gripper": 3.2679972942418534}, "rc-angle-target": {"0": 97.29583939408019, "1": 79.0, "2": 88.0, "3": 106.0, "4": 81.34438769002773}, "rc-pulse-target": {"0": 1621.0, "1": 1337.0, "2": 1477.0, "3": 1677.0, "4": 1403.0, "5": 2450.9800405863725}, "reward": 0.0, "annotation": ""}