{"rc-position-target": {"height": 2.1369992385788383, "distance": 7.568606295658097, "heading": 16.295839394080197, "wrist_angle": -27.55627318894973, "wrist_rotation": 84.34438769002773, "gripper": 3.2679972942418534}, "rc-angle-target": {"0": 106.29583939408019, "1": 79.0, "2": 88.0, "3": 116.0, "4": 84.34438769002773}, "rc-pulse-target": {"0": 1721.0, "1": 1337.0, "2": 1477.0, "3": 1788.0, "4": 1437.0, "5": 2450.9800405863725}, "reward": 0.0, "annotation": ""}