{"rc-position-target": {"height": 2.1978977413480423, "distance": 7.568606295658097, "heading": 8.795839394080197, "wrist_angle": -35.05627318894973, "wrist_rotation": 81.84438769002773, "gripper": 3.2679972942418534}, "rc-angle-target": {"0": 98.79583939408019, "1": 79.0, "2": 88.0, "3": 108.0, "4": 81.84438769002773}, "rc-pulse-target": {"0": 1637.0, "1": 1337.0, "2": 1477.0, "3": 1700.0, "4": 1409.0, "5": 2450.9800405863725}, "reward": 0.0, "annotation": ""}