{"rc-position-target": {"height": 2.1369992385788383, "distance": 7.568606295658097, "heading": 11.795839394080197, "wrist_angle": -32.05627318894973, "wrist_rotation": 82.84438769002773, "gripper": 3.2679972942418534}, "rc-angle-target": {"0": 101.79583939408019, "1": 79.0, "2": 88.0, "3": 112.0, "4": 82.84438769002773}, "rc-pulse-target": {"0": 1671.0, "1": 1337.0, "2": 1477.0, "3": 1744.0, "4": 1420.0, "5": 2450.9800405863725}, "reward": 0.0, "annotation": ""}