{"rc-position-target": {"height": 2.3978977413480425, "distance": 7.568606295658097, "heading": 5.795839394080197, "wrist_angle": -38.05627318894973, "wrist_rotation": 80.84438769002773, "gripper": 3.2679972942418534}, "rc-angle-target": {"0": 95.79583939408019, "1": 80.0, "2": 87.0, "3": 104.0, "4": 80.84438769002773}, "rc-pulse-target": {"0": 1604.0, "1": 1348.0, "2": 1466.0, "3": 1655.0, "4": 1398.0, "5": 2450.9800405863725}, "reward": 0.0, "annotation": ""}