{"rc-position-target": {"height": 2.1369992385788383, "distance": 7.568606295658097, "heading": 14.795839394080197, "wrist_angle": -29.05627318894973, "wrist_rotation": 83.84438769002773, "gripper": 3.2679972942418534}, "rc-angle-target": {"0": 104.79583939408019, "1": 79.0, "2": 88.0, "3": 115.0, "4": 83.84438769002773}, "rc-pulse-target": {"0": 1704.0, "1": 1337.0, "2": 1477.0, "3": 1777.0, "4": 1431.0, "5": 2450.9800405863725}, "reward": 0.0, "annotation": ""}