{"rc-position-target": {"height": 2.5978977413480426, "distance": 7.568606295658097, "heading": 2.795839394080197, "wrist_angle": -41.05627318894973, "wrist_rotation": 79.84438769002773, "gripper": 3.2679972942418534}, "rc-angle-target": {"0": 92.79583939408019, "1": 81.0, "2": 87.0, "3": 99.0, "4": 79.84438769002773}, "rc-pulse-target": {"0": 1571.0, "1": 1360.0, "2": 1466.0, "3": 1600.0, "4": 1387.0, "5": 2450.9800405863725}, "reward": 0.0, "annotation": ""}