{"rc-position-target": {"height": 2.4978977413480425, "distance": 7.568606295658097, "heading": 4.295839394080197, "wrist_angle": -39.55627318894973, "wrist_rotation": 80.34438769002773, "gripper": 3.2679972942418534}, "rc-angle-target": {"0": 94.29583939408019, "1": 80.0, "2": 87.0, "3": 101.0, "4": 80.34438769002773}, "rc-pulse-target": {"0": 1587.0, "1": 1348.0, "2": 1466.0, "3": 1622.0, "4": 1392.0, "5": 2450.9800405863725}, "reward": 0.0, "annotation": ""}