{"rc-position-target": {"height": 2.1369992385788383, "distance": 7.568606295658097, "heading": 23.795839394080197, "wrist_angle": -24.361304063242983, "wrist_rotation": 86.00434727260378, "gripper": 3.2679972942418534}, "rc-angle-target": {"0": 113.79583939408019, "1": 79.0, "2": 88.0, "3": 120.0, "4": 86.00434727260378}, "rc-pulse-target": {"0": 1804.0, "1": 1337.0, "2": 1477.0, "3": 1833.0, "4": 1455.0, "5": 2450.9800405863725}, "reward": 0.0, "annotation": ""}