{"rc-position-target": {"height": 2.2369992385788384, "distance": 7.468606295658097, "heading": 35.7958393940802, "wrist_angle": -25.861304063242983, "wrist_rotation": 85.50434727260378, "gripper": 8.267997294241853}, "rc-angle-target": {"0": 125.79583939408019, "1": 80.0, "2": 89.0, "3": 117.0, "4": 85.50434727260378}, "rc-pulse-target": {"0": 1937.0, "1": 1348.0, "2": 1488.0, "3": 1800.0, "4": 1450.0, "5": 2375.9800405863725}, "reward": 0.0, "annotation": ""}