{"rc-position-target": {"height": 2.6554969063472034, "distance": 6.7686062956581, "heading": 46.13055193266129, "wrist_angle": -28.395958784020564, "wrist_rotation": 82.00434727260378, "gripper": 43.26799729424185}, "rc-angle-target": {"0": 136.1305519326613, "1": 89.0, "2": 95.0, "3": 112.0, "4": 82.00434727260378}, "rc-pulse-target": {"0": 2052.0, "1": 1448.0, "2": 1555.0, "3": 1744.0, "4": 1411.0, "5": 1850.980040586372}, "reward": 0.0, "annotation": ""}