{"rc-position-target": {"height": 2.6554969063472034, "distance": 6.8686062956580995, "heading": 44.7958393940802, "wrist_angle": -28.395958784020564, "wrist_rotation": 82.50434727260378, "gripper": 38.26799729424185}, "rc-angle-target": {"0": 134.7958393940802, "1": 88.0, "2": 94.0, "3": 112.0, "4": 82.50434727260378}, "rc-pulse-target": {"0": 2037.0, "1": 1437.0, "2": 1544.0, "3": 1744.0, "4": 1416.0, "5": 1925.980040586372}, "reward": 0.0, "annotation": ""}