{"rc-position-target": {"height": 2.3369992385788385, "distance": 7.368606295658098, "heading": 37.2958393940802, "wrist_angle": -27.361304063242983, "wrist_rotation": 85.00434727260378, "gripper": 13.267997294241853}, "rc-angle-target": {"0": 127.29583939408019, "1": 81.0, "2": 90.0, "3": 115.0, "4": 85.00434727260378}, "rc-pulse-target": {"0": 1954.0, "1": 1360.0, "2": 1500.0, "3": 1777.0, "4": 1444.0, "5": 2300.9800405863725}, "reward": 0.0, "annotation": ""}