{"rc-position-target": {"height": 2.5369992385788387, "distance": 7.1686062956580985, "heading": 40.2958393940802, "wrist_angle": -28.395958784020564, "wrist_rotation": 84.00434727260378, "gripper": 23.26799729424185}, "rc-angle-target": {"0": 130.2958393940802, "1": 84.0, "2": 91.0, "3": 113.0, "4": 84.00434727260378}, "rc-pulse-target": {"0": 1987.0, "1": 1393.0, "2": 1511.0, "3": 1755.0, "4": 1433.0, "5": 2150.9800405863725}, "reward": 0.0, "annotation": ""}