{"rc-position-target": {"height": 2.6369992385788388, "distance": 7.068606295658099, "heading": 41.7958393940802, "wrist_angle": -28.395958784020564, "wrist_rotation": 83.50434727260378, "gripper": 28.26799729424185}, "rc-angle-target": {"0": 131.7958393940802, "1": 86.0, "2": 92.0, "3": 112.0, "4": 83.50434727260378}, "rc-pulse-target": {"0": 2004.0, "1": 1415.0, "2": 1522.0, "3": 1744.0, "4": 1427.0, "5": 2075.9800405863725}, "reward": 0.0, "annotation": ""}