{"rc-position-target": {"height": 2.4369992385788386, "distance": 7.268606295658098, "heading": 38.7958393940802, "wrist_angle": -28.395958784020564, "wrist_rotation": 84.50434727260378, "gripper": 18.26799729424185}, "rc-angle-target": {"0": 128.7958393940802, "1": 83.0, "2": 90.0, "3": 113.0, "4": 84.50434727260378}, "rc-pulse-target": {"0": 1971.0, "1": 1382.0, "2": 1500.0, "3": 1755.0, "4": 1438.0, "5": 2225.9800405863725}, "reward": 0.0, "annotation": ""}