{"rc-position-target": {"height": 2.6554969063472034, "distance": 6.968606295658099, "heading": 43.2958393940802, "wrist_angle": -28.395958784020564, "wrist_rotation": 83.00434727260378, "gripper": 33.26799729424185}, "rc-angle-target": {"0": 133.2958393940802, "1": 87.0, "2": 93.0, "3": 112.0, "4": 83.00434727260378}, "rc-pulse-target": {"0": 2021.0, "1": 1426.0, "2": 1533.0, "3": 1744.0, "4": 1422.0, "5": 2000.980040586372}, "reward": 0.0, "annotation": ""}