{"rc-position-target": {"height": 2.6554969063472034, "distance": 6.168606295658102, "heading": 46.13055193266129, "wrist_angle": -28.395958784020564, "wrist_rotation": 79.00434727260378, "gripper": 73.26799729424185}, "rc-angle-target": {"0": 136.1305519326613, "1": 95.0, "2": 100.0, "3": 112.0, "4": 79.00434727260378}, "rc-pulse-target": {"0": 2052.0, "1": 1515.0, "2": 1611.0, "3": 1744.0, "4": 1377.0, "5": 1400.9800405863723}, "reward": 0.0, "annotation": ""}