{"rc-position-target": {"height": 2.6554969063472034, "distance": 6.6686062956581, "heading": 46.13055193266129, "wrist_angle": -28.395958784020564, "wrist_rotation": 81.50434727260378, "gripper": 48.26799729424185}, "rc-angle-target": {"0": 136.1305519326613, "1": 90.0, "2": 96.0, "3": 112.0, "4": 81.50434727260378}, "rc-pulse-target": {"0": 2052.0, "1": 1460.0, "2": 1566.0, "3": 1744.0, "4": 1405.0, "5": 1775.980040586372}, "reward": 0.0, "annotation": ""}