{"rc-position-target": {"height": 2.6554969063472034, "distance": 5.7686062956581035, "heading": 46.13055193266129, "wrist_angle": -28.395958784020564, "wrist_rotation": 77.00434727260378, "gripper": 81.96504419815007}, "rc-angle-target": {"0": 136.1305519326613, "1": 99.0, "2": 104.0, "3": 111.0, "4": 77.00434727260378}, "rc-pulse-target": {"0": 2052.0, "1": 1560.0, "2": 1655.0, "3": 1733.0, "4": 1355.0, "5": 1270.524337027749}, "reward": 0.0, "annotation": ""}