{"rc-position-target": {"height": 2.6554969063472034, "distance": 6.268606295658102, "heading": 46.13055193266129, "wrist_angle": -28.395958784020564, "wrist_rotation": 79.50434727260378, "gripper": 68.26799729424185}, "rc-angle-target": {"0": 136.1305519326613, "1": 94.0, "2": 99.0, "3": 112.0, "4": 79.50434727260378}, "rc-pulse-target": {"0": 2052.0, "1": 1504.0, "2": 1600.0, "3": 1744.0, "4": 1383.0, "5": 1475.9800405863723}, "reward": 0.0, "annotation": ""}