{"rc-position-target": {"height": 2.6554969063472034, "distance": 6.568606295658101, "heading": 46.13055193266129, "wrist_angle": -28.395958784020564, "wrist_rotation": 81.00434727260378, "gripper": 53.26799729424185}, "rc-angle-target": {"0": 136.1305519326613, "1": 91.0, "2": 97.0, "3": 112.0, "4": 81.00434727260378}, "rc-pulse-target": {"0": 2052.0, "1": 1471.0, "2": 1577.0, "3": 1744.0, "4": 1400.0, "5": 1700.980040586372}, "reward": 0.0, "annotation": ""}