{"rc-position-target": {"height": 2.6554969063472034, "distance": 5.868606295658103, "heading": 46.13055193266129, "wrist_angle": -28.395958784020564, "wrist_rotation": 77.50434727260378, "gripper": 81.96504419815007}, "rc-angle-target": {"0": 136.1305519326613, "1": 98.0, "2": 103.0, "3": 111.0, "4": 77.50434727260378}, "rc-pulse-target": {"0": 2052.0, "1": 1548.0, "2": 1644.0, "3": 1733.0, "4": 1361.0, "5": 1270.524337027749}, "reward": 0.0, "annotation": ""}