{"rc-position-target": {"height": 2.6554969063472034, "distance": 4.768606295658107, "heading": 46.13055193266129, "wrist_angle": -28.395958784020564, "wrist_rotation": 72.00434727260378, "gripper": 81.96504419815007}, "rc-angle-target": {"0": 136.1305519326613, "1": 111.0, "2": 113.0, "3": 109.0, "4": 72.00434727260378}, "rc-pulse-target": {"0": 2052.0, "1": 1693.0, "2": 1755.0, "3": 1711.0, "4": 1300.0, "5": 1270.524337027749}, "reward": 0.0, "annotation": ""}