{"rc-position-target": {"height": 2.6554969063472034, "distance": 5.368606295658105, "heading": 46.13055193266129, "wrist_angle": -28.395958784020564, "wrist_rotation": 75.00434727260378, "gripper": 81.96504419815007}, "rc-angle-target": {"0": 136.1305519326613, "1": 104.0, "2": 108.0, "3": 110.0, "4": 75.00434727260378}, "rc-pulse-target": {"0": 2052.0, "1": 1615.0, "2": 1700.0, "3": 1722.0, "4": 1333.0, "5": 1270.524337027749}, "reward": 0.0, "annotation": ""}