{"rc-position-target": {"height": 2.6554969063472034, "distance": 5.168606295658106, "heading": 46.13055193266129, "wrist_angle": -28.395958784020564, "wrist_rotation": 74.00434727260378, "gripper": 81.96504419815007}, "rc-angle-target": {"0": 136.1305519326613, "1": 106.0, "2": 110.0, "3": 110.0, "4": 74.00434727260378}, "rc-pulse-target": {"0": 2052.0, "1": 1637.0, "2": 1722.0, "3": 1722.0, "4": 1322.0, "5": 1270.524337027749}, "reward": 0.0, "annotation": ""}