{"rc-position-target": {"height": 2.6554969063472034, "distance": 4.968606295658106, "heading": 46.13055193266129, "wrist_angle": -28.395958784020564, "wrist_rotation": 73.00434727260378, "gripper": 81.96504419815007}, "rc-angle-target": {"0": 136.1305519326613, "1": 108.0, "2": 112.0, "3": 109.0, "4": 73.00434727260378}, "rc-pulse-target": {"0": 2052.0, "1": 1660.0, "2": 1744.0, "3": 1711.0, "4": 1311.0, "5": 1270.524337027749}, "reward": 0.0, "annotation": ""}