{"rc-position-target": {"height": 2.6554969063472034, "distance": 5.568606295658104, "heading": 46.13055193266129, "wrist_angle": -28.395958784020564, "wrist_rotation": 76.00434727260378, "gripper": 81.96504419815007}, "rc-angle-target": {"0": 136.1305519326613, "1": 101.0, "2": 106.0, "3": 111.0, "4": 76.00434727260378}, "rc-pulse-target": {"0": 2052.0, "1": 1582.0, "2": 1677.0, "3": 1733.0, "4": 1344.0, "5": 1270.524337027749}, "reward": 0.0, "annotation": ""}