{"rc-position-target": {"height": 2.6554969063472034, "distance": 3.7686062956581092, "heading": 46.13055193266129, "wrist_angle": -28.395958784020564, "wrist_rotation": 67.00434727260378, "gripper": 81.96504419815007}, "rc-angle-target": {"0": 136.1305519326613, "1": 125.0, "2": 122.0, "3": 103.0, "4": 67.00434727260378}, "rc-pulse-target": {"0": 2052.0, "1": 1848.0, "2": 1855.0, "3": 1644.0, "4": 1244.0, "5": 1270.524337027749}, "reward": 0.0, "annotation": ""}