{"rc-position-target": {"height": 2.6554969063472034, "distance": 3.9686062956581094, "heading": 46.13055193266129, "wrist_angle": -28.395958784020564, "wrist_rotation": 68.00434727260378, "gripper": 81.96504419815007}, "rc-angle-target": {"0": 136.1305519326613, "1": 122.0, "2": 120.0, "3": 105.0, "4": 68.00434727260378}, "rc-pulse-target": {"0": 2052.0, "1": 1815.0, "2": 1833.0, "3": 1666.0, "4": 1255.0, "5": 1270.524337027749}, "reward": 0.0, "annotation": ""}