{"rc-position-target": {"height": 2.6554969063472034, "distance": 3.8686062956581093, "heading": 46.13055193266129, "wrist_angle": -28.395958784020564, "wrist_rotation": 67.50434727260378, "gripper": 81.96504419815007}, "rc-angle-target": {"0": 136.1305519326613, "1": 123.0, "2": 121.0, "3": 104.0, "4": 67.50434727260378}, "rc-pulse-target": {"0": 2052.0, "1": 1826.0, "2": 1844.0, "3": 1655.0, "4": 1250.0, "5": 1270.524337027749}, "reward": 0.0, "annotation": ""}