{"rc-position-target": {"height": 2.6554969063472034, "distance": 4.268606295658109, "heading": 46.13055193266129, "wrist_angle": -28.395958784020564, "wrist_rotation": 69.50434727260378, "gripper": 81.96504419815007}, "rc-angle-target": {"0": 136.1305519326613, "1": 117.0, "2": 118.0, "3": 106.0, "4": 69.50434727260378}, "rc-pulse-target": {"0": 2052.0, "1": 1760.0, "2": 1811.0, "3": 1677.0, "4": 1272.0, "5": 1270.524337027749}, "reward": 0.0, "annotation": ""}