{"rc-position-target": {"height": 2.6554969063472034, "distance": 4.368606295658108, "heading": 46.13055193266129, "wrist_angle": -28.395958784020564, "wrist_rotation": 70.00434727260378, "gripper": 81.96504419815007}, "rc-angle-target": {"0": 136.1305519326613, "1": 116.0, "2": 117.0, "3": 107.0, "4": 70.00434727260378}, "rc-pulse-target": {"0": 2052.0, "1": 1748.0, "2": 1800.0, "3": 1688.0, "4": 1277.0, "5": 1270.524337027749}, "reward": 0.0, "annotation": ""}