{"rc-position-target": {"height": 2.6554969063472034, "distance": 3.368606295658109, "heading": 46.13055193266129, "wrist_angle": -28.395958784020564, "wrist_rotation": 65.95760629647387, "gripper": 81.96504419815007}, "rc-angle-target": {"0": 136.1305519326613, "1": 131.0, "2": 125.0, "3": 100.0, "4": 65.95760629647387}, "rc-pulse-target": {"0": 2052.0, "1": 1915.0, "2": 1888.0, "3": 1611.0, "4": 1232.0, "5": 1270.524337027749}, "reward": 0.0, "annotation": ""}