{"rc-position-target": {"height": 2.6554969063472034, "distance": 3.568606295658109, "heading": 46.13055193266129, "wrist_angle": -28.395958784020564, "wrist_rotation": 66.00434727260378, "gripper": 81.96504419815007}, "rc-angle-target": {"0": 136.1305519326613, "1": 128.0, "2": 123.0, "3": 102.0, "4": 66.00434727260378}, "rc-pulse-target": {"0": 2052.0, "1": 1882.0, "2": 1866.0, "3": 1633.0, "4": 1233.0, "5": 1270.524337027749}, "reward": 0.0, "annotation": ""}