{"rc-position-target": {"height": 2.6554969063472034, "distance": 3.468606295658109, "heading": 46.13055193266129, "wrist_angle": -28.395958784020564, "wrist_rotation": 65.95760629647387, "gripper": 81.96504419815007}, "rc-angle-target": {"0": 136.1305519326613, "1": 129.0, "2": 124.0, "3": 101.0, "4": 65.95760629647387}, "rc-pulse-target": {"0": 2052.0, "1": 1893.0, "2": 1877.0, "3": 1622.0, "4": 1232.0, "5": 1270.524337027749}, "reward": 0.0, "annotation": ""}