{"rc-position-target": {"height": 4.500000000000002, "distance": 5.499999999999998, "heading": 7.5, "wrist_angle": -52.5, "wrist_rotation": 72.5, "gripper": 75.0}, "rc-angle-target": {"0": 97.5, "1": 108.0, "2": 96.0, "3": 70.0, "4": 72.5}, "rc-pulse-target": {"0": 1623.0, "1": 1660.0, "2": 1566.0, "3": 1277.0, "4": 1305.0, "5": 1375.0}, "reward": 0.0, "annotation": ""}