{"rc-position-target": {"height": 3.400000000000003, "distance": 6.599999999999994, "heading": 24.0, "wrist_angle": -69.0, "wrist_rotation": 70.43013342329411, "gripper": 47.084988699583185}, "rc-angle-target": {"0": 114.0, "1": 93.0, "2": 93.0, "3": 65.0, "4": 70.43013342329411}, "rc-pulse-target": {"0": 1806.0, "1": 1493.0, "2": 1533.0, "3": 1222.0, "4": 1282.0, "5": 1793.7251695062523}, "reward": 0.0, "annotation": ""}