{"rc-position-target": {"height": 3.7000000000000033, "distance": 6.299999999999995, "heading": 19.5, "wrist_angle": -64.5, "wrist_rotation": 70.43013342329411, "gripper": 47.084988699583185}, "rc-angle-target": {"0": 109.5, "1": 98.0, "2": 94.0, "3": 67.0, "4": 70.43013342329411}, "rc-pulse-target": {"0": 1756.0, "1": 1548.0, "2": 1544.0, "3": 1244.0, "4": 1282.0, "5": 1793.7251695062523}, "reward": 0.0, "annotation": ""}