{"rc-position-target": {"height": 3.200000000000003, "distance": 6.799999999999994, "heading": 27.0, "wrist_angle": -72.0, "wrist_rotation": 70.43013342329411, "gripper": 47.084988699583185}, "rc-angle-target": {"0": 117.0, "1": 91.0, "2": 92.0, "3": 64.0, "4": 70.43013342329411}, "rc-pulse-target": {"0": 1840.0, "1": 1471.0, "2": 1522.0, "3": 1211.0, "4": 1282.0, "5": 1793.7251695062523}, "reward": 0.0, "annotation": ""}