{"rc-position-target": {"height": 3.300000000000003, "distance": 6.699999999999994, "heading": 25.5, "wrist_angle": -70.5, "wrist_rotation": 70.43013342329411, "gripper": 47.084988699583185}, "rc-angle-target": {"0": 115.5, "1": 92.0, "2": 92.0, "3": 64.0, "4": 70.43013342329411}, "rc-pulse-target": {"0": 1823.0, "1": 1482.0, "2": 1522.0, "3": 1211.0, "4": 1282.0, "5": 1793.7251695062523}, "reward": 0.0, "annotation": ""}