{"rc-position-target": {"height": 3.1000000000000028, "distance": 6.899999999999993, "heading": 28.5, "wrist_angle": -73.5, "wrist_rotation": 70.43013342329411, "gripper": 47.084988699583185}, "rc-angle-target": {"0": 118.5, "1": 89.0, "2": 91.0, "3": 63.0, "4": 70.43013342329411}, "rc-pulse-target": {"0": 1856.0, "1": 1448.0, "2": 1511.0, "3": 1200.0, "4": 1282.0, "5": 1793.7251695062523}, "reward": 0.0, "annotation": ""}