{"rc-position-target": {"height": 4.0000000000000036, "distance": 5.9999999999999964, "heading": 15.0, "wrist_angle": -60.0, "wrist_rotation": 70.43013342329411, "gripper": 50.0}, "rc-angle-target": {"0": 105.0, "1": 101.0, "2": 95.0, "3": 68.0, "4": 70.43013342329411}, "rc-pulse-target": {"0": 1706.0, "1": 1582.0, "2": 1555.0, "3": 1255.0, "4": 1282.0, "5": 1750.0}, "reward": 0.0, "annotation": ""}