{"rc-position-target": {"height": 3.8000000000000034, "distance": 6.199999999999996, "heading": 18.0, "wrist_angle": -63.0, "wrist_rotation": 70.43013342329411, "gripper": 47.084988699583185}, "rc-angle-target": {"0": 108.0, "1": 99.0, "2": 95.0, "3": 67.0, "4": 70.43013342329411}, "rc-pulse-target": {"0": 1740.0, "1": 1560.0, "2": 1555.0, "3": 1244.0, "4": 1282.0, "5": 1793.7251695062523}, "reward": 0.0, "annotation": ""}