{"rc-position-target": {"height": 3.500000000000003, "distance": 6.499999999999995, "heading": 22.5, "wrist_angle": -67.5, "wrist_rotation": 70.43013342329411, "gripper": 47.084988699583185}, "rc-angle-target": {"0": 112.5, "1": 95.0, "2": 93.0, "3": 66.0, "4": 70.43013342329411}, "rc-pulse-target": {"0": 1790.0, "1": 1515.0, "2": 1533.0, "3": 1233.0, "4": 1282.0, "5": 1793.7251695062523}, "reward": 0.0, "annotation": ""}