{"rc-position-target": {"height": 2.7000000000000024, "distance": 7.299999999999992, "heading": 34.5, "wrist_angle": -79.5, "wrist_rotation": 70.43013342329411, "gripper": 47.084988699583185}, "rc-angle-target": {"0": 124.5, "1": 84.0, "2": 89.0, "3": 60.0, "4": 70.43013342329411}, "rc-pulse-target": {"0": 1923.0, "1": 1393.0, "2": 1488.0, "3": 1166.0, "4": 1282.0, "5": 1793.7251695062523}, "reward": 0.0, "annotation": ""}