{"rc-position-target": {"height": 2.8000000000000025, "distance": 7.199999999999992, "heading": 33.0, "wrist_angle": -78.0, "wrist_rotation": 70.43013342329411, "gripper": 47.084988699583185}, "rc-angle-target": {"0": 123.0, "1": 85.0, "2": 90.0, "3": 61.0, "4": 70.43013342329411}, "rc-pulse-target": {"0": 1906.0, "1": 1404.0, "2": 1500.0, "3": 1177.0, "4": 1282.0, "5": 1793.7251695062523}, "reward": 0.0, "annotation": ""}