{"rc-position-target": {"height": 2.100000000000002, "distance": 7.89999999999999, "heading": 43.5, "wrist_angle": -79.92083693228054, "wrist_rotation": 70.43013342329411, "gripper": 47.084988699583185}, "rc-angle-target": {"0": 133.5, "1": 75.0, "2": 85.0, "3": 64.0, "4": 70.43013342329411}, "rc-pulse-target": {"0": 2023.0, "1": 1293.0, "2": 1444.0, "3": 1211.0, "4": 1282.0, "5": 1793.7251695062523}, "reward": 0.0, "annotation": ""}