{"rc-position-target": {"height": 2.6000000000000023, "distance": 7.3999999999999915, "heading": 36.0, "wrist_angle": -79.92083693228054, "wrist_rotation": 70.43013342329411, "gripper": 47.084988699583185}, "rc-angle-target": {"0": 126.0, "1": 82.0, "2": 88.0, "3": 60.0, "4": 70.43013342329411}, "rc-pulse-target": {"0": 1940.0, "1": 1371.0, "2": 1477.0, "3": 1166.0, "4": 1282.0, "5": 1793.7251695062523}, "reward": 0.0, "annotation": ""}