{"rc-position-target": {"height": 2.300000000000002, "distance": 7.69999999999999, "heading": 40.5, "wrist_angle": -79.92083693228054, "wrist_rotation": 70.43013342329411, "gripper": 47.084988699583185}, "rc-angle-target": {"0": 130.5, "1": 78.0, "2": 86.0, "3": 62.0, "4": 70.43013342329411}, "rc-pulse-target": {"0": 1990.0, "1": 1326.0, "2": 1455.0, "3": 1188.0, "4": 1282.0, "5": 1793.7251695062523}, "reward": 0.0, "annotation": ""}