{"rc-position-target": {"height": 3.0000000000000027, "distance": 6.999999999999993, "heading": 30.0, "wrist_angle": -75.0, "wrist_rotation": 70.43013342329411, "gripper": 47.084988699583185}, "rc-angle-target": {"0": 120.0, "1": 88.0, "2": 91.0, "3": 62.0, "4": 70.43013342329411}, "rc-pulse-target": {"0": 1873.0, "1": 1437.0, "2": 1511.0, "3": 1188.0, "4": 1282.0, "5": 1793.7251695062523}, "reward": 0.0, "annotation": ""}