{"rc-position-target": {"height": 2.9000000000000026, "distance": 7.0999999999999925, "heading": 31.5, "wrist_angle": -76.5, "wrist_rotation": 70.43013342329411, "gripper": 47.084988699583185}, "rc-angle-target": {"0": 121.5, "1": 87.0, "2": 90.0, "3": 62.0, "4": 70.43013342329411}, "rc-pulse-target": {"0": 1890.0, "1": 1426.0, "2": 1500.0, "3": 1188.0, "4": 1282.0, "5": 1793.7251695062523}, "reward": 0.0, "annotation": ""}