{"rc-position-target": {"height": 2.500000000000002, "distance": 7.499999999999991, "heading": 37.5, "wrist_angle": -79.92083693228054, "wrist_rotation": 70.43013342329411, "gripper": 47.084988699583185}, "rc-angle-target": {"0": 127.5, "1": 81.0, "2": 88.0, "3": 61.0, "4": 70.43013342329411}, "rc-pulse-target": {"0": 1956.0, "1": 1360.0, "2": 1477.0, "3": 1177.0, "4": 1282.0, "5": 1793.7251695062523}, "reward": 0.0, "annotation": ""}