{"rc-position-target": {"height": 2.400000000000002, "distance": 7.599999999999991, "heading": 39.0, "wrist_angle": -79.92083693228054, "wrist_rotation": 70.43013342329411, "gripper": 47.084988699583185}, "rc-angle-target": {"0": 129.0, "1": 80.0, "2": 87.0, "3": 62.0, "4": 70.43013342329411}, "rc-pulse-target": {"0": 1973.0, "1": 1348.0, "2": 1466.0, "3": 1188.0, "4": 1282.0, "5": 1793.7251695062523}, "reward": 0.0, "annotation": ""}