{"rc-position-target": {"height": 1.8251926355218768, "distance": 8.699999999999987, "heading": 55.5, "wrist_angle": -79.92083693228054, "wrist_rotation": 70.43013342329411, "gripper": 47.084988699583185}, "rc-angle-target": {"0": 145.5, "1": 67.0, "2": 76.0, "3": 64.0, "4": 70.43013342329411}, "rc-pulse-target": {"0": 2156.0, "1": 1204.0, "2": 1344.0, "3": 1211.0, "4": 1282.0, "5": 1793.7251695062523}, "reward": 0.0, "annotation": ""}