{"rc-position-target": {"height": 2.0000000000000018, "distance": 7.999999999999989, "heading": 45.0, "wrist_angle": -79.92083693228054, "wrist_rotation": 70.43013342329411, "gripper": 47.084988699583185}, "rc-angle-target": {"0": 135.0, "1": 74.0, "2": 84.0, "3": 64.0, "4": 70.43013342329411}, "rc-pulse-target": {"0": 2040.0, "1": 1282.0, "2": 1433.0, "3": 1211.0, "4": 1282.0, "5": 1793.7251695062523}, "reward": 0.0, "annotation": ""}