{"rc-position-target": {"height": 1.8251926355218768, "distance": 8.799999999999986, "heading": 57.0, "wrist_angle": -79.92083693228054, "wrist_rotation": 70.43013342329411, "gripper": 47.084988699583185}, "rc-angle-target": {"0": 147.0, "1": 66.0, "2": 75.0, "3": 63.0, "4": 70.43013342329411}, "rc-pulse-target": {"0": 2173.0, "1": 1193.0, "2": 1333.0, "3": 1200.0, "4": 1282.0, "5": 1793.7251695062523}, "reward": 0.0, "annotation": ""}