{"rc-position-target": {"height": 1.8251926355218768, "distance": 8.399999999999988, "heading": 51.0, "wrist_angle": -79.92083693228054, "wrist_rotation": 70.43013342329411, "gripper": 47.084988699583185}, "rc-angle-target": {"0": 141.0, "1": 70.0, "2": 80.0, "3": 65.0, "4": 70.43013342329411}, "rc-pulse-target": {"0": 2106.0, "1": 1237.0, "2": 1388.0, "3": 1222.0, "4": 1282.0, "5": 1793.7251695062523}, "reward": 0.0, "annotation": ""}