{"rc-position-target": {"height": 1.8251926355218768, "distance": 8.899999999999986, "heading": 58.5, "wrist_angle": -79.92083693228054, "wrist_rotation": 70.43013342329411, "gripper": 47.084988699583185}, "rc-angle-target": {"0": 148.5, "1": 65.0, "2": 74.0, "3": 63.0, "4": 70.43013342329411}, "rc-pulse-target": {"0": 2190.0, "1": 1182.0, "2": 1322.0, "3": 1200.0, "4": 1282.0, "5": 1793.7251695062523}, "reward": 0.0, "annotation": ""}