{"rc-position-target": {"height": 1.8251926355218768, "distance": 8.599999999999987, "heading": 54.0, "wrist_angle": -79.92083693228054, "wrist_rotation": 70.43013342329411, "gripper": 47.084988699583185}, "rc-angle-target": {"0": 144.0, "1": 68.0, "2": 77.0, "3": 64.0, "4": 70.43013342329411}, "rc-pulse-target": {"0": 2140.0, "1": 1215.0, "2": 1355.0, "3": 1211.0, "4": 1282.0, "5": 1793.7251695062523}, "reward": 0.0, "annotation": ""}