{"rc-position-target": {"height": 1.9000000000000017, "distance": 8.099999999999989, "heading": 46.5, "wrist_angle": -79.92083693228054, "wrist_rotation": 70.43013342329411, "gripper": 47.084988699583185}, "rc-angle-target": {"0": 136.5, "1": 73.0, "2": 83.0, "3": 65.0, "4": 70.43013342329411}, "rc-pulse-target": {"0": 2056.0, "1": 1271.0, "2": 1422.0, "3": 1222.0, "4": 1282.0, "5": 1793.7251695062523}, "reward": 0.0, "annotation": ""}