{"rc-position-target": {"height": 1.837462982235384, "distance": 8.600161012186774, "heading": 73.5, "wrist_angle": -73.92083693228054, "wrist_rotation": 72.43013342329411, "gripper": 37.88402749798653}, "rc-angle-target": {"0": 163.5, "1": 68.0, "2": 77.0, "3": 70.0, "4": 72.43013342329411}, "rc-pulse-target": {"0": 2356.0, "1": 1215.0, "2": 1355.0, "3": 1277.0, "4": 1304.0, "5": 1931.739587530202}, "reward": 0.0, "annotation": ""}