{"rc-position-target": {"height": 1.837462982235384, "distance": 8.400161012186775, "heading": 70.5, "wrist_angle": -70.92083693228054, "wrist_rotation": 73.43013342329411, "gripper": 37.88402749798653}, "rc-angle-target": {"0": 160.5, "1": 70.0, "2": 80.0, "3": 74.0, "4": 73.43013342329411}, "rc-pulse-target": {"0": 2323.0, "1": 1237.0, "2": 1388.0, "3": 1322.0, "4": 1315.0, "5": 1931.739587530202}, "reward": 0.0, "annotation": ""}