{"rc-position-target": {"height": 1.837462982235384, "distance": 8.800161012186773, "heading": 76.5, "wrist_angle": -76.92083693228054, "wrist_rotation": 71.43013342329411, "gripper": 37.88402749798653}, "rc-angle-target": {"0": 166.5, "1": 66.0, "2": 75.0, "3": 66.0, "4": 71.43013342329411}, "rc-pulse-target": {"0": 2390.0, "1": 1193.0, "2": 1333.0, "3": 1233.0, "4": 1293.0, "5": 1931.739587530202}, "reward": 0.0, "annotation": ""}