{"rc-position-target": {"height": 1.837462982235384, "distance": 8.500161012186775, "heading": 72.0, "wrist_angle": -72.42083693228054, "wrist_rotation": 72.93013342329411, "gripper": 37.88402749798653}, "rc-angle-target": {"0": 162.0, "1": 69.0, "2": 79.0, "3": 72.0, "4": 72.93013342329411}, "rc-pulse-target": {"0": 2340.0, "1": 1226.0, "2": 1377.0, "3": 1300.0, "4": 1310.0, "5": 1931.739587530202}, "reward": 0.0, "annotation": ""}