{"rc-position-target": {"height": 1.837462982235384, "distance": 8.700161012186774, "heading": 75.0, "wrist_angle": -75.42083693228054, "wrist_rotation": 71.93013342329411, "gripper": 37.88402749798653}, "rc-angle-target": {"0": 165.0, "1": 67.0, "2": 76.0, "3": 68.0, "4": 71.93013342329411}, "rc-pulse-target": {"0": 2373.0, "1": 1204.0, "2": 1344.0, "3": 1255.0, "4": 1299.0, "5": 1931.739587530202}, "reward": 0.0, "annotation": ""}