{"rc-position-target": {"height": 1.837462982235384, "distance": 8.900161012186773, "heading": 78.0, "wrist_angle": -78.42083693228054, "wrist_rotation": 70.93013342329411, "gripper": 42.084988699583185}, "rc-angle-target": {"0": 168.0, "1": 65.0, "2": 74.0, "3": 65.0, "4": 70.93013342329411}, "rc-pulse-target": {"0": 2406.0, "1": 1182.0, "2": 1322.0, "3": 1222.0, "4": 1288.0, "5": 1868.7251695062523}, "reward": 0.0, "annotation": ""}