{"rc-position-target": {"height": 1.837462982235384, "distance": 7.700161012186777, "heading": 60.0, "wrist_angle": -62.96136217123147, "wrist_rotation": 76.93013342329411, "gripper": 37.88402749798653}, "rc-angle-target": {"0": 150.0, "1": 76.0, "2": 87.0, "3": 83.0, "4": 76.93013342329411}, "rc-pulse-target": {"0": 2206.0, "1": 1304.0, "2": 1466.0, "3": 1422.0, "4": 1354.0, "5": 1931.739587530202}, "reward": 0.0, "annotation": ""}