{"rc-position-target": {"height": 1.837462982235384, "distance": 7.800161012186777, "heading": 61.5, "wrist_angle": -62.96136217123147, "wrist_rotation": 76.43013342329411, "gripper": 37.88402749798653}, "rc-angle-target": {"0": 151.5, "1": 75.0, "2": 86.0, "3": 83.0, "4": 76.43013342329411}, "rc-pulse-target": {"0": 2223.0, "1": 1293.0, "2": 1455.0, "3": 1422.0, "4": 1349.0, "5": 1931.739587530202}, "reward": 0.0, "annotation": ""}