{"rc-position-target": {"height": 1.837462982235384, "distance": 8.300161012186775, "heading": 69.0, "wrist_angle": -69.42083693228054, "wrist_rotation": 73.93013342329411, "gripper": 37.88402749798653}, "rc-angle-target": {"0": 159.0, "1": 71.0, "2": 81.0, "3": 75.0, "4": 73.93013342329411}, "rc-pulse-target": {"0": 2306.0, "1": 1248.0, "2": 1400.0, "3": 1333.0, "4": 1321.0, "5": 1931.739587530202}, "reward": 0.0, "annotation": ""}