{"rc-position-target": {"height": 1.837462982235384, "distance": 7.600161012186778, "heading": 58.5, "wrist_angle": -62.96136217123147, "wrist_rotation": 77.43013342329411, "gripper": 37.88402749798653}, "rc-angle-target": {"0": 148.5, "1": 77.0, "2": 89.0, "3": 83.0, "4": 77.43013342329411}, "rc-pulse-target": {"0": 2190.0, "1": 1315.0, "2": 1488.0, "3": 1422.0, "4": 1360.0, "5": 1931.739587530202}, "reward": 0.0, "annotation": ""}