{"rc-position-target": {"height": 1.837462982235384, "distance": 7.900161012186777, "heading": 63.0, "wrist_angle": -63.42083693228054, "wrist_rotation": 75.93013342329411, "gripper": 37.88402749798653}, "rc-angle-target": {"0": 153.0, "1": 74.0, "2": 85.0, "3": 82.0, "4": 75.93013342329411}, "rc-pulse-target": {"0": 2240.0, "1": 1282.0, "2": 1444.0, "3": 1411.0, "4": 1343.0, "5": 1931.739587530202}, "reward": 0.0, "annotation": ""}