{"rc-position-target": {"height": 1.837462982235384, "distance": 7.500161012186778, "heading": 57.0, "wrist_angle": -62.96136217123147, "wrist_rotation": 77.85432247086419, "gripper": 37.88402749798653}, "rc-angle-target": {"0": 147.0, "1": 78.0, "2": 90.0, "3": 83.0, "4": 77.85432247086419}, "rc-pulse-target": {"0": 2173.0, "1": 1326.0, "2": 1500.0, "3": 1422.0, "4": 1365.0, "5": 1931.739587530202}, "reward": 0.0, "annotation": ""}