{"rc-position-target": {"height": 1.837462982235384, "distance": 8.000161012186776, "heading": 64.5, "wrist_angle": -64.92083693228054, "wrist_rotation": 75.43013342329411, "gripper": 37.88402749798653}, "rc-angle-target": {"0": 154.5, "1": 73.0, "2": 84.0, "3": 81.0, "4": 75.43013342329411}, "rc-pulse-target": {"0": 2256.0, "1": 1271.0, "2": 1433.0, "3": 1400.0, "4": 1338.0, "5": 1931.739587530202}, "reward": 0.0, "annotation": ""}