{"rc-position-target": {"height": 1.837462982235384, "distance": 8.200161012186776, "heading": 67.5, "wrist_angle": -67.92083693228054, "wrist_rotation": 74.43013342329411, "gripper": 37.88402749798653}, "rc-angle-target": {"0": 157.5, "1": 71.0, "2": 82.0, "3": 77.0, "4": 74.43013342329411}, "rc-pulse-target": {"0": 2290.0, "1": 1248.0, "2": 1411.0, "3": 1355.0, "4": 1327.0, "5": 1931.739587530202}, "reward": 0.0, "annotation": ""}