{"rc-position-target": {"height": 1.837462982235384, "distance": 8.100161012186776, "heading": 66.0, "wrist_angle": -66.42083693228054, "wrist_rotation": 74.93013342329411, "gripper": 37.88402749798653}, "rc-angle-target": {"0": 156.0, "1": 72.0, "2": 83.0, "3": 79.0, "4": 74.93013342329411}, "rc-pulse-target": {"0": 2273.0, "1": 1260.0, "2": 1422.0, "3": 1377.0, "4": 1332.0, "5": 1931.739587530202}, "reward": 0.0, "annotation": ""}