{"rc-position-target": {"height": 1.5017427308550326, "distance": 6.833258422733623, "heading": 12.0, "wrist_angle": -55.46136217123147, "wrist_rotation": 80.06727272401328, "gripper": 44.491403880180414}, "rc-angle-target": {"0": 102.0, "1": 82.0, "2": 98.0, "3": 95.0, "4": 80.06727272401328}, "rc-pulse-target": {"0": 1673.0, "1": 1371.0, "2": 1588.0, "3": 1555.0, "4": 1389.0, "5": 1832.628941797294}, "reward": 0.0, "annotation": ""}