{"rc-position-target": {"height": 1.637462982235384, "distance": 7.133258422733622, "heading": 7.5, "wrist_angle": -59.96136217123147, "wrist_rotation": 78.85432247086419, "gripper": 44.491403880180414}, "rc-angle-target": {"0": 97.5, "1": 80.0, "2": 94.0, "3": 89.0, "4": 78.85432247086419}, "rc-pulse-target": {"0": 1623.0, "1": 1348.0, "2": 1544.0, "3": 1488.0, "4": 1376.0, "5": 1832.628941797294}, "reward": 0.0, "annotation": ""}