{"rc-position-target": {"height": 1.837462982235384, "distance": 7.333258422733621, "heading": 4.5, "wrist_angle": -62.96136217123147, "wrist_rotation": 77.85432247086419, "gripper": 37.88402749798653}, "rc-angle-target": {"0": 94.5, "1": 79.0, "2": 91.0, "3": 84.0, "4": 77.85432247086419}, "rc-pulse-target": {"0": 1590.0, "1": 1337.0, "2": 1511.0, "3": 1433.0, "4": 1365.0, "5": 1931.739587530202}, "reward": 0.0, "annotation": ""}