{"rc-position-target": {"height": 1.737462982235384, "distance": 7.233258422733622, "heading": 6.0, "wrist_angle": -61.46136217123147, "wrist_rotation": 78.35432247086419, "gripper": 42.88402749798653}, "rc-angle-target": {"0": 96.0, "1": 80.0, "2": 93.0, "3": 86.0, "4": 78.35432247086419}, "rc-pulse-target": {"0": 1606.0, "1": 1348.0, "2": 1533.0, "3": 1455.0, "4": 1370.0, "5": 1856.739587530202}, "reward": 0.0, "annotation": ""}