{"rc-position-target": {"height": 1.5017427308550326, "distance": 6.933258422733623, "heading": 10.5, "wrist_angle": -56.96136217123147, "wrist_rotation": 79.85432247086419, "gripper": 44.491403880180414}, "rc-angle-target": {"0": 100.5, "1": 81.0, "2": 96.0, "3": 93.0, "4": 79.85432247086419}, "rc-pulse-target": {"0": 1656.0, "1": 1360.0, "2": 1566.0, "3": 1533.0, "4": 1387.0, "5": 1832.628941797294}, "reward": 0.0, "annotation": ""}