{"rc-position-target": {"height": 1.5374629822353838, "distance": 7.033258422733622, "heading": 9.0, "wrist_angle": -58.46136217123147, "wrist_rotation": 79.35432247086419, "gripper": 44.491403880180414}, "rc-angle-target": {"0": 99.0, "1": 80.0, "2": 95.0, "3": 91.0, "4": 79.35432247086419}, "rc-pulse-target": {"0": 1640.0, "1": 1348.0, "2": 1555.0, "3": 1511.0, "4": 1381.0, "5": 1832.628941797294}, "reward": 0.0, "annotation": ""}