{"rc-position-target": {"height": 1.5017427308550326, "distance": 6.733258422733623, "heading": 13.5, "wrist_angle": -53.96136217123147, "wrist_rotation": 80.06727272401328, "gripper": 44.491403880180414}, "rc-angle-target": {"0": 103.5, "1": 83.0, "2": 99.0, "3": 96.0, "4": 80.06727272401328}, "rc-pulse-target": {"0": 1690.0, "1": 1382.0, "2": 1600.0, "3": 1566.0, "4": 1389.0, "5": 1832.628941797294}, "reward": 0.0, "annotation": ""}