{"rc-position-target": {"height": 1.5017427308550326, "distance": 6.4332584227336245, "heading": 18.0, "wrist_angle": -49.46136217123147, "wrist_rotation": 80.06727272401328, "gripper": 44.491403880180414}, "rc-angle-target": {"0": 108.0, "1": 86.0, "2": 102.0, "3": 101.0, "4": 80.06727272401328}, "rc-pulse-target": {"0": 1740.0, "1": 1415.0, "2": 1633.0, "3": 1622.0, "4": 1389.0, "5": 1832.628941797294}, "reward": 0.0, "annotation": ""}