{"rc-position-target": {"height": 1.5017427308550326, "distance": 6.033258422733626, "heading": 24.0, "wrist_angle": -43.46136217123147, "wrist_rotation": 80.06727272401328, "gripper": 44.491403880180414}, "rc-angle-target": {"0": 114.0, "1": 89.0, "2": 106.0, "3": 107.0, "4": 80.06727272401328}, "rc-pulse-target": {"0": 1806.0, "1": 1448.0, "2": 1677.0, "3": 1688.0, "4": 1389.0, "5": 1832.628941797294}, "reward": 0.0, "annotation": ""}