{"rc-position-target": {"height": 1.5017427308550326, "distance": 6.333258422733625, "heading": 19.5, "wrist_angle": -47.96136217123147, "wrist_rotation": 80.06727272401328, "gripper": 44.491403880180414}, "rc-angle-target": {"0": 109.5, "1": 87.0, "2": 103.0, "3": 103.0, "4": 80.06727272401328}, "rc-pulse-target": {"0": 1756.0, "1": 1426.0, "2": 1644.0, "3": 1644.0, "4": 1389.0, "5": 1832.628941797294}, "reward": 0.0, "annotation": ""}