{"rc-position-target": {"height": 1.5017427308550326, "distance": 5.933258422733626, "heading": 25.5, "wrist_angle": -41.96136217123147, "wrist_rotation": 80.06727272401328, "gripper": 44.491403880180414}, "rc-angle-target": {"0": 115.5, "1": 90.0, "2": 107.0, "3": 109.0, "4": 80.06727272401328}, "rc-pulse-target": {"0": 1823.0, "1": 1460.0, "2": 1688.0, "3": 1711.0, "4": 1389.0, "5": 1832.628941797294}, "reward": 0.0, "annotation": ""}