{"rc-position-target": {"height": 1.5017427308550326, "distance": 5.733258422733627, "heading": 28.5, "wrist_angle": -38.96136217123147, "wrist_rotation": 80.06727272401328, "gripper": 44.491403880180414}, "rc-angle-target": {"0": 118.5, "1": 92.0, "2": 109.0, "3": 112.0, "4": 80.06727272401328}, "rc-pulse-target": {"0": 1856.0, "1": 1482.0, "2": 1711.0, "3": 1744.0, "4": 1389.0, "5": 1832.628941797294}, "reward": 0.0, "annotation": ""}