{"rc-position-target": {"height": 1.5017427308550326, "distance": 6.533258422733624, "heading": 16.5, "wrist_angle": -50.96136217123147, "wrist_rotation": 80.06727272401328, "gripper": 44.491403880180414}, "rc-angle-target": {"0": 106.5, "1": 85.0, "2": 101.0, "3": 100.0, "4": 80.06727272401328}, "rc-pulse-target": {"0": 1723.0, "1": 1404.0, "2": 1622.0, "3": 1611.0, "4": 1389.0, "5": 1832.628941797294}, "reward": 0.0, "annotation": ""}