{"rc-position-target": {"height": 1.5017427308550326, "distance": 6.1332584227336255, "heading": 22.5, "wrist_angle": -44.96136217123147, "wrist_rotation": 80.06727272401328, "gripper": 44.491403880180414}, "rc-angle-target": {"0": 112.5, "1": 88.0, "2": 105.0, "3": 106.0, "4": 80.06727272401328}, "rc-pulse-target": {"0": 1790.0, "1": 1437.0, "2": 1666.0, "3": 1677.0, "4": 1389.0, "5": 1832.628941797294}, "reward": 0.0, "annotation": ""}