{"rc-position-target": {"height": 1.5017427308550326, "distance": 6.233258422733625, "heading": 21.0, "wrist_angle": -46.46136217123147, "wrist_rotation": 80.06727272401328, "gripper": 44.491403880180414}, "rc-angle-target": {"0": 111.0, "1": 87.0, "2": 104.0, "3": 104.0, "4": 80.06727272401328}, "rc-pulse-target": {"0": 1773.0, "1": 1426.0, "2": 1655.0, "3": 1655.0, "4": 1389.0, "5": 1832.628941797294}, "reward": 0.0, "annotation": ""}