{"rc-position-target": {"height": 1.5017427308550326, "distance": 6.633258422733624, "heading": 15.0, "wrist_angle": -52.46136217123147, "wrist_rotation": 80.06727272401328, "gripper": 44.491403880180414}, "rc-angle-target": {"0": 105.0, "1": 84.0, "2": 100.0, "3": 98.0, "4": 80.06727272401328}, "rc-pulse-target": {"0": 1706.0, "1": 1393.0, "2": 1611.0, "3": 1588.0, "4": 1389.0, "5": 1832.628941797294}, "reward": 0.0, "annotation": ""}