{"rc-position-target": {"height": 1.5017427308550326, "distance": 5.833258422733627, "heading": 27.0, "wrist_angle": -40.46136217123147, "wrist_rotation": 80.06727272401328, "gripper": 44.491403880180414}, "rc-angle-target": {"0": 117.0, "1": 91.0, "2": 108.0, "3": 110.0, "4": 80.06727272401328}, "rc-pulse-target": {"0": 1840.0, "1": 1471.0, "2": 1700.0, "3": 1722.0, "4": 1389.0, "5": 1832.628941797294}, "reward": 0.0, "annotation": ""}