{"rc-position-target": {"height": 1.5017427308550326, "distance": 5.333258422733628, "heading": 34.5, "wrist_angle": -32.96136217123147, "wrist_rotation": 80.06727272401328, "gripper": 44.491403880180414}, "rc-angle-target": {"0": 124.5, "1": 97.0, "2": 113.0, "3": 117.0, "4": 80.06727272401328}, "rc-pulse-target": {"0": 1923.0, "1": 1537.0, "2": 1755.0, "3": 1800.0, "4": 1389.0, "5": 1832.628941797294}, "reward": 0.0, "annotation": ""}