{"rc-position-target": {"height": 1.5017427308550326, "distance": 5.433258422733628, "heading": 33.0, "wrist_angle": -34.46136217123147, "wrist_rotation": 80.06727272401328, "gripper": 44.491403880180414}, "rc-angle-target": {"0": 123.0, "1": 96.0, "2": 112.0, "3": 116.0, "4": 80.06727272401328}, "rc-pulse-target": {"0": 1906.0, "1": 1526.0, "2": 1744.0, "3": 1788.0, "4": 1389.0, "5": 1832.628941797294}, "reward": 0.0, "annotation": ""}