{"rc-position-target": {"height": 1.5017427308550326, "distance": 5.0332584227336294, "heading": 39.0, "wrist_angle": -28.46136217123147, "wrist_rotation": 80.06727272401328, "gripper": 44.491403880180414}, "rc-angle-target": {"0": 129.0, "1": 100.0, "2": 115.0, "3": 121.0, "4": 80.06727272401328}, "rc-pulse-target": {"0": 1973.0, "1": 1571.0, "2": 1777.0, "3": 1844.0, "4": 1389.0, "5": 1832.628941797294}, "reward": 0.0, "annotation": ""}