{"rc-position-target": {"height": 1.5017427308550326, "distance": 4.7332584227336305, "heading": 43.5, "wrist_angle": -23.96136217123147, "wrist_rotation": 80.06727272401328, "gripper": 44.491403880180414}, "rc-angle-target": {"0": 133.5, "1": 104.0, "2": 118.0, "3": 125.0, "4": 80.06727272401328}, "rc-pulse-target": {"0": 2023.0, "1": 1615.0, "2": 1811.0, "3": 1888.0, "4": 1389.0, "5": 1832.628941797294}, "reward": 0.0, "annotation": ""}