{"rc-position-target": {"height": 1.5017427308550326, "distance": 4.83325842273363, "heading": 42.0, "wrist_angle": -25.46136217123147, "wrist_rotation": 80.06727272401328, "gripper": 44.491403880180414}, "rc-angle-target": {"0": 132.0, "1": 103.0, "2": 117.0, "3": 124.0, "4": 80.06727272401328}, "rc-pulse-target": {"0": 2006.0, "1": 1604.0, "2": 1800.0, "3": 1877.0, "4": 1389.0, "5": 1832.628941797294}, "reward": 0.0, "annotation": ""}