{"rc-position-target": {"height": 1.5017427308550326, "distance": 5.133258422733629, "heading": 37.5, "wrist_angle": -29.96136217123147, "wrist_rotation": 80.06727272401328, "gripper": 44.491403880180414}, "rc-angle-target": {"0": 127.5, "1": 99.0, "2": 114.0, "3": 120.0, "4": 80.06727272401328}, "rc-pulse-target": {"0": 1956.0, "1": 1560.0, "2": 1766.0, "3": 1833.0, "4": 1389.0, "5": 1832.628941797294}, "reward": 0.0, "annotation": ""}