{"rc-position-target": {"height": 1.5017427308550326, "distance": 5.533258422733628, "heading": 31.5, "wrist_angle": -35.96136217123147, "wrist_rotation": 80.06727272401328, "gripper": 44.491403880180414}, "rc-angle-target": {"0": 121.5, "1": 95.0, "2": 111.0, "3": 114.0, "4": 80.06727272401328}, "rc-pulse-target": {"0": 1890.0, "1": 1515.0, "2": 1733.0, "3": 1766.0, "4": 1389.0, "5": 1832.628941797294}, "reward": 0.0, "annotation": ""}