{"rc-position-target": {"height": 1.5017427308550326, "distance": 5.233258422733629, "heading": 36.0, "wrist_angle": -31.46136217123147, "wrist_rotation": 80.06727272401328, "gripper": 44.491403880180414}, "rc-angle-target": {"0": 126.0, "1": 98.0, "2": 113.0, "3": 119.0, "4": 80.06727272401328}, "rc-pulse-target": {"0": 1940.0, "1": 1548.0, "2": 1755.0, "3": 1822.0, "4": 1389.0, "5": 1832.628941797294}, "reward": 0.0, "annotation": ""}