{"rc-position-target": {"height": 1.5017427308550326, "distance": 5.633258422733627, "heading": 30.0, "wrist_angle": -37.46136217123147, "wrist_rotation": 80.06727272401328, "gripper": 44.491403880180414}, "rc-angle-target": {"0": 120.0, "1": 94.0, "2": 110.0, "3": 113.0, "4": 80.06727272401328}, "rc-pulse-target": {"0": 1873.0, "1": 1504.0, "2": 1722.0, "3": 1755.0, "4": 1389.0, "5": 1832.628941797294}, "reward": 0.0, "annotation": ""}