{"rc-position-target": {"height": 1.5017427308550326, "distance": 4.93325842273363, "heading": 40.5, "wrist_angle": -26.96136217123147, "wrist_rotation": 80.06727272401328, "gripper": 44.491403880180414}, "rc-angle-target": {"0": 130.5, "1": 101.0, "2": 116.0, "3": 123.0, "4": 80.06727272401328}, "rc-pulse-target": {"0": 1990.0, "1": 1582.0, "2": 1788.0, "3": 1866.0, "4": 1389.0, "5": 1832.628941797294}, "reward": 0.0, "annotation": ""}