{"rc-position-target": {"height": 1.5017427308550326, "distance": 4.133258422733633, "heading": 52.5, "wrist_angle": -14.961362171231471, "wrist_rotation": 80.06727272401328, "gripper": 44.491403880180414}, "rc-angle-target": {"0": 142.5, "1": 112.0, "2": 124.0, "3": 132.0, "4": 80.06727272401328}, "rc-pulse-target": {"0": 2123.0, "1": 1704.0, "2": 1877.0, "3": 1966.0, "4": 1389.0, "5": 1832.628941797294}, "reward": 0.0, "annotation": ""}