{"rc-position-target": {"height": 1.5017427308550326, "distance": 3.7734629517007137, "heading": 57.14982621332322, "wrist_angle": -13.840891278765596, "wrist_rotation": 80.06727272401328, "gripper": 44.491403880180414}, "rc-angle-target": {"0": 147.14982621332322, "1": 117.0, "2": 127.0, "3": 131.0, "4": 80.06727272401328}, "rc-pulse-target": {"0": 2174.0, "1": 1760.0, "2": 1911.0, "3": 1955.0, "4": 1389.0, "5": 1832.628941797294}, "reward": 0.0, "annotation": ""}