{"rc-position-target": {"height": 1.5017427308550326, "distance": 4.633258422733631, "heading": 45.0, "wrist_angle": -22.46136217123147, "wrist_rotation": 80.06727272401328, "gripper": 44.491403880180414}, "rc-angle-target": {"0": 135.0, "1": 105.0, "2": 119.0, "3": 126.0, "4": 80.06727272401328}, "rc-pulse-target": {"0": 2040.0, "1": 1626.0, "2": 1822.0, "3": 1900.0, "4": 1389.0, "5": 1832.628941797294}, "reward": 0.0, "annotation": ""}