{"rc-position-target": {"height": 1.5017427308550326, "distance": 4.033258422733633, "heading": 54.0, "wrist_angle": -13.840891278765596, "wrist_rotation": 80.06727272401328, "gripper": 44.491403880180414}, "rc-angle-target": {"0": 144.0, "1": 113.0, "2": 125.0, "3": 132.0, "4": 80.06727272401328}, "rc-pulse-target": {"0": 2140.0, "1": 1715.0, "2": 1888.0, "3": 1966.0, "4": 1389.0, "5": 1832.628941797294}, "reward": 0.0, "annotation": ""}