{"rc-position-target": {"height": 1.5017427308550326, "distance": 3.833258422733633, "heading": 57.0, "wrist_angle": -13.840891278765596, "wrist_rotation": 80.06727272401328, "gripper": 44.491403880180414}, "rc-angle-target": {"0": 147.0, "1": 116.0, "2": 127.0, "3": 131.0, "4": 80.06727272401328}, "rc-pulse-target": {"0": 2173.0, "1": 1748.0, "2": 1911.0, "3": 1955.0, "4": 1389.0, "5": 1832.628941797294}, "reward": 0.0, "annotation": ""}