{"rc-position-target": {"height": 1.5017427308550326, "distance": 3.933258422733633, "heading": 55.5, "wrist_angle": -13.840891278765596, "wrist_rotation": 80.06727272401328, "gripper": 44.491403880180414}, "rc-angle-target": {"0": 145.5, "1": 115.0, "2": 126.0, "3": 132.0, "4": 80.06727272401328}, "rc-pulse-target": {"0": 2156.0, "1": 1737.0, "2": 1900.0, "3": 1966.0, "4": 1389.0, "5": 1832.628941797294}, "reward": 0.0, "annotation": ""}