{"rc-position-target": {"height": 1.5017427308550326, "distance": 4.233258422733632, "heading": 51.0, "wrist_angle": -16.46136217123147, "wrist_rotation": 80.06727272401328, "gripper": 44.491403880180414}, "rc-angle-target": {"0": 141.0, "1": 110.0, "2": 123.0, "3": 131.0, "4": 80.06727272401328}, "rc-pulse-target": {"0": 2106.0, "1": 1682.0, "2": 1866.0, "3": 1955.0, "4": 1389.0, "5": 1832.628941797294}, "reward": 0.0, "annotation": ""}