{"rc-position-target": {"height": 1.5017427308550326, "distance": 4.533258422733631, "heading": 46.5, "wrist_angle": -20.96136217123147, "wrist_rotation": 80.06727272401328, "gripper": 44.491403880180414}, "rc-angle-target": {"0": 136.5, "1": 106.0, "2": 120.0, "3": 127.0, "4": 80.06727272401328}, "rc-pulse-target": {"0": 2056.0, "1": 1637.0, "2": 1833.0, "3": 1911.0, "4": 1389.0, "5": 1832.628941797294}, "reward": 0.0, "annotation": ""}