{"rc-position-target": {"height": 1.801742730855033, "distance": 4.073462951700714, "heading": 52.64982621332322, "wrist_angle": -18.340891278765596, "wrist_rotation": 78.56727272401328, "gripper": 29.491403880180414}, "rc-angle-target": {"0": 142.64982621332322, "1": 115.0, "2": 123.0, "3": 124.0, "4": 78.56727272401328}, "rc-pulse-target": {"0": 2124.0, "1": 1737.0, "2": 1866.0, "3": 1877.0, "4": 1372.0, "5": 2057.628941797294}, "reward": 0.0, "annotation": ""}