{"rc-position-target": {"height": 2.2017427308550332, "distance": 4.4734629517007125, "heading": 46.64982621332322, "wrist_angle": -24.340891278765596, "wrist_rotation": 76.56727272401328, "gripper": 9.491403880180414}, "rc-angle-target": {"0": 136.64982621332322, "1": 112.0, "2": 118.0, "3": 116.0, "4": 76.56727272401328}, "rc-pulse-target": {"0": 2058.0, "1": 1704.0, "2": 1811.0, "3": 1788.0, "4": 1350.0, "5": 2357.628941797294}, "reward": 0.0, "annotation": ""}