{"rc-position-target": {"height": 2.001742730855033, "distance": 4.273462951700713, "heading": 49.64982621332322, "wrist_angle": -21.340891278765596, "wrist_rotation": 77.56727272401328, "gripper": 19.491403880180414}, "rc-angle-target": {"0": 139.64982621332322, "1": 114.0, "2": 121.0, "3": 120.0, "4": 77.56727272401328}, "rc-pulse-target": {"0": 2091.0, "1": 1726.0, "2": 1844.0, "3": 1833.0, "4": 1361.0, "5": 2207.628941797294}, "reward": 0.0, "annotation": ""}