{"rc-position-target": {"height": 2.5017427308550335, "distance": 4.773462951700711, "heading": 42.14982621332322, "wrist_angle": -28.840891278765596, "wrist_rotation": 75.06727272401328, "gripper": 9.024389309505288}, "rc-angle-target": {"0": 132.14982621332322, "1": 110.0, "2": 114.0, "3": 110.0, "4": 75.06727272401328}, "rc-pulse-target": {"0": 2008.0, "1": 1682.0, "2": 1766.0, "3": 1722.0, "4": 1334.0, "5": 2364.6341603574206}, "reward": 0.0, "annotation": ""}