{"rc-position-target": {"height": 2.101742730855033, "distance": 4.373462951700713, "heading": 48.14982621332322, "wrist_angle": -22.840891278765596, "wrist_rotation": 77.06727272401328, "gripper": 14.491403880180414}, "rc-angle-target": {"0": 138.14982621332322, "1": 113.0, "2": 119.0, "3": 118.0, "4": 77.06727272401328}, "rc-pulse-target": {"0": 2074.0, "1": 1715.0, "2": 1822.0, "3": 1811.0, "4": 1356.0, "5": 2282.628941797294}, "reward": 0.0, "annotation": ""}