{"rc-position-target": {"height": 1.901742730855033, "distance": 4.173462951700714, "heading": 51.14982621332322, "wrist_angle": -19.840891278765596, "wrist_rotation": 78.06727272401328, "gripper": 24.491403880180414}, "rc-angle-target": {"0": 141.14982621332322, "1": 114.0, "2": 122.0, "3": 122.0, "4": 78.06727272401328}, "rc-pulse-target": {"0": 2108.0, "1": 1726.0, "2": 1855.0, "3": 1855.0, "4": 1367.0, "5": 2132.628941797294}, "reward": 0.0, "annotation": ""}