{"rc-position-target": {"height": 1.6017427308550327, "distance": 3.8734629517007138, "heading": 55.64982621332322, "wrist_angle": -15.340891278765596, "wrist_rotation": 79.56727272401328, "gripper": 39.491403880180414}, "rc-angle-target": {"0": 145.64982621332322, "1": 116.0, "2": 126.0, "3": 129.0, "4": 79.56727272401328}, "rc-pulse-target": {"0": 2158.0, "1": 1748.0, "2": 1900.0, "3": 1933.0, "4": 1384.0, "5": 1907.628941797294}, "reward": 0.0, "annotation": ""}