{"rc-position-target": {"height": 1.7017427308550328, "distance": 3.973462951700714, "heading": 54.14982621332322, "wrist_angle": -16.840891278765596, "wrist_rotation": 79.06727272401328, "gripper": 34.491403880180414}, "rc-angle-target": {"0": 144.14982621332322, "1": 116.0, "2": 125.0, "3": 127.0, "4": 79.06727272401328}, "rc-pulse-target": {"0": 2141.0, "1": 1748.0, "2": 1888.0, "3": 1911.0, "4": 1378.0, "5": 1982.628941797294}, "reward": 0.0, "annotation": ""}