{"rc-position-target": {"height": 2.4017427308550334, "distance": 4.673462951700712, "heading": 43.64982621332322, "wrist_angle": -27.340891278765596, "wrist_rotation": 75.56727272401328, "gripper": 9.024389309505288}, "rc-angle-target": {"0": 133.64982621332322, "1": 111.0, "2": 115.0, "3": 112.0, "4": 75.56727272401328}, "rc-pulse-target": {"0": 2024.0, "1": 1693.0, "2": 1777.0, "3": 1744.0, "4": 1339.0, "5": 2364.6341603574206}, "reward": 0.0, "annotation": ""}