{"rc-position-target": {"height": 2.3017427308550333, "distance": 4.573462951700712, "heading": 45.14982621332322, "wrist_angle": -25.840891278765596, "wrist_rotation": 76.06727272401328, "gripper": 9.024389309505288}, "rc-angle-target": {"0": 135.14982621332322, "1": 111.0, "2": 117.0, "3": 114.0, "4": 76.06727272401328}, "rc-pulse-target": {"0": 2041.0, "1": 1693.0, "2": 1800.0, "3": 1766.0, "4": 1345.0, "5": 2364.6341603574206}, "reward": 0.0, "annotation": ""}