{"rc-position-target": {"height": 2.901742730855034, "distance": 5.17346295170071, "heading": 36.14982621332322, "wrist_angle": -34.840891278765596, "wrist_rotation": 73.06727272401328, "gripper": 9.024389309505288}, "rc-angle-target": {"0": 126.14982621332322, "1": 107.0, "2": 109.0, "3": 101.0, "4": 73.06727272401328}, "rc-pulse-target": {"0": 1941.0, "1": 1648.0, "2": 1711.0, "3": 1622.0, "4": 1311.0, "5": 2364.6341603574206}, "reward": 0.0, "annotation": ""}