{"rc-position-target": {"height": 3.5017427308550344, "distance": 5.773462951700708, "heading": 27.149826213323223, "wrist_angle": -43.840891278765596, "wrist_rotation": 70.06727272401328, "gripper": 9.024389309505288}, "rc-angle-target": {"0": 117.14982621332322, "1": 103.0, "2": 100.0, "3": 88.0, "4": 70.06727272401328}, "rc-pulse-target": {"0": 1841.0, "1": 1604.0, "2": 1611.0, "3": 1477.0, "4": 1278.0, "5": 2364.6341603574206}, "reward": 0.0, "annotation": ""}