{"rc-position-target": {"height": 3.3017427308550342, "distance": 5.573462951700709, "heading": 30.149826213323223, "wrist_angle": -40.840891278765596, "wrist_rotation": 71.06727272401328, "gripper": 9.024389309505288}, "rc-angle-target": {"0": 120.14982621332322, "1": 104.0, "2": 103.0, "3": 93.0, "4": 71.06727272401328}, "rc-pulse-target": {"0": 1874.0, "1": 1615.0, "2": 1644.0, "3": 1533.0, "4": 1289.0, "5": 2364.6341603574206}, "reward": 0.0, "annotation": ""}