{"rc-position-target": {"height": 2.7017427308550337, "distance": 4.973462951700711, "heading": 39.14982621332322, "wrist_angle": -31.840891278765596, "wrist_rotation": 74.06727272401328, "gripper": 9.024389309505288}, "rc-angle-target": {"0": 129.14982621332322, "1": 109.0, "2": 111.0, "3": 105.0, "4": 74.06727272401328}, "rc-pulse-target": {"0": 1974.0, "1": 1671.0, "2": 1733.0, "3": 1666.0, "4": 1322.0, "5": 2364.6341603574206}, "reward": 0.0, "annotation": ""}