{"rc-position-target": {"height": 3.001742730855034, "distance": 5.27346295170071, "heading": 34.64982621332322, "wrist_angle": -36.340891278765596, "wrist_rotation": 72.56727272401328, "gripper": 9.024389309505288}, "rc-angle-target": {"0": 124.64982621332322, "1": 106.0, "2": 107.0, "3": 99.0, "4": 72.56727272401328}, "rc-pulse-target": {"0": 1924.0, "1": 1637.0, "2": 1688.0, "3": 1600.0, "4": 1306.0, "5": 2364.6341603574206}, "reward": 0.0, "annotation": ""}