{"rc-position-target": {"height": 3.101742730855034, "distance": 5.373462951700709, "heading": 33.14982621332322, "wrist_angle": -37.840891278765596, "wrist_rotation": 72.06727272401328, "gripper": 9.024389309505288}, "rc-angle-target": {"0": 123.14982621332322, "1": 106.0, "2": 106.0, "3": 97.0, "4": 72.06727272401328}, "rc-pulse-target": {"0": 1908.0, "1": 1637.0, "2": 1677.0, "3": 1577.0, "4": 1300.0, "5": 2364.6341603574206}, "reward": 0.0, "annotation": ""}