{"rc-position-target": {"height": 2.6017427308550336, "distance": 4.873462951700711, "heading": 40.64982621332322, "wrist_angle": -30.340891278765596, "wrist_rotation": 74.56727272401328, "gripper": 9.024389309505288}, "rc-angle-target": {"0": 130.64982621332322, "1": 109.0, "2": 113.0, "3": 108.0, "4": 74.56727272401328}, "rc-pulse-target": {"0": 1991.0, "1": 1671.0, "2": 1755.0, "3": 1700.0, "4": 1328.0, "5": 2364.6341603574206}, "reward": 0.0, "annotation": ""}