{"rc-position-target": {"height": 2.801742730855034, "distance": 5.07346295170071, "heading": 37.64982621332322, "wrist_angle": -33.340891278765596, "wrist_rotation": 73.56727272401328, "gripper": 9.024389309505288}, "rc-angle-target": {"0": 127.64982621332322, "1": 108.0, "2": 110.0, "3": 103.0, "4": 73.56727272401328}, "rc-pulse-target": {"0": 1958.0, "1": 1660.0, "2": 1722.0, "3": 1644.0, "4": 1317.0, "5": 2364.6341603574206}, "reward": 0.0, "annotation": ""}