{"rc-position-target": {"height": 3.4017427308550343, "distance": 5.673462951700708, "heading": 28.649826213323223, "wrist_angle": -42.340891278765596, "wrist_rotation": 70.56727272401328, "gripper": 9.024389309505288}, "rc-angle-target": {"0": 118.64982621332322, "1": 103.0, "2": 102.0, "3": 90.0, "4": 70.56727272401328}, "rc-pulse-target": {"0": 1858.0, "1": 1604.0, "2": 1633.0, "3": 1500.0, "4": 1284.0, "5": 2364.6341603574206}, "reward": 0.0, "annotation": ""}