{"rc-position-target": {"height": 3.201742730855034, "distance": 5.473462951700709, "heading": 31.649826213323223, "wrist_angle": -39.340891278765596, "wrist_rotation": 71.56727272401328, "gripper": 9.024389309505288}, "rc-angle-target": {"0": 121.64982621332322, "1": 105.0, "2": 104.0, "3": 95.0, "4": 71.56727272401328}, "rc-pulse-target": {"0": 1891.0, "1": 1626.0, "2": 1655.0, "3": 1555.0, "4": 1295.0, "5": 2364.6341603574206}, "reward": 0.0, "annotation": ""}