{"rc-position-target": {"height": 4.0236478241683145, "distance": 6.473462951700705, "heading": 16.649826213323223, "wrist_angle": -54.340891278765596, "wrist_rotation": 66.56727272401328, "gripper": 9.024389309505288}, "rc-angle-target": {"0": 106.64982621332322, "1": 97.0, "2": 91.0, "3": 74.0, "4": 66.56727272401328}, "rc-pulse-target": {"0": 1724.0, "1": 1537.0, "2": 1511.0, "3": 1322.0, "4": 1239.0, "5": 2364.6341603574206}, "reward": 0.0, "annotation": ""}