{"rc-position-target": {"height": 4.0236478241683145, "distance": 6.373462951700706, "heading": 18.149826213323223, "wrist_angle": -52.840891278765596, "wrist_rotation": 67.06727272401328, "gripper": 9.024389309505288}, "rc-angle-target": {"0": 108.14982621332322, "1": 98.0, "2": 92.0, "3": 76.0, "4": 67.06727272401328}, "rc-pulse-target": {"0": 1741.0, "1": 1548.0, "2": 1522.0, "3": 1344.0, "4": 1245.0, "5": 2364.6341603574206}, "reward": 0.0, "annotation": ""}