{"rc-position-target": {"height": 3.6017427308550345, "distance": 5.8734629517007075, "heading": 25.649826213323223, "wrist_angle": -45.340891278765596, "wrist_rotation": 69.56727272401328, "gripper": 9.024389309505288}, "rc-angle-target": {"0": 115.64982621332322, "1": 102.0, "2": 99.0, "3": 86.0, "4": 69.56727272401328}, "rc-pulse-target": {"0": 1824.0, "1": 1593.0, "2": 1600.0, "3": 1455.0, "4": 1272.0, "5": 2364.6341603574206}, "reward": 0.0, "annotation": ""}