{"rc-position-target": {"height": 3.9017427308550348, "distance": 6.1734629517007065, "heading": 21.149826213323223, "wrist_angle": -49.840891278765596, "wrist_rotation": 68.06727272401328, "gripper": 9.024389309505288}, "rc-angle-target": {"0": 111.14982621332322, "1": 99.0, "2": 94.0, "3": 79.0, "4": 68.06727272401328}, "rc-pulse-target": {"0": 1774.0, "1": 1560.0, "2": 1544.0, "3": 1377.0, "4": 1256.0, "5": 2364.6341603574206}, "reward": 0.0, "annotation": ""}