{"rc-position-target": {"height": 3.7017427308550346, "distance": 5.973462951700707, "heading": 24.149826213323223, "wrist_angle": -46.840891278765596, "wrist_rotation": 69.06727272401328, "gripper": 9.024389309505288}, "rc-angle-target": {"0": 114.14982621332322, "1": 101.0, "2": 97.0, "3": 84.0, "4": 69.06727272401328}, "rc-pulse-target": {"0": 1808.0, "1": 1582.0, "2": 1577.0, "3": 1433.0, "4": 1267.0, "5": 2364.6341603574206}, "reward": 0.0, "annotation": ""}