{"rc-position-target": {"height": 4.0236478241683145, "distance": 6.573462951700705, "heading": 15.149826213323223, "wrist_angle": -55.840891278765596, "wrist_rotation": 66.06727272401328, "gripper": 9.024389309505288}, "rc-angle-target": {"0": 105.14982621332322, "1": 96.0, "2": 90.0, "3": 73.0, "4": 66.06727272401328}, "rc-pulse-target": {"0": 1708.0, "1": 1526.0, "2": 1500.0, "3": 1311.0, "4": 1234.0, "5": 2364.6341603574206}, "reward": 0.0, "annotation": ""}