{"rc-position-target": {"height": 3.8017427308550347, "distance": 6.073462951700707, "heading": 22.649826213323223, "wrist_angle": -48.340891278765596, "wrist_rotation": 68.56727272401328, "gripper": 9.024389309505288}, "rc-angle-target": {"0": 112.64982621332322, "1": 100.0, "2": 96.0, "3": 82.0, "4": 68.56727272401328}, "rc-pulse-target": {"0": 1791.0, "1": 1571.0, "2": 1566.0, "3": 1411.0, "4": 1261.0, "5": 2364.6341603574206}, "reward": 0.0, "annotation": ""}