{"rc-position-target": {"height": 4.001742730855034, "distance": 6.273462951700706, "heading": 19.649826213323223, "wrist_angle": -51.340891278765596, "wrist_rotation": 67.56727272401328, "gripper": 9.024389309505288}, "rc-angle-target": {"0": 109.64982621332322, "1": 99.0, "2": 93.0, "3": 77.0, "4": 67.56727272401328}, "rc-pulse-target": {"0": 1758.0, "1": 1560.0, "2": 1533.0, "3": 1355.0, "4": 1250.0, "5": 2364.6341603574206}, "reward": 0.0, "annotation": ""}