{"rc-position-target": {"height": 4.0236478241683145, "distance": 6.673462951700705, "heading": 14.948839201942022, "wrist_angle": -57.340891278765596, "wrist_rotation": 65.56727272401328, "gripper": 9.024389309505288}, "rc-angle-target": {"0": 104.94883920194202, "1": 95.0, "2": 89.0, "3": 72.0, "4": 65.56727272401328}, "rc-pulse-target": {"0": 1706.0, "1": 1515.0, "2": 1488.0, "3": 1300.0, "4": 1228.0, "5": 2364.6341603574206}, "reward": 0.0, "annotation": ""}