{"rc-position-target": {"height": 4.0236478241683145, "distance": 6.773462951700704, "heading": 14.948839201942022, "wrist_angle": -58.840891278765596, "wrist_rotation": 65.06727272401328, "gripper": 9.024389309505288}, "rc-angle-target": {"0": 104.94883920194202, "1": 93.0, "2": 88.0, "3": 70.0, "4": 65.06727272401328}, "rc-pulse-target": {"0": 1706.0, "1": 1493.0, "2": 1477.0, "3": 1277.0, "4": 1222.0, "5": 2364.6341603574206}, "reward": 0.0, "annotation": ""}