{"rc-position-target": {"height": 4.123647824168314, "distance": 7.473462951700702, "heading": 16.44883920194202, "wrist_angle": -69.3408912787656, "wrist_rotation": 64.48734651687225, "gripper": 14.024389309505288}, "rc-angle-target": {"0": 106.44883920194202, "1": 87.0, "2": 80.0, "3": 59.0, "4": 64.48734651687225}, "rc-pulse-target": {"0": 1722.0, "1": 1426.0, "2": 1388.0, "3": 1155.0, "4": 1216.0, "5": 2289.6341603574206}, "reward": 0.0, "annotation": ""}