{"rc-position-target": {"height": 4.0236478241683145, "distance": 6.973462951700704, "heading": 14.948839201942022, "wrist_angle": -61.840891278765596, "wrist_rotation": 64.06727272401328, "gripper": 9.024389309505288}, "rc-angle-target": {"0": 104.94883920194202, "1": 91.0, "2": 86.0, "3": 67.0, "4": 64.06727272401328}, "rc-pulse-target": {"0": 1706.0, "1": 1471.0, "2": 1455.0, "3": 1244.0, "4": 1211.0, "5": 2364.6341603574206}, "reward": 0.0, "annotation": ""}