{"rc-position-target": {"height": 4.0236478241683145, "distance": 6.873462951700704, "heading": 14.948839201942022, "wrist_angle": -60.340891278765596, "wrist_rotation": 64.56727272401328, "gripper": 9.024389309505288}, "rc-angle-target": {"0": 104.94883920194202, "1": 92.0, "2": 87.0, "3": 69.0, "4": 64.56727272401328}, "rc-pulse-target": {"0": 1706.0, "1": 1482.0, "2": 1466.0, "3": 1266.0, "4": 1217.0, "5": 2364.6341603574206}, "reward": 0.0, "annotation": ""}