{"rc-position-target": {"height": 4.0236478241683145, "distance": 7.273462951700703, "heading": 14.948839201942022, "wrist_angle": -66.3408912787656, "wrist_rotation": 63.98734651687225, "gripper": 9.024389309505288}, "rc-angle-target": {"0": 104.94883920194202, "1": 88.0, "2": 83.0, "3": 63.0, "4": 63.98734651687225}, "rc-pulse-target": {"0": 1706.0, "1": 1437.0, "2": 1422.0, "3": 1200.0, "4": 1210.0, "5": 2364.6341603574206}, "reward": 0.0, "annotation": ""}