{"rc-position-target": {"height": 4.211875130611155, "distance": 7.373462951700702, "heading": 17.94883920194202, "wrist_angle": -67.8408912787656, "wrist_rotation": 64.98734651687225, "gripper": 19.02438930950529}, "rc-angle-target": {"0": 107.94883920194202, "1": 88.0, "2": 81.0, "3": 60.0, "4": 64.98734651687225}, "rc-pulse-target": {"0": 1739.0, "1": 1437.0, "2": 1400.0, "3": 1166.0, "4": 1222.0, "5": 2214.6341603574206}, "reward": 0.0, "annotation": ""}