{"rc-position-target": {"height": 4.0236478241683145, "distance": 7.5734629517007015, "heading": 14.948839201942022, "wrist_angle": -70.8408912787656, "wrist_rotation": 63.98734651687225, "gripper": 9.024389309505288}, "rc-angle-target": {"0": 104.94883920194202, "1": 86.0, "2": 80.0, "3": 58.0, "4": 63.98734651687225}, "rc-pulse-target": {"0": 1706.0, "1": 1415.0, "2": 1388.0, "3": 1144.0, "4": 1210.0, "5": 2364.6341603574206}, "reward": 0.0, "annotation": ""}