{"rc-position-target": {"height": 4.211875130611155, "distance": 6.973462951700704, "heading": 23.94883920194202, "wrist_angle": -61.840891278765596, "wrist_rotation": 66.98734651687225, "gripper": 39.02438930950529}, "rc-angle-target": {"0": 113.94883920194202, "1": 92.0, "2": 85.0, "3": 66.0, "4": 66.98734651687225}, "rc-pulse-target": {"0": 1806.0, "1": 1482.0, "2": 1444.0, "3": 1233.0, "4": 1244.0, "5": 1914.6341603574206}, "reward": 0.0, "annotation": ""}