{"rc-position-target": {"height": 4.211875130611155, "distance": 6.673462951700705, "heading": 28.44883920194202, "wrist_angle": -57.340891278765596, "wrist_rotation": 68.48734651687225, "gripper": 54.02438930950529}, "rc-angle-target": {"0": 118.44883920194202, "1": 95.0, "2": 88.0, "3": 70.0, "4": 68.48734651687225}, "rc-pulse-target": {"0": 1856.0, "1": 1515.0, "2": 1477.0, "3": 1277.0, "4": 1260.0, "5": 1689.6341603574206}, "reward": 0.0, "annotation": ""}