{"rc-position-target": {"height": 4.211875130611155, "distance": 6.473462951700705, "heading": 31.44883920194202, "wrist_angle": -54.340891278765596, "wrist_rotation": 69.48734651687225, "gripper": 64.0243893095053}, "rc-angle-target": {"0": 121.44883920194202, "1": 97.0, "2": 90.0, "3": 73.0, "4": 69.48734651687225}, "rc-pulse-target": {"0": 1889.0, "1": 1537.0, "2": 1500.0, "3": 1311.0, "4": 1272.0, "5": 1539.6341603574206}, "reward": 0.0, "annotation": ""}