{"rc-position-target": {"height": 4.211875130611155, "distance": 7.073462951700703, "heading": 22.44883920194202, "wrist_angle": -63.340891278765596, "wrist_rotation": 66.48734651687225, "gripper": 34.02438930950529}, "rc-angle-target": {"0": 112.44883920194202, "1": 91.0, "2": 84.0, "3": 64.0, "4": 66.48734651687225}, "rc-pulse-target": {"0": 1789.0, "1": 1471.0, "2": 1433.0, "3": 1211.0, "4": 1238.0, "5": 1989.6341603574206}, "reward": 0.0, "annotation": ""}