{"rc-position-target": {"height": 4.211875130611155, "distance": 7.273462951700703, "heading": 19.44883920194202, "wrist_angle": -66.3408912787656, "wrist_rotation": 65.48734651687225, "gripper": 24.02438930950529}, "rc-angle-target": {"0": 109.44883920194202, "1": 89.0, "2": 82.0, "3": 61.0, "4": 65.48734651687225}, "rc-pulse-target": {"0": 1756.0, "1": 1448.0, "2": 1411.0, "3": 1177.0, "4": 1227.0, "5": 2139.6341603574206}, "reward": 0.0, "annotation": ""}