{"rc-position-target": {"height": 4.211875130611155, "distance": 6.373462951700706, "heading": 32.94883920194202, "wrist_angle": -52.840891278765596, "wrist_rotation": 69.98734651687225, "gripper": 69.0243893095053}, "rc-angle-target": {"0": 122.94883920194202, "1": 98.0, "2": 91.0, "3": 74.0, "4": 69.98734651687225}, "rc-pulse-target": {"0": 1906.0, "1": 1548.0, "2": 1511.0, "3": 1322.0, "4": 1277.0, "5": 1464.6341603574206}, "reward": 0.0, "annotation": ""}