{"rc-position-target": {"height": 4.211875130611155, "distance": 6.773462951700704, "heading": 26.94883920194202, "wrist_angle": -58.840891278765596, "wrist_rotation": 67.98734651687225, "gripper": 49.02438930950529}, "rc-angle-target": {"0": 116.94883920194202, "1": 94.0, "2": 87.0, "3": 69.0, "4": 67.98734651687225}, "rc-pulse-target": {"0": 1839.0, "1": 1504.0, "2": 1466.0, "3": 1266.0, "4": 1255.0, "5": 1764.6341603574206}, "reward": 0.0, "annotation": ""}