{"rc-position-target": {"height": 4.211875130611155, "distance": 6.873462951700704, "heading": 25.44883920194202, "wrist_angle": -60.340891278765596, "wrist_rotation": 67.48734651687225, "gripper": 44.02438930950529}, "rc-angle-target": {"0": 115.44883920194202, "1": 93.0, "2": 86.0, "3": 67.0, "4": 67.48734651687225}, "rc-pulse-target": {"0": 1822.0, "1": 1493.0, "2": 1455.0, "3": 1244.0, "4": 1249.0, "5": 1839.6341603574206}, "reward": 0.0, "annotation": ""}