{"rc-position-target": {"height": 4.211875130611155, "distance": 7.173462951700703, "heading": 20.94883920194202, "wrist_angle": -64.8408912787656, "wrist_rotation": 65.98734651687225, "gripper": 29.02438930950529}, "rc-angle-target": {"0": 110.94883920194202, "1": 90.0, "2": 83.0, "3": 63.0, "4": 65.98734651687225}, "rc-pulse-target": {"0": 1772.0, "1": 1460.0, "2": 1422.0, "3": 1200.0, "4": 1233.0, "5": 2064.6341603574206}, "reward": 0.0, "annotation": ""}