{"rc-position-target": {"height": 4.211875130611155, "distance": 6.573462951700705, "heading": 29.94883920194202, "wrist_angle": -55.840891278765596, "wrist_rotation": 68.98734651687225, "gripper": 59.02438930950529}, "rc-angle-target": {"0": 119.94883920194202, "1": 96.0, "2": 89.0, "3": 71.0, "4": 68.98734651687225}, "rc-pulse-target": {"0": 1872.0, "1": 1526.0, "2": 1488.0, "3": 1288.0, "4": 1266.0, "5": 1614.6341603574206}, "reward": 0.0, "annotation": ""}