{"rc-position-target": {"height": 4.211875130611155, "distance": 5.7325957111749215, "heading": 43.44883920194202, "wrist_angle": -42.340891278765596, "wrist_rotation": 73.48734651687225, "gripper": 88.46874626789462}, "rc-angle-target": {"0": 133.448839201942, "1": 105.0, "2": 96.0, "3": 84.0, "4": 73.48734651687225}, "rc-pulse-target": {"0": 2022.0, "1": 1626.0, "2": 1566.0, "3": 1433.0, "4": 1316.0, "5": 1172.9688059815808}, "reward": 0.0, "annotation": ""}