{"rc-position-target": {"height": 4.211875130611155, "distance": 6.1734629517007065, "heading": 35.94883920194202, "wrist_angle": -49.840891278765596, "wrist_rotation": 70.98734651687225, "gripper": 79.0243893095053}, "rc-angle-target": {"0": 125.94883920194202, "1": 100.0, "2": 92.0, "3": 77.0, "4": 70.98734651687225}, "rc-pulse-target": {"0": 1939.0, "1": 1571.0, "2": 1522.0, "3": 1355.0, "4": 1288.0, "5": 1314.6341603574206}, "reward": 0.0, "annotation": ""}