{"rc-position-target": {"height": 4.211875130611155, "distance": 5.8734629517007075, "heading": 40.44883920194202, "wrist_angle": -45.340891278765596, "wrist_rotation": 72.48734651687225, "gripper": 88.46874626789462}, "rc-angle-target": {"0": 130.448839201942, "1": 103.0, "2": 95.0, "3": 81.0, "4": 72.48734651687225}, "rc-pulse-target": {"0": 1989.0, "1": 1604.0, "2": 1555.0, "3": 1400.0, "4": 1305.0, "5": 1172.9688059815808}, "reward": 0.0, "annotation": ""}