{"rc-position-target": {"height": 4.211875130611155, "distance": 5.773462951700708, "heading": 41.94883920194202, "wrist_angle": -43.840891278765596, "wrist_rotation": 72.98734651687225, "gripper": 88.46874626789462}, "rc-angle-target": {"0": 131.948839201942, "1": 104.0, "2": 96.0, "3": 82.0, "4": 72.98734651687225}, "rc-pulse-target": {"0": 2006.0, "1": 1615.0, "2": 1566.0, "3": 1411.0, "4": 1310.0, "5": 1172.9688059815808}, "reward": 0.0, "annotation": ""}