{"rc-position-target": {"height": 4.211875130611155, "distance": 6.073462951700707, "heading": 37.44883920194202, "wrist_angle": -48.340891278765596, "wrist_rotation": 71.48734651687225, "gripper": 84.0243893095053}, "rc-angle-target": {"0": 127.44883920194202, "1": 101.0, "2": 93.0, "3": 78.0, "4": 71.48734651687225}, "rc-pulse-target": {"0": 1956.0, "1": 1582.0, "2": 1533.0, "3": 1366.0, "4": 1294.0, "5": 1239.6341603574206}, "reward": 0.0, "annotation": ""}