{"rc-position-target": {"height": 4.211875130611155, "distance": 5.973462951700707, "heading": 38.94883920194202, "wrist_angle": -46.840891278765596, "wrist_rotation": 71.98734651687225, "gripper": 88.46874626789462}, "rc-angle-target": {"0": 128.948839201942, "1": 102.0, "2": 94.0, "3": 80.0, "4": 71.98734651687225}, "rc-pulse-target": {"0": 1972.0, "1": 1593.0, "2": 1544.0, "3": 1388.0, "4": 1299.0, "5": 1172.9688059815808}, "reward": 0.0, "annotation": ""}