{"rc-position-target": {"height": 4.211875130611155, "distance": 6.273462951700706, "heading": 34.44883920194202, "wrist_angle": -51.340891278765596, "wrist_rotation": 70.48734651687225, "gripper": 74.0243893095053}, "rc-angle-target": {"0": 124.44883920194202, "1": 99.0, "2": 91.0, "3": 76.0, "4": 70.48734651687225}, "rc-pulse-target": {"0": 1922.0, "1": 1560.0, "2": 1511.0, "3": 1344.0, "4": 1283.0, "5": 1389.6341603574206}, "reward": 0.0, "annotation": ""}