{"rc-position-target": {"height": 4.211875130611155, "distance": 5.7325957111749215, "heading": 62.94883920194202, "wrist_angle": -40.49592714632614, "wrist_rotation": 79.98734651687225, "gripper": 88.46874626789462}, "rc-angle-target": {"0": 152.948839201942, "1": 105.0, "2": 96.0, "3": 85.0, "4": 79.98734651687225}, "rc-pulse-target": {"0": 2239.0, "1": 1626.0, "2": 1566.0, "3": 1444.0, "4": 1388.0, "5": 1172.9688059815808}, "reward": 0.0, "annotation": ""}