{"rc-position-target": {"height": 3.7118751306111553, "distance": 6.23259571117492, "heading": 74.94883920194202, "wrist_angle": -32.99592714632614, "wrist_rotation": 78.93152457767563, "gripper": 63.468746267894616}, "rc-angle-target": {"0": 164.948839201942, "1": 98.0, "2": 95.0, "3": 98.0, "4": 78.93152457767563}, "rc-pulse-target": {"0": 2372.0, "1": 1548.0, "2": 1555.0, "3": 1588.0, "4": 1377.0, "5": 1547.9688059815808}, "reward": 0.0, "annotation": ""}