{"rc-position-target": {"height": 4.0118751306111555, "distance": 5.932595711174921, "heading": 79.44883920194202, "wrist_angle": -37.49592714632614, "wrist_rotation": 79.41273521214902, "gripper": 78.46874626789462}, "rc-angle-target": {"0": 169.448839201942, "1": 102.0, "2": 96.0, "3": 91.0, "4": 79.41273521214902}, "rc-pulse-target": {"0": 2422.0, "1": 1593.0, "2": 1566.0, "3": 1511.0, "4": 1382.0, "5": 1322.9688059815808}, "reward": 0.0, "annotation": ""}