{"rc-position-target": {"height": 3.511875130611155, "distance": 6.432595711174919, "heading": 71.94883920194202, "wrist_angle": -29.99592714632614, "wrist_rotation": 78.93152457767563, "gripper": 53.468746267894616}, "rc-angle-target": {"0": 161.948839201942, "1": 96.0, "2": 94.0, "3": 103.0, "4": 78.93152457767563}, "rc-pulse-target": {"0": 2339.0, "1": 1526.0, "2": 1544.0, "3": 1644.0, "4": 1377.0, "5": 1697.9688059815808}, "reward": 0.0, "annotation": ""}