{"rc-position-target": {"height": 3.611875130611155, "distance": 6.332595711174919, "heading": 73.44883920194202, "wrist_angle": -31.49592714632614, "wrist_rotation": 78.93152457767563, "gripper": 58.468746267894616}, "rc-angle-target": {"0": 163.448839201942, "1": 97.0, "2": 94.0, "3": 100.0, "4": 78.93152457767563}, "rc-pulse-target": {"0": 2356.0, "1": 1537.0, "2": 1544.0, "3": 1611.0, "4": 1377.0, "5": 1622.9688059815808}, "reward": 0.0, "annotation": ""}