{"rc-position-target": {"height": 3.8118751306111553, "distance": 6.13259571117492, "heading": 76.44883920194202, "wrist_angle": -34.49592714632614, "wrist_rotation": 78.93152457767563, "gripper": 68.46874626789462}, "rc-angle-target": {"0": 166.448839201942, "1": 100.0, "2": 95.0, "3": 96.0, "4": 78.93152457767563}, "rc-pulse-target": {"0": 2389.0, "1": 1571.0, "2": 1555.0, "3": 1566.0, "4": 1377.0, "5": 1472.9688059815808}, "reward": 0.0, "annotation": ""}