{"rc-position-target": {"height": 3.9118751306111554, "distance": 6.03259571117492, "heading": 77.94883920194202, "wrist_angle": -35.99592714632614, "wrist_rotation": 78.93152457767563, "gripper": 73.46874626789462}, "rc-angle-target": {"0": 167.948839201942, "1": 101.0, "2": 95.0, "3": 93.0, "4": 78.93152457767563}, "rc-pulse-target": {"0": 2406.0, "1": 1582.0, "2": 1555.0, "3": 1533.0, "4": 1377.0, "5": 1397.9688059815808}, "reward": 0.0, "annotation": ""}