{"rc-position-target": {"height": 4.111875130611155, "distance": 5.832595711174921, "heading": 80.94883920194202, "wrist_angle": -38.99592714632614, "wrist_rotation": 79.91273521214902, "gripper": 83.46874626789462}, "rc-angle-target": {"0": 170.948839201942, "1": 104.0, "2": 96.0, "3": 88.0, "4": 79.91273521214902}, "rc-pulse-target": {"0": 2439.0, "1": 1615.0, "2": 1566.0, "3": 1477.0, "4": 1387.0, "5": 1247.9688059815808}, "reward": 0.0, "annotation": ""}