{"rc-position-target": {"height": 2.929666757293882, "distance": 7.4325957111749155, "heading": 56.94883920194202, "wrist_angle": -14.995927146326139, "wrist_rotation": 78.93152457767563, "gripper": 3.468746267894616}, "rc-angle-target": {"0": 146.948839201942, "1": 83.0, "2": 87.0, "3": 123.0, "4": 78.93152457767563}, "rc-pulse-target": {"0": 2172.0, "1": 1382.0, "2": 1466.0, "3": 1866.0, "4": 1377.0, "5": 2447.9688059815808}, "reward": 0.0, "annotation": ""}