{"rc-position-target": {"height": 3.311875130611155, "distance": 6.632595711174918, "heading": 68.94883920194202, "wrist_angle": -26.99592714632614, "wrist_rotation": 78.93152457767563, "gripper": 43.468746267894616}, "rc-angle-target": {"0": 158.948839201942, "1": 93.0, "2": 93.0, "3": 108.0, "4": 78.93152457767563}, "rc-pulse-target": {"0": 2306.0, "1": 1493.0, "2": 1533.0, "3": 1700.0, "4": 1377.0, "5": 1847.9688059815808}, "reward": 0.0, "annotation": ""}