{"rc-position-target": {"height": 2.929666757293882, "distance": 7.032595711174917, "heading": 62.94883920194202, "wrist_angle": -20.99592714632614, "wrist_rotation": 78.93152457767563, "gripper": 23.468746267894616}, "rc-angle-target": {"0": 152.948839201942, "1": 87.0, "2": 91.0, "3": 117.0, "4": 78.93152457767563}, "rc-pulse-target": {"0": 2239.0, "1": 1426.0, "2": 1511.0, "3": 1800.0, "4": 1377.0, "5": 2147.9688059815808}, "reward": 0.0, "annotation": ""}