{"rc-position-target": {"height": 3.1118751306111547, "distance": 6.832595711174918, "heading": 65.94883920194202, "wrist_angle": -23.99592714632614, "wrist_rotation": 78.93152457767563, "gripper": 33.468746267894616}, "rc-angle-target": {"0": 155.948839201942, "1": 90.0, "2": 92.0, "3": 112.0, "4": 78.93152457767563}, "rc-pulse-target": {"0": 2272.0, "1": 1460.0, "2": 1522.0, "3": 1744.0, "4": 1377.0, "5": 1997.9688059815808}, "reward": 0.0, "annotation": ""}