{"rc-position-target": {"height": 3.411875130611155, "distance": 6.532595711174919, "heading": 70.44883920194202, "wrist_angle": -28.49592714632614, "wrist_rotation": 78.93152457767563, "gripper": 48.468746267894616}, "rc-angle-target": {"0": 160.448839201942, "1": 94.0, "2": 93.0, "3": 105.0, "4": 78.93152457767563}, "rc-pulse-target": {"0": 2322.0, "1": 1504.0, "2": 1533.0, "3": 1666.0, "4": 1377.0, "5": 1772.9688059815808}, "reward": 0.0, "annotation": ""}