{"rc-position-target": {"height": 3.0118751306111546, "distance": 6.932595711174917, "heading": 64.44883920194202, "wrist_angle": -22.49592714632614, "wrist_rotation": 78.93152457767563, "gripper": 28.468746267894616}, "rc-angle-target": {"0": 154.448839201942, "1": 89.0, "2": 91.0, "3": 115.0, "4": 78.93152457767563}, "rc-pulse-target": {"0": 2256.0, "1": 1448.0, "2": 1511.0, "3": 1777.0, "4": 1377.0, "5": 2072.9688059815808}, "reward": 0.0, "annotation": ""}