{"rc-position-target": {"height": 2.929666757293882, "distance": 7.1325957111749165, "heading": 61.44883920194202, "wrist_angle": -19.49592714632614, "wrist_rotation": 78.93152457767563, "gripper": 18.468746267894616}, "rc-angle-target": {"0": 151.448839201942, "1": 86.0, "2": 90.0, "3": 118.0, "4": 78.93152457767563}, "rc-pulse-target": {"0": 2222.0, "1": 1415.0, "2": 1500.0, "3": 1811.0, "4": 1377.0, "5": 2222.9688059815808}, "reward": 0.0, "annotation": ""}