{"rc-position-target": {"height": 2.929666757293882, "distance": 7.332595711174916, "heading": 58.44883920194202, "wrist_angle": -16.49592714632614, "wrist_rotation": 78.93152457767563, "gripper": 8.468746267894616}, "rc-angle-target": {"0": 148.448839201942, "1": 84.0, "2": 88.0, "3": 121.0, "4": 78.93152457767563}, "rc-pulse-target": {"0": 2189.0, "1": 1393.0, "2": 1477.0, "3": 1844.0, "4": 1377.0, "5": 2372.9688059815808}, "reward": 0.0, "annotation": ""}