{"rc-position-target": {"height": 2.929666757293882, "distance": 7.232595711174916, "heading": 59.94883920194202, "wrist_angle": -17.99592714632614, "wrist_rotation": 78.93152457767563, "gripper": 13.468746267894616}, "rc-angle-target": {"0": 149.948839201942, "1": 85.0, "2": 89.0, "3": 120.0, "4": 78.93152457767563}, "rc-pulse-target": {"0": 2206.0, "1": 1404.0, "2": 1488.0, "3": 1833.0, "4": 1377.0, "5": 2297.9688059815808}, "reward": 0.0, "annotation": ""}