{"rc-position-target": {"height": 3.211875130611155, "distance": 6.732595711174918, "heading": 67.44883920194202, "wrist_angle": -25.49592714632614, "wrist_rotation": 78.93152457767563, "gripper": 38.468746267894616}, "rc-angle-target": {"0": 157.448839201942, "1": 91.0, "2": 93.0, "3": 110.0, "4": 78.93152457767563}, "rc-pulse-target": {"0": 2289.0, "1": 1471.0, "2": 1533.0, "3": 1722.0, "4": 1377.0, "5": 1922.9688059815808}, "reward": 0.0, "annotation": ""}