{"rc-position-target": {"height": 2.929666757293882, "distance": 8.332595711174912, "heading": 43.44883920194202, "wrist_angle": -7.263504273663486, "wrist_rotation": 78.93152457767563, "gripper": 2.2852676066826394}, "rc-angle-target": {"0": 133.448839201942, "1": 75.0, "2": 77.0, "3": 129.0, "4": 78.93152457767563}, "rc-pulse-target": {"0": 2022.0, "1": 1293.0, "2": 1355.0, "3": 1933.0, "4": 1377.0, "5": 2465.7209858997603}, "reward": 0.0, "annotation": ""}