{"rc-position-target": {"height": 2.929666757293882, "distance": 7.532595711174915, "heading": 55.44883920194202, "wrist_angle": -13.495927146326139, "wrist_rotation": 78.93152457767563, "gripper": 2.2852676066826394}, "rc-angle-target": {"0": 145.448839201942, "1": 83.0, "2": 86.0, "3": 124.0, "4": 78.93152457767563}, "rc-pulse-target": {"0": 2156.0, "1": 1382.0, "2": 1455.0, "3": 1877.0, "4": 1377.0, "5": 2465.7209858997603}, "reward": 0.0, "annotation": ""}