{"rc-position-target": {"height": 2.929666757293882, "distance": 7.832595711174914, "heading": 50.94883920194202, "wrist_angle": -8.995927146326139, "wrist_rotation": 78.93152457767563, "gripper": 2.2852676066826394}, "rc-angle-target": {"0": 140.948839201942, "1": 80.0, "2": 82.0, "3": 128.0, "4": 78.93152457767563}, "rc-pulse-target": {"0": 2106.0, "1": 1348.0, "2": 1411.0, "3": 1922.0, "4": 1377.0, "5": 2465.7209858997603}, "reward": 0.0, "annotation": ""}