{"rc-position-target": {"height": 2.929666757293882, "distance": 8.032595711174913, "heading": 47.94883920194202, "wrist_angle": -7.263504273663486, "wrist_rotation": 78.93152457767563, "gripper": 2.2852676066826394}, "rc-angle-target": {"0": 137.948839201942, "1": 78.0, "2": 80.0, "3": 130.0, "4": 78.93152457767563}, "rc-pulse-target": {"0": 2072.0, "1": 1326.0, "2": 1388.0, "3": 1944.0, "4": 1377.0, "5": 2465.7209858997603}, "reward": 0.0, "annotation": ""}