{"rc-position-target": {"height": 2.929666757293882, "distance": 8.132595711174913, "heading": 46.44883920194202, "wrist_angle": -7.263504273663486, "wrist_rotation": 78.93152457767563, "gripper": 2.2852676066826394}, "rc-angle-target": {"0": 136.448839201942, "1": 77.0, "2": 79.0, "3": 130.0, "4": 78.93152457767563}, "rc-pulse-target": {"0": 2056.0, "1": 1315.0, "2": 1377.0, "3": 1944.0, "4": 1377.0, "5": 2465.7209858997603}, "reward": 0.0, "annotation": ""}