{"rc-position-target": {"height": 2.929666757293882, "distance": 7.932595711174914, "heading": 49.44883920194202, "wrist_angle": -7.495927146326139, "wrist_rotation": 78.93152457767563, "gripper": 2.2852676066826394}, "rc-angle-target": {"0": 139.448839201942, "1": 79.0, "2": 81.0, "3": 130.0, "4": 78.93152457767563}, "rc-pulse-target": {"0": 2089.0, "1": 1337.0, "2": 1400.0, "3": 1944.0, "4": 1377.0, "5": 2465.7209858997603}, "reward": 0.0, "annotation": ""}