{"rc-position-target": {"height": 2.929666757293882, "distance": 7.732595711174914, "heading": 52.44883920194202, "wrist_angle": -10.495927146326139, "wrist_rotation": 78.93152457767563, "gripper": 2.2852676066826394}, "rc-angle-target": {"0": 142.448839201942, "1": 81.0, "2": 83.0, "3": 127.0, "4": 78.93152457767563}, "rc-pulse-target": {"0": 2122.0, "1": 1360.0, "2": 1422.0, "3": 1911.0, "4": 1377.0, "5": 2465.7209858997603}, "reward": 0.0, "annotation": ""}