{"rc-position-target": {"height": 2.929666757293882, "distance": 7.632595711174915, "heading": 53.94883920194202, "wrist_angle": -11.995927146326139, "wrist_rotation": 78.93152457767563, "gripper": 2.2852676066826394}, "rc-angle-target": {"0": 143.948839201942, "1": 82.0, "2": 85.0, "3": 126.0, "4": 78.93152457767563}, "rc-pulse-target": {"0": 2139.0, "1": 1371.0, "2": 1444.0, "3": 1900.0, "4": 1377.0, "5": 2465.7209858997603}, "reward": 0.0, "annotation": ""}