{"rc-position-target": {"height": 2.929666757293882, "distance": 8.472003457398621, "heading": 23.94883920194202, "wrist_angle": -7.263504273663486, "wrist_rotation": 78.93152457767563, "gripper": 2.2852676066826394}, "rc-angle-target": {"0": 113.94883920194202, "1": 74.0, "2": 75.0, "3": 129.0, "4": 78.93152457767563}, "rc-pulse-target": {"0": 1806.0, "1": 1282.0, "2": 1333.0, "3": 1933.0, "4": 1377.0, "5": 2465.7209858997603}, "reward": 0.0, "annotation": ""}