{"rc-position-target": {"height": 2.5296667572938816, "distance": 8.568412464873681, "heading": -51.05116079805798, "wrist_angle": -13.263504273663486, "wrist_rotation": 80.93152457767563, "gripper": 22.285267606682638}, "rc-angle-target": {"0": 38.94883920194202, "1": 71.0, "2": 76.0, "3": 126.0, "4": 80.93152457767563}, "rc-pulse-target": {"0": 972.0, "1": 1248.0, "2": 1344.0, "3": 1900.0, "4": 1399.0, "5": 2165.7209858997603}, "reward": 0.0, "annotation": ""}