{"rc-position-target": {"height": 2.6296667572938817, "distance": 8.568412464873681, "heading": -52.55116079805798, "wrist_angle": -11.763504273663486, "wrist_rotation": 80.43152457767563, "gripper": 17.285267606682638}, "rc-angle-target": {"0": 37.44883920194202, "1": 72.0, "2": 75.0, "3": 126.0, "4": 80.43152457767563}, "rc-pulse-target": {"0": 956.0, "1": 1260.0, "2": 1333.0, "3": 1900.0, "4": 1393.0, "5": 2240.7209858997603}, "reward": 0.0, "annotation": ""}