{"rc-position-target": {"height": 2.7296667572938818, "distance": 8.568412464873681, "heading": -54.05116079805798, "wrist_angle": -10.263504273663486, "wrist_rotation": 79.93152457767563, "gripper": 12.28526760668264}, "rc-angle-target": {"0": 35.94883920194202, "1": 72.0, "2": 75.0, "3": 127.0, "4": 79.93152457767563}, "rc-pulse-target": {"0": 939.0, "1": 1260.0, "2": 1333.0, "3": 1911.0, "4": 1388.0, "5": 2315.7209858997603}, "reward": 0.0, "annotation": ""}