{"rc-position-target": {"height": 2.829666757293882, "distance": 8.568412464873681, "heading": -55.55116079805798, "wrist_angle": -8.763504273663486, "wrist_rotation": 79.43152457767563, "gripper": 7.285267606682639}, "rc-angle-target": {"0": 34.44883920194202, "1": 72.0, "2": 75.0, "3": 128.0, "4": 79.43152457767563}, "rc-pulse-target": {"0": 922.0, "1": 1260.0, "2": 1333.0, "3": 1922.0, "4": 1382.0, "5": 2390.7209858997603}, "reward": 0.0, "annotation": ""}