{"rc-position-target": {"height": 1.829666757293881, "distance": 8.568412464873681, "heading": -40.55116079805798, "wrist_angle": -23.763504273663486, "wrist_rotation": 83.05443102491002, "gripper": 57.28526760668264}, "rc-angle-target": {"0": 49.44883920194202, "1": 68.0, "2": 78.0, "3": 120.0, "4": 83.05443102491002}, "rc-pulse-target": {"0": 1089.0, "1": 1215.0, "2": 1366.0, "3": 1833.0, "4": 1422.0, "5": 1640.7209858997603}, "reward": 0.0, "annotation": ""}