{"rc-position-target": {"height": 2.029666757293881, "distance": 8.568412464873681, "heading": -43.55116079805798, "wrist_angle": -20.763504273663486, "wrist_rotation": 83.05443102491002, "gripper": 47.28526760668264}, "rc-angle-target": {"0": 46.44883920194202, "1": 69.0, "2": 77.0, "3": 122.0, "4": 83.05443102491002}, "rc-pulse-target": {"0": 1056.0, "1": 1226.0, "2": 1355.0, "3": 1855.0, "4": 1422.0, "5": 1790.7209858997603}, "reward": 0.0, "annotation": ""}