{"rc-position-target": {"height": 1.5296667572938807, "distance": 8.568412464873681, "heading": -36.05116079805798, "wrist_angle": -28.263504273663486, "wrist_rotation": 83.05443102491002, "gripper": 72.28526760668264}, "rc-angle-target": {"0": 53.94883920194202, "1": 67.0, "2": 78.0, "3": 118.0, "4": 83.05443102491002}, "rc-pulse-target": {"0": 1139.0, "1": 1204.0, "2": 1366.0, "3": 1811.0, "4": 1422.0, "5": 1415.7209858997603}, "reward": 0.0, "annotation": ""}