{"rc-position-target": {"height": 2.129666757293881, "distance": 8.568412464873681, "heading": -45.05116079805798, "wrist_angle": -19.263504273663486, "wrist_rotation": 82.93152457767563, "gripper": 42.28526760668264}, "rc-angle-target": {"0": 44.94883920194202, "1": 70.0, "2": 77.0, "3": 123.0, "4": 82.93152457767563}, "rc-pulse-target": {"0": 1039.0, "1": 1237.0, "2": 1355.0, "3": 1866.0, "4": 1421.0, "5": 1865.7209858997603}, "reward": 0.0, "annotation": ""}