{"rc-position-target": {"height": 1.6296667572938808, "distance": 8.568412464873681, "heading": -37.55116079805798, "wrist_angle": -26.763504273663486, "wrist_rotation": 83.05443102491002, "gripper": 67.28526760668264}, "rc-angle-target": {"0": 52.44883920194202, "1": 67.0, "2": 78.0, "3": 119.0, "4": 83.05443102491002}, "rc-pulse-target": {"0": 1122.0, "1": 1204.0, "2": 1366.0, "3": 1822.0, "4": 1422.0, "5": 1490.7209858997603}, "reward": 0.0, "annotation": ""}