{"rc-position-target": {"height": 1.929666757293881, "distance": 8.568412464873681, "heading": -42.05116079805798, "wrist_angle": -22.263504273663486, "wrist_rotation": 83.05443102491002, "gripper": 52.28526760668264}, "rc-angle-target": {"0": 47.94883920194202, "1": 69.0, "2": 77.0, "3": 121.0, "4": 83.05443102491002}, "rc-pulse-target": {"0": 1072.0, "1": 1226.0, "2": 1355.0, "3": 1844.0, "4": 1422.0, "5": 1715.7209858997603}, "reward": 0.0, "annotation": ""}