{"rc-position-target": {"height": 2.2296667572938813, "distance": 8.568412464873681, "heading": -46.55116079805798, "wrist_angle": -17.763504273663486, "wrist_rotation": 82.43152457767563, "gripper": 37.28526760668264}, "rc-angle-target": {"0": 43.44883920194202, "1": 70.0, "2": 77.0, "3": 123.0, "4": 82.43152457767563}, "rc-pulse-target": {"0": 1022.0, "1": 1237.0, "2": 1355.0, "3": 1866.0, "4": 1415.0, "5": 1940.7209858997603}, "reward": 0.0, "annotation": ""}