{"rc-position-target": {"height": 1.7296667572938809, "distance": 8.568412464873681, "heading": -39.05116079805798, "wrist_angle": -25.263504273663486, "wrist_rotation": 83.05443102491002, "gripper": 62.28526760668264}, "rc-angle-target": {"0": 50.94883920194202, "1": 68.0, "2": 78.0, "3": 120.0, "4": 83.05443102491002}, "rc-pulse-target": {"0": 1106.0, "1": 1215.0, "2": 1366.0, "3": 1833.0, "4": 1422.0, "5": 1565.7209858997603}, "reward": 0.0, "annotation": ""}