{"rc-position-target": {"height": 2.3296667572938814, "distance": 8.568412464873681, "heading": -48.05116079805798, "wrist_angle": -16.263504273663486, "wrist_rotation": 81.93152457767563, "gripper": 32.28526760668264}, "rc-angle-target": {"0": 41.94883920194202, "1": 70.0, "2": 76.0, "3": 124.0, "4": 81.93152457767563}, "rc-pulse-target": {"0": 1006.0, "1": 1237.0, "2": 1344.0, "3": 1877.0, "4": 1410.0, "5": 2015.7209858997603}, "reward": 0.0, "annotation": ""}