{"rc-position-target": {"height": 2.4296667572938815, "distance": 8.568412464873681, "heading": -49.55116079805798, "wrist_angle": -14.763504273663486, "wrist_rotation": 81.43152457767563, "gripper": 27.285267606682638}, "rc-angle-target": {"0": 40.44883920194202, "1": 71.0, "2": 76.0, "3": 125.0, "4": 81.43152457767563}, "rc-pulse-target": {"0": 989.0, "1": 1248.0, "2": 1344.0, "3": 1888.0, "4": 1404.0, "5": 2090.7209858997603}, "reward": 0.0, "annotation": ""}