{"rc-position-target": {"height": 1.4832336864706113, "distance": 8.568412464873681, "heading": -31.55116079805798, "wrist_angle": -32.763504273663486, "wrist_rotation": 83.05443102491002, "gripper": 87.28526760668264}, "rc-angle-target": {"0": 58.44883920194202, "1": 66.0, "2": 79.0, "3": 114.0, "4": 83.05443102491002}, "rc-pulse-target": {"0": 1189.0, "1": 1193.0, "2": 1377.0, "3": 1766.0, "4": 1422.0, "5": 1190.7209858997603}, "reward": 0.0, "annotation": ""}