{"rc-position-target": {"height": 1.4832336864706113, "distance": 8.568412464873681, "heading": -27.05116079805798, "wrist_angle": -37.263504273663486, "wrist_rotation": 83.05443102491002, "gripper": 91.49717793619624}, "rc-angle-target": {"0": 62.94883920194202, "1": 66.0, "2": 79.0, "3": 109.0, "4": 83.05443102491002}, "rc-pulse-target": {"0": 1239.0, "1": 1193.0, "2": 1377.0, "3": 1711.0, "4": 1422.0, "5": 1127.5423309570565}, "reward": 0.0, "annotation": ""}