{"rc-position-target": {"height": 1.4832336864706113, "distance": 8.568412464873681, "heading": -33.05116079805798, "wrist_angle": -31.263504273663486, "wrist_rotation": 83.05443102491002, "gripper": 82.28526760668264}, "rc-angle-target": {"0": 56.94883920194202, "1": 66.0, "2": 79.0, "3": 115.0, "4": 83.05443102491002}, "rc-pulse-target": {"0": 1172.0, "1": 1193.0, "2": 1377.0, "3": 1777.0, "4": 1422.0, "5": 1265.7209858997603}, "reward": 0.0, "annotation": ""}