{"rc-position-target": {"height": 1.4832336864706113, "distance": 8.568412464873681, "heading": -19.55116079805798, "wrist_angle": -44.763504273663486, "wrist_rotation": 83.05443102491002, "gripper": 91.49717793619624}, "rc-angle-target": {"0": 70.44883920194202, "1": 66.0, "2": 79.0, "3": 102.0, "4": 83.05443102491002}, "rc-pulse-target": {"0": 1322.0, "1": 1193.0, "2": 1377.0, "3": 1633.0, "4": 1422.0, "5": 1127.5423309570565}, "reward": 0.0, "annotation": ""}