{"rc-position-target": {"height": 1.4832336864706113, "distance": 8.568412464873681, "heading": 1.4488392019420218, "wrist_angle": -65.76350427366349, "wrist_rotation": 83.05443102491002, "gripper": 91.49717793619624}, "rc-angle-target": {"0": 91.44883920194202, "1": 66.0, "2": 79.0, "3": 81.0, "4": 83.05443102491002}, "rc-pulse-target": {"0": 1556.0, "1": 1193.0, "2": 1377.0, "3": 1400.0, "4": 1422.0, "5": 1127.5423309570565}, "reward": 0.0, "annotation": ""}