{"rc-position-target": {"height": 2.183233686470612, "distance": 7.868412464873684, "heading": 62.94883920194202, "wrist_angle": -74.92398250701577, "wrist_rotation": 79.55443102491002, "gripper": 78.62799927525627}, "rc-angle-target": {"0": 152.948839201942, "1": 76.0, "2": 85.0, "3": 68.0, "4": 79.55443102491002}, "rc-pulse-target": {"0": 2239.0, "1": 1304.0, "2": 1444.0, "3": 1255.0, "4": 1383.0, "5": 1320.580010871156}, "reward": 0.0, "annotation": ""}