{"rc-position-target": {"height": 1.9832336864706117, "distance": 8.068412464873683, "heading": 65.94883920194202, "wrist_angle": -77.92398250701577, "wrist_rotation": 80.55443102491002, "gripper": 78.62799927525627}, "rc-angle-target": {"0": 155.948839201942, "1": 73.0, "2": 83.0, "3": 66.0, "4": 80.55443102491002}, "rc-pulse-target": {"0": 2272.0, "1": 1271.0, "2": 1422.0, "3": 1233.0, "4": 1395.0, "5": 1320.580010871156}, "reward": 0.0, "annotation": ""}