{"rc-position-target": {"height": 2.083233686470612, "distance": 7.968412464873683, "heading": 64.44883920194202, "wrist_angle": -76.42398250701577, "wrist_rotation": 80.05443102491002, "gripper": 78.62799927525627}, "rc-angle-target": {"0": 154.448839201942, "1": 75.0, "2": 84.0, "3": 67.0, "4": 80.05443102491002}, "rc-pulse-target": {"0": 2256.0, "1": 1293.0, "2": 1433.0, "3": 1244.0, "4": 1389.0, "5": 1320.580010871156}, "reward": 0.0, "annotation": ""}