{"rc-position-target": {"height": 1.7832336864706115, "distance": 8.268412464873682, "heading": 68.94883920194202, "wrist_angle": -80.92398250701577, "wrist_rotation": 81.55443102491002, "gripper": 78.62799927525627}, "rc-angle-target": {"0": 158.948839201942, "1": 71.0, "2": 81.0, "3": 64.0, "4": 81.55443102491002}, "rc-pulse-target": {"0": 2306.0, "1": 1248.0, "2": 1400.0, "3": 1211.0, "4": 1406.0, "5": 1320.580010871156}, "reward": 0.0, "annotation": ""}