{"rc-position-target": {"height": 1.6832336864706114, "distance": 8.368412464873682, "heading": 70.44883920194202, "wrist_angle": -82.42398250701577, "wrist_rotation": 82.05443102491002, "gripper": 81.49717793619624}, "rc-angle-target": {"0": 160.448839201942, "1": 69.0, "2": 80.0, "3": 63.0, "4": 82.05443102491002}, "rc-pulse-target": {"0": 2322.0, "1": 1226.0, "2": 1388.0, "3": 1200.0, "4": 1411.0, "5": 1277.5423309570565}, "reward": 0.0, "annotation": ""}