{"rc-position-target": {"height": 1.5832336864706114, "distance": 8.468412464873682, "heading": 71.94883920194202, "wrist_angle": -83.92398250701577, "wrist_rotation": 82.55443102491002, "gripper": 86.49717793619624}, "rc-angle-target": {"0": 161.948839201942, "1": 68.0, "2": 79.0, "3": 62.0, "4": 82.55443102491002}, "rc-pulse-target": {"0": 2339.0, "1": 1215.0, "2": 1377.0, "3": 1188.0, "4": 1417.0, "5": 1202.5423309570565}, "reward": 0.0, "annotation": ""}