{"rc-position-target": {"height": 1.8832336864706116, "distance": 8.168412464873683, "heading": 67.44883920194202, "wrist_angle": -79.42398250701577, "wrist_rotation": 81.05443102491002, "gripper": 78.62799927525627}, "rc-angle-target": {"0": 157.448839201942, "1": 72.0, "2": 82.0, "3": 65.0, "4": 81.05443102491002}, "rc-pulse-target": {"0": 2289.0, "1": 1260.0, "2": 1411.0, "3": 1222.0, "4": 1400.0, "5": 1320.580010871156}, "reward": 0.0, "annotation": ""}