{"rc-position-target": {"height": 3.1832336864706128, "distance": 6.868412464873687, "heading": 47.94883920194202, "wrist_angle": -59.923982507015765, "wrist_rotation": 74.55443102491002, "gripper": 78.62799927525627}, "rc-angle-target": {"0": 137.948839201942, "1": 90.0, "2": 91.0, "3": 76.0, "4": 74.55443102491002}, "rc-pulse-target": {"0": 2072.0, "1": 1460.0, "2": 1511.0, "3": 1344.0, "4": 1328.0, "5": 1320.580010871156}, "reward": 0.0, "annotation": ""}