{"rc-position-target": {"height": 2.8832336864706125, "distance": 7.168412464873686, "heading": 52.44883920194202, "wrist_angle": -64.42398250701577, "wrist_rotation": 76.05443102491002, "gripper": 78.62799927525627}, "rc-angle-target": {"0": 142.448839201942, "1": 86.0, "2": 90.0, "3": 74.0, "4": 76.05443102491002}, "rc-pulse-target": {"0": 2122.0, "1": 1415.0, "2": 1500.0, "3": 1322.0, "4": 1345.0, "5": 1320.580010871156}, "reward": 0.0, "annotation": ""}