{"rc-position-target": {"height": 2.483233686470612, "distance": 7.568412464873685, "heading": 58.44883920194202, "wrist_angle": -70.42398250701577, "wrist_rotation": 78.05443102491002, "gripper": 78.62799927525627}, "rc-angle-target": {"0": 148.448839201942, "1": 80.0, "2": 87.0, "3": 71.0, "4": 78.05443102491002}, "rc-pulse-target": {"0": 2189.0, "1": 1348.0, "2": 1466.0, "3": 1288.0, "4": 1367.0, "5": 1320.580010871156}, "reward": 0.0, "annotation": ""}