{"rc-position-target": {"height": 2.5832336864706122, "distance": 7.468412464873685, "heading": 56.94883920194202, "wrist_angle": -68.92398250701577, "wrist_rotation": 77.55443102491002, "gripper": 78.62799927525627}, "rc-angle-target": {"0": 146.948839201942, "1": 82.0, "2": 88.0, "3": 72.0, "4": 77.55443102491002}, "rc-pulse-target": {"0": 2172.0, "1": 1371.0, "2": 1477.0, "3": 1300.0, "4": 1361.0, "5": 1320.580010871156}, "reward": 0.0, "annotation": ""}