{"rc-position-target": {"height": 2.7832336864706124, "distance": 7.268412464873686, "heading": 53.94883920194202, "wrist_angle": -65.92398250701577, "wrist_rotation": 76.55443102491002, "gripper": 78.62799927525627}, "rc-angle-target": {"0": 143.948839201942, "1": 84.0, "2": 89.0, "3": 73.0, "4": 76.55443102491002}, "rc-pulse-target": {"0": 2139.0, "1": 1393.0, "2": 1488.0, "3": 1311.0, "4": 1350.0, "5": 1320.580010871156}, "reward": 0.0, "annotation": ""}