{"rc-position-target": {"height": 2.383233686470612, "distance": 7.668412464873684, "heading": 59.94883920194202, "wrist_angle": -71.92398250701577, "wrist_rotation": 78.55443102491002, "gripper": 78.62799927525627}, "rc-angle-target": {"0": 149.948839201942, "1": 79.0, "2": 86.0, "3": 70.0, "4": 78.55443102491002}, "rc-pulse-target": {"0": 2206.0, "1": 1337.0, "2": 1455.0, "3": 1277.0, "4": 1372.0, "5": 1320.580010871156}, "reward": 0.0, "annotation": ""}