{"rc-position-target": {"height": 2.6832336864706123, "distance": 7.3684124648736855, "heading": 55.44883920194202, "wrist_angle": -67.42398250701577, "wrist_rotation": 77.05443102491002, "gripper": 78.62799927525627}, "rc-angle-target": {"0": 145.448839201942, "1": 83.0, "2": 88.0, "3": 72.0, "4": 77.05443102491002}, "rc-pulse-target": {"0": 2156.0, "1": 1382.0, "2": 1477.0, "3": 1300.0, "4": 1356.0, "5": 1320.580010871156}, "reward": 0.0, "annotation": ""}