{"rc-position-target": {"height": 2.9832336864706126, "distance": 7.068412464873687, "heading": 50.94883920194202, "wrist_angle": -62.923982507015765, "wrist_rotation": 75.55443102491002, "gripper": 78.62799927525627}, "rc-angle-target": {"0": 140.948839201942, "1": 87.0, "2": 90.0, "3": 75.0, "4": 75.55443102491002}, "rc-pulse-target": {"0": 2106.0, "1": 1426.0, "2": 1500.0, "3": 1333.0, "4": 1339.0, "5": 1320.580010871156}, "reward": 0.0, "annotation": ""}