{"rc-position-target": {"height": 2.283233686470612, "distance": 7.768412464873684, "heading": 61.44883920194202, "wrist_angle": -73.42398250701577, "wrist_rotation": 79.05443102491002, "gripper": 78.62799927525627}, "rc-angle-target": {"0": 151.448839201942, "1": 78.0, "2": 85.0, "3": 69.0, "4": 79.05443102491002}, "rc-pulse-target": {"0": 2222.0, "1": 1326.0, "2": 1444.0, "3": 1266.0, "4": 1378.0, "5": 1320.580010871156}, "reward": 0.0, "annotation": ""}