{"rc-position-target": {"height": 3.0832336864706127, "distance": 6.968412464873687, "heading": 49.44883920194202, "wrist_angle": -61.423982507015765, "wrist_rotation": 75.05443102491002, "gripper": 78.62799927525627}, "rc-angle-target": {"0": 139.448839201942, "1": 89.0, "2": 91.0, "3": 75.0, "4": 75.05443102491002}, "rc-pulse-target": {"0": 2089.0, "1": 1448.0, "2": 1511.0, "3": 1333.0, "4": 1333.0, "5": 1320.580010871156}, "reward": 0.0, "annotation": ""}