{"rc-position-target": {"height": 3.683233686470613, "distance": 6.368412464873689, "heading": 40.44883920194202, "wrist_angle": -54.209533354744146, "wrist_rotation": 72.05443102491002, "gripper": 78.62799927525627}, "rc-angle-target": {"0": 130.448839201942, "1": 97.0, "2": 94.0, "3": 77.0, "4": 72.05443102491002}, "rc-pulse-target": {"0": 1989.0, "1": 1537.0, "2": 1544.0, "3": 1355.0, "4": 1300.0, "5": 1320.580010871156}, "reward": 0.0, "annotation": ""}