{"rc-position-target": {"height": 3.483233686470613, "distance": 6.568412464873688, "heading": 43.44883920194202, "wrist_angle": -55.423982507015765, "wrist_rotation": 73.05443102491002, "gripper": 78.62799927525627}, "rc-angle-target": {"0": 133.448839201942, "1": 94.0, "2": 93.0, "3": 78.0, "4": 73.05443102491002}, "rc-pulse-target": {"0": 2022.0, "1": 1504.0, "2": 1533.0, "3": 1366.0, "4": 1311.0, "5": 1320.580010871156}, "reward": 0.0, "annotation": ""}