{"rc-position-target": {"height": 3.383233686470613, "distance": 6.668412464873688, "heading": 44.94883920194202, "wrist_angle": -56.923982507015765, "wrist_rotation": 73.55443102491002, "gripper": 78.62799927525627}, "rc-angle-target": {"0": 134.948839201942, "1": 93.0, "2": 92.0, "3": 77.0, "4": 73.55443102491002}, "rc-pulse-target": {"0": 2039.0, "1": 1493.0, "2": 1522.0, "3": 1355.0, "4": 1317.0, "5": 1320.580010871156}, "reward": 0.0, "annotation": ""}