{"rc-position-target": {"height": 3.7081353898669747, "distance": 6.268412464873689, "heading": 38.94883920194202, "wrist_angle": -54.209533354744146, "wrist_rotation": 71.55443102491002, "gripper": 78.62799927525627}, "rc-angle-target": {"0": 128.948839201942, "1": 98.0, "2": 94.0, "3": 77.0, "4": 71.55443102491002}, "rc-pulse-target": {"0": 1972.0, "1": 1548.0, "2": 1544.0, "3": 1355.0, "4": 1295.0, "5": 1320.580010871156}, "reward": 0.0, "annotation": ""}