{"rc-position-target": {"height": 3.7081353898669747, "distance": 6.06841246487369, "heading": 35.94883920194202, "wrist_angle": -54.209533354744146, "wrist_rotation": 70.55443102491002, "gripper": 78.62799927525627}, "rc-angle-target": {"0": 125.94883920194202, "1": 100.0, "2": 96.0, "3": 77.0, "4": 70.55443102491002}, "rc-pulse-target": {"0": 1939.0, "1": 1571.0, "2": 1566.0, "3": 1355.0, "4": 1283.0, "5": 1320.580010871156}, "reward": 0.0, "annotation": ""}