{"rc-position-target": {"height": 3.583233686470613, "distance": 6.468412464873689, "heading": 41.94883920194202, "wrist_angle": -54.209533354744146, "wrist_rotation": 72.55443102491002, "gripper": 78.62799927525627}, "rc-angle-target": {"0": 131.948839201942, "1": 95.0, "2": 93.0, "3": 78.0, "4": 72.55443102491002}, "rc-pulse-target": {"0": 2006.0, "1": 1515.0, "2": 1533.0, "3": 1366.0, "4": 1306.0, "5": 1320.580010871156}, "reward": 0.0, "annotation": ""}