{"rc-position-target": {"height": 3.283233686470613, "distance": 6.768412464873688, "heading": 46.44883920194202, "wrist_angle": -58.423982507015765, "wrist_rotation": 74.05443102491002, "gripper": 78.62799927525627}, "rc-angle-target": {"0": 136.448839201942, "1": 91.0, "2": 92.0, "3": 77.0, "4": 74.05443102491002}, "rc-pulse-target": {"0": 2056.0, "1": 1471.0, "2": 1522.0, "3": 1355.0, "4": 1322.0, "5": 1320.580010871156}, "reward": 0.0, "annotation": ""}