{"rc-position-target": {"height": 3.7081353898669747, "distance": 5.868412464873691, "heading": 32.94883920194202, "wrist_angle": -54.209533354744146, "wrist_rotation": 69.55443102491002, "gripper": 78.62799927525627}, "rc-angle-target": {"0": 122.94883920194202, "1": 102.0, "2": 98.0, "3": 76.0, "4": 69.55443102491002}, "rc-pulse-target": {"0": 1906.0, "1": 1593.0, "2": 1588.0, "3": 1344.0, "4": 1272.0, "5": 1320.580010871156}, "reward": 0.0, "annotation": ""}