{"rc-position-target": {"height": 3.7081353898669747, "distance": 5.9684124648736905, "heading": 34.44883920194202, "wrist_angle": -54.209533354744146, "wrist_rotation": 70.05443102491002, "gripper": 78.62799927525627}, "rc-angle-target": {"0": 124.44883920194202, "1": 101.0, "2": 97.0, "3": 76.0, "4": 70.05443102491002}, "rc-pulse-target": {"0": 1922.0, "1": 1582.0, "2": 1577.0, "3": 1344.0, "4": 1278.0, "5": 1320.580010871156}, "reward": 0.0, "annotation": ""}