{"rc-position-target": {"height": 3.7081353898669747, "distance": 5.368412464873693, "heading": 25.44883920194202, "wrist_angle": -54.209533354744146, "wrist_rotation": 67.05443102491002, "gripper": 78.62799927525627}, "rc-angle-target": {"0": 115.44883920194202, "1": 108.0, "2": 102.0, "3": 75.0, "4": 67.05443102491002}, "rc-pulse-target": {"0": 1822.0, "1": 1660.0, "2": 1633.0, "3": 1333.0, "4": 1245.0, "5": 1320.580010871156}, "reward": 0.0, "annotation": ""}