{"rc-position-target": {"height": 3.7081353898669747, "distance": 5.268412464873693, "heading": 23.94883920194202, "wrist_angle": -54.209533354744146, "wrist_rotation": 66.55443102491002, "gripper": 78.62799927525627}, "rc-angle-target": {"0": 113.94883920194202, "1": 109.0, "2": 103.0, "3": 75.0, "4": 66.55443102491002}, "rc-pulse-target": {"0": 1806.0, "1": 1671.0, "2": 1644.0, "3": 1333.0, "4": 1239.0, "5": 1320.580010871156}, "reward": 0.0, "annotation": ""}