{"rc-position-target": {"height": 3.7081353898669747, "distance": 5.6684124648736915, "heading": 29.94883920194202, "wrist_angle": -54.209533354744146, "wrist_rotation": 68.55443102491002, "gripper": 78.62799927525627}, "rc-angle-target": {"0": 119.94883920194202, "1": 104.0, "2": 100.0, "3": 76.0, "4": 68.55443102491002}, "rc-pulse-target": {"0": 1872.0, "1": 1615.0, "2": 1611.0, "3": 1344.0, "4": 1261.0, "5": 1320.580010871156}, "reward": 0.0, "annotation": ""}