{"rc-position-target": {"height": 3.7081353898669747, "distance": 5.568412464873692, "heading": 28.44883920194202, "wrist_angle": -54.209533354744146, "wrist_rotation": 68.05443102491002, "gripper": 78.62799927525627}, "rc-angle-target": {"0": 118.44883920194202, "1": 105.0, "2": 101.0, "3": 76.0, "4": 68.05443102491002}, "rc-pulse-target": {"0": 1856.0, "1": 1626.0, "2": 1622.0, "3": 1344.0, "4": 1256.0, "5": 1320.580010871156}, "reward": 0.0, "annotation": ""}