{"rc-position-target": {"height": 3.7081353898669747, "distance": 4.868412464873694, "heading": 17.94883920194202, "wrist_angle": -54.209533354744146, "wrist_rotation": 66.48977717644522, "gripper": 78.62799927525627}, "rc-angle-target": {"0": 107.94883920194202, "1": 114.0, "2": 107.0, "3": 73.0, "4": 66.48977717644522}, "rc-pulse-target": {"0": 1739.0, "1": 1726.0, "2": 1688.0, "3": 1311.0, "4": 1238.0, "5": 1320.580010871156}, "reward": 0.0, "annotation": ""}