{"rc-position-target": {"height": 3.7081353898669747, "distance": 4.968412464873694, "heading": 19.44883920194202, "wrist_angle": -54.209533354744146, "wrist_rotation": 66.48977717644522, "gripper": 78.62799927525627}, "rc-angle-target": {"0": 109.44883920194202, "1": 112.0, "2": 106.0, "3": 74.0, "4": 66.48977717644522}, "rc-pulse-target": {"0": 1756.0, "1": 1704.0, "2": 1677.0, "3": 1322.0, "4": 1238.0, "5": 1320.580010871156}, "reward": 0.0, "annotation": ""}