{"rc-position-target": {"height": 3.7081353898669747, "distance": 5.768412464873691, "heading": 31.44883920194202, "wrist_angle": -54.209533354744146, "wrist_rotation": 69.05443102491002, "gripper": 78.62799927525627}, "rc-angle-target": {"0": 121.44883920194202, "1": 103.0, "2": 99.0, "3": 76.0, "4": 69.05443102491002}, "rc-pulse-target": {"0": 1889.0, "1": 1604.0, "2": 1600.0, "3": 1344.0, "4": 1267.0, "5": 1320.580010871156}, "reward": 0.0, "annotation": ""}