{"rc-position-target": {"height": 3.7081353898669747, "distance": 5.468412464873692, "heading": 26.94883920194202, "wrist_angle": -54.209533354744146, "wrist_rotation": 67.55443102491002, "gripper": 78.62799927525627}, "rc-angle-target": {"0": 116.94883920194202, "1": 107.0, "2": 102.0, "3": 75.0, "4": 67.55443102491002}, "rc-pulse-target": {"0": 1839.0, "1": 1648.0, "2": 1633.0, "3": 1333.0, "4": 1250.0, "5": 1320.580010871156}, "reward": 0.0, "annotation": ""}