{"rc-position-target": {"height": 3.7081353898669747, "distance": 5.168412464873693, "heading": 22.44883920194202, "wrist_angle": -54.209533354744146, "wrist_rotation": 66.48977717644522, "gripper": 78.62799927525627}, "rc-angle-target": {"0": 112.44883920194202, "1": 110.0, "2": 104.0, "3": 74.0, "4": 66.48977717644522}, "rc-pulse-target": {"0": 1789.0, "1": 1682.0, "2": 1655.0, "3": 1322.0, "4": 1238.0, "5": 1320.580010871156}, "reward": 0.0, "annotation": ""}