{"rc-position-target": {"height": 3.7081353898669747, "distance": 5.068412464873694, "heading": 20.94883920194202, "wrist_angle": -54.209533354744146, "wrist_rotation": 66.48977717644522, "gripper": 78.62799927525627}, "rc-angle-target": {"0": 110.94883920194202, "1": 111.0, "2": 105.0, "3": 74.0, "4": 66.48977717644522}, "rc-pulse-target": {"0": 1772.0, "1": 1693.0, "2": 1666.0, "3": 1322.0, "4": 1238.0, "5": 1320.580010871156}, "reward": 0.0, "annotation": ""}