{"rc-position-target": {"height": 3.7081353898669747, "distance": 4.668412464873695, "heading": 14.948839201942022, "wrist_angle": -54.209533354744146, "wrist_rotation": 66.48977717644522, "gripper": 78.62799927525627}, "rc-angle-target": {"0": 104.94883920194202, "1": 116.0, "2": 108.0, "3": 73.0, "4": 66.48977717644522}, "rc-pulse-target": {"0": 1706.0, "1": 1748.0, "2": 1700.0, "3": 1311.0, "4": 1238.0, "5": 1320.580010871156}, "reward": 0.0, "annotation": ""}