{"rc-position-target": {"height": 3.7081353898669747, "distance": 4.068412464873697, "heading": 5.948839201942022, "wrist_angle": -54.209533354744146, "wrist_rotation": 66.48977717644522, "gripper": 78.62799927525627}, "rc-angle-target": {"0": 95.94883920194202, "1": 124.0, "2": 113.0, "3": 69.0, "4": 66.48977717644522}, "rc-pulse-target": {"0": 1606.0, "1": 1837.0, "2": 1755.0, "3": 1266.0, "4": 1238.0, "5": 1320.580010871156}, "reward": 0.0, "annotation": ""}