{"rc-position-target": {"height": 3.7081353898669747, "distance": 3.868412464873697, "heading": 2.9488392019420218, "wrist_angle": -54.209533354744146, "wrist_rotation": 66.48977717644522, "gripper": 78.62799927525627}, "rc-angle-target": {"0": 92.94883920194202, "1": 126.0, "2": 114.0, "3": 68.0, "4": 66.48977717644522}, "rc-pulse-target": {"0": 1572.0, "1": 1860.0, "2": 1766.0, "3": 1255.0, "4": 1238.0, "5": 1320.580010871156}, "reward": 0.0, "annotation": ""}