{"rc-position-target": {"height": 3.7081353898669747, "distance": 4.2684124648736965, "heading": 8.948839201942022, "wrist_angle": -54.209533354744146, "wrist_rotation": 66.48977717644522, "gripper": 78.62799927525627}, "rc-angle-target": {"0": 98.94883920194202, "1": 121.0, "2": 111.0, "3": 71.0, "4": 66.48977717644522}, "rc-pulse-target": {"0": 1639.0, "1": 1804.0, "2": 1733.0, "3": 1288.0, "4": 1238.0, "5": 1320.580010871156}, "reward": 0.0, "annotation": ""}