{"rc-position-target": {"height": 3.7081353898669747, "distance": 3.968412464873697, "heading": 4.448839201942022, "wrist_angle": -54.209533354744146, "wrist_rotation": 66.48977717644522, "gripper": 78.62799927525627}, "rc-angle-target": {"0": 94.44883920194202, "1": 125.0, "2": 114.0, "3": 69.0, "4": 66.48977717644522}, "rc-pulse-target": {"0": 1589.0, "1": 1848.0, "2": 1766.0, "3": 1266.0, "4": 1238.0, "5": 1320.580010871156}, "reward": 0.0, "annotation": ""}