{"rc-position-target": {"height": 3.7081353898669747, "distance": 4.5684124648736955, "heading": 13.448839201942022, "wrist_angle": -54.209533354744146, "wrist_rotation": 66.48977717644522, "gripper": 78.62799927525627}, "rc-angle-target": {"0": 103.44883920194202, "1": 117.0, "2": 109.0, "3": 72.0, "4": 66.48977717644522}, "rc-pulse-target": {"0": 1689.0, "1": 1760.0, "2": 1711.0, "3": 1300.0, "4": 1238.0, "5": 1320.580010871156}, "reward": 0.0, "annotation": ""}