{"rc-position-target": {"height": 3.7081353898669747, "distance": 4.168412464873697, "heading": 7.448839201942022, "wrist_angle": -54.209533354744146, "wrist_rotation": 66.48977717644522, "gripper": 78.62799927525627}, "rc-angle-target": {"0": 97.44883920194202, "1": 122.0, "2": 112.0, "3": 70.0, "4": 66.48977717644522}, "rc-pulse-target": {"0": 1622.0, "1": 1815.0, "2": 1744.0, "3": 1277.0, "4": 1238.0, "5": 1320.580010871156}, "reward": 0.0, "annotation": ""}