{"rc-position-target": {"height": 3.7081353898669747, "distance": 3.768412464873697, "heading": 1.4488392019420218, "wrist_angle": -54.209533354744146, "wrist_rotation": 66.48977717644522, "gripper": 78.62799927525627}, "rc-angle-target": {"0": 91.44883920194202, "1": 128.0, "2": 115.0, "3": 68.0, "4": 66.48977717644522}, "rc-pulse-target": {"0": 1556.0, "1": 1882.0, "2": 1777.0, "3": 1255.0, "4": 1238.0, "5": 1320.580010871156}, "reward": 0.0, "annotation": ""}