{"rc-position-target": {"height": 3.7081353898669747, "distance": 3.674265183161459, "heading": -69.05116079805798, "wrist_angle": -54.209533354744146, "wrist_rotation": 66.48977717644522, "gripper": 78.62799927525627}, "rc-angle-target": {"0": 20.94883920194202, "1": 129.0, "2": 116.0, "3": 67.0, "4": 66.48977717644522}, "rc-pulse-target": {"0": 772.0, "1": 1893.0, "2": 1788.0, "3": 1244.0, "4": 1238.0, "5": 1320.580010871156}, "reward": 0.0, "annotation": ""}