{"rc-position-target": {"height": 3.6081353898669746, "distance": 3.774265183161459, "heading": -82.55116079805798, "wrist_angle": -52.709533354744146, "wrist_rotation": 66.98977717644522, "gripper": 83.62799927525627}, "rc-angle-target": {"0": 7.448839201942022, "1": 128.0, "2": 116.0, "3": 70.0, "4": 66.98977717644522}, "rc-pulse-target": {"0": 622.0, "1": 1882.0, "2": 1788.0, "3": 1277.0, "4": 1244.0, "5": 1245.580010871156}, "reward": 0.0, "annotation": ""}