{"rc-position-target": {"height": 3.5081353898669745, "distance": 3.874265183161459, "heading": -81.05116079805798, "wrist_angle": -51.209533354744146, "wrist_rotation": 67.48977717644522, "gripper": 88.62799927525627}, "rc-angle-target": {"0": 8.948839201942022, "1": 126.0, "2": 116.0, "3": 73.0, "4": 67.48977717644522}, "rc-pulse-target": {"0": 639.0, "1": 1860.0, "2": 1788.0, "3": 1311.0, "4": 1249.0, "5": 1170.580010871156}, "reward": 0.0, "annotation": ""}