{"rc-position-target": {"height": 2.8380501335528328, "distance": 4.674265183161457, "heading": -69.05116079805798, "wrist_angle": -49.67336006652662, "wrist_rotation": 71.48977717644522, "gripper": 95.18112674700896}, "rc-angle-target": {"0": 20.94883920194202, "1": 113.0, "2": 113.0, "3": 85.0, "4": 71.48977717644522}, "rc-pulse-target": {"0": 772.0, "1": 1715.0, "2": 1755.0, "3": 1444.0, "4": 1294.0, "5": 1072.2830987948655}, "reward": 0.0, "annotation": ""}