{"rc-position-target": {"height": 3.3081353898669743, "distance": 4.074265183161459, "heading": -78.05116079805798, "wrist_angle": -49.67336006652662, "wrist_rotation": 68.48977717644522, "gripper": 95.18112674700896}, "rc-angle-target": {"0": 11.948839201942022, "1": 123.0, "2": 115.0, "3": 78.0, "4": 68.48977717644522}, "rc-pulse-target": {"0": 672.0, "1": 1826.0, "2": 1777.0, "3": 1366.0, "4": 1260.0, "5": 1072.2830987948655}, "reward": 0.0, "annotation": ""}