{"rc-position-target": {"height": 2.8380501335528328, "distance": 4.874265183161456, "heading": -66.05116079805798, "wrist_angle": -49.67336006652662, "wrist_rotation": 72.48977717644522, "gripper": 95.18112674700896}, "rc-angle-target": {"0": 23.94883920194202, "1": 110.0, "2": 111.0, "3": 86.0, "4": 72.48977717644522}, "rc-pulse-target": {"0": 806.0, "1": 1682.0, "2": 1733.0, "3": 1455.0, "4": 1305.0, "5": 1072.2830987948655}, "reward": 0.0, "annotation": ""}