{"rc-position-target": {"height": 3.108135389866974, "distance": 4.274265183161458, "heading": -75.05116079805798, "wrist_angle": -49.67336006652662, "wrist_rotation": 69.48977717644522, "gripper": 95.18112674700896}, "rc-angle-target": {"0": 14.948839201942022, "1": 119.0, "2": 115.0, "3": 81.0, "4": 69.48977717644522}, "rc-pulse-target": {"0": 706.0, "1": 1782.0, "2": 1777.0, "3": 1400.0, "4": 1272.0, "5": 1072.2830987948655}, "reward": 0.0, "annotation": ""}