{"rc-position-target": {"height": 3.008135389866974, "distance": 4.374265183161458, "heading": -73.55116079805798, "wrist_angle": -49.67336006652662, "wrist_rotation": 69.98977717644522, "gripper": 95.18112674700896}, "rc-angle-target": {"0": 16.44883920194202, "1": 118.0, "2": 115.0, "3": 82.0, "4": 69.98977717644522}, "rc-pulse-target": {"0": 722.0, "1": 1771.0, "2": 1777.0, "3": 1411.0, "4": 1277.0, "5": 1072.2830987948655}, "reward": 0.0, "annotation": ""}