{"rc-position-target": {"height": 2.908135389866974, "distance": 4.4742651831614575, "heading": -72.05116079805798, "wrist_angle": -49.67336006652662, "wrist_rotation": 70.48977717644522, "gripper": 95.18112674700896}, "rc-angle-target": {"0": 17.94883920194202, "1": 116.0, "2": 115.0, "3": 84.0, "4": 70.48977717644522}, "rc-pulse-target": {"0": 739.0, "1": 1748.0, "2": 1777.0, "3": 1433.0, "4": 1283.0, "5": 1072.2830987948655}, "reward": 0.0, "annotation": ""}