{"rc-position-target": {"height": 2.8380501335528328, "distance": 4.774265183161456, "heading": -67.55116079805798, "wrist_angle": -49.67336006652662, "wrist_rotation": 71.98977717644522, "gripper": 95.18112674700896}, "rc-angle-target": {"0": 22.44883920194202, "1": 112.0, "2": 112.0, "3": 86.0, "4": 71.98977717644522}, "rc-pulse-target": {"0": 789.0, "1": 1704.0, "2": 1744.0, "3": 1455.0, "4": 1299.0, "5": 1072.2830987948655}, "reward": 0.0, "annotation": ""}