{"rc-position-target": {"height": 2.8380501335528328, "distance": 4.574265183161457, "heading": -70.55116079805798, "wrist_angle": -49.67336006652662, "wrist_rotation": 70.98977717644522, "gripper": 95.18112674700896}, "rc-angle-target": {"0": 19.44883920194202, "1": 114.0, "2": 114.0, "3": 85.0, "4": 70.98977717644522}, "rc-pulse-target": {"0": 756.0, "1": 1726.0, "2": 1766.0, "3": 1444.0, "4": 1288.0, "5": 1072.2830987948655}, "reward": 0.0, "annotation": ""}