{"rc-position-target": {"height": 3.4081353898669744, "distance": 3.9742651831614593, "heading": -79.55116079805798, "wrist_angle": -49.709533354744146, "wrist_rotation": 67.98977717644522, "gripper": 93.62799927525627}, "rc-angle-target": {"0": 10.448839201942022, "1": 124.0, "2": 116.0, "3": 76.0, "4": 67.98977717644522}, "rc-pulse-target": {"0": 656.0, "1": 1837.0, "2": 1788.0, "3": 1344.0, "4": 1255.0, "5": 1095.580010871156}, "reward": 0.0, "annotation": ""}