{"rc-position-target": {"height": 3.208135389866974, "distance": 4.174265183161459, "heading": -76.55116079805798, "wrist_angle": -49.67336006652662, "wrist_rotation": 68.98977717644522, "gripper": 95.18112674700896}, "rc-angle-target": {"0": 13.448839201942022, "1": 121.0, "2": 115.0, "3": 79.0, "4": 68.98977717644522}, "rc-pulse-target": {"0": 689.0, "1": 1804.0, "2": 1777.0, "3": 1377.0, "4": 1266.0, "5": 1072.2830987948655}, "reward": 0.0, "annotation": ""}