{"rc-position-target": {"height": 2.8380501335528328, "distance": 4.974265183161456, "heading": -64.55116079805798, "wrist_angle": -49.67336006652662, "wrist_rotation": 72.98977717644522, "gripper": 95.18112674700896}, "rc-angle-target": {"0": 25.44883920194202, "1": 109.0, "2": 111.0, "3": 86.0, "4": 72.98977717644522}, "rc-pulse-target": {"0": 822.0, "1": 1671.0, "2": 1733.0, "3": 1455.0, "4": 1310.0, "5": 1072.2830987948655}, "reward": 0.0, "annotation": ""}