{"rc-position-target": {"height": 2.8380501335528328, "distance": 5.074265183161455, "heading": -63.05116079805798, "wrist_angle": -49.67336006652662, "wrist_rotation": 73.48977717644522, "gripper": 95.18112674700896}, "rc-angle-target": {"0": 26.94883920194202, "1": 108.0, "2": 110.0, "3": 87.0, "4": 73.48977717644522}, "rc-pulse-target": {"0": 839.0, "1": 1660.0, "2": 1722.0, "3": 1466.0, "4": 1316.0, "5": 1072.2830987948655}, "reward": 0.0, "annotation": ""}