{"rc-position-target": {"height": 2.8380501335528328, "distance": 5.574265183161454, "heading": -55.55116079805798, "wrist_angle": -49.67336006652662, "wrist_rotation": 73.58976302182462, "gripper": 95.18112674700896}, "rc-angle-target": {"0": 34.44883920194202, "1": 102.0, "2": 105.0, "3": 88.0, "4": 73.58976302182462}, "rc-pulse-target": {"0": 922.0, "1": 1593.0, "2": 1666.0, "3": 1477.0, "4": 1317.0, "5": 1072.2830987948655}, "reward": 0.0, "annotation": ""}