{"rc-position-target": {"height": 2.8380501335528328, "distance": 5.174265183161455, "heading": -61.55116079805798, "wrist_angle": -49.67336006652662, "wrist_rotation": 73.58976302182462, "gripper": 95.18112674700896}, "rc-angle-target": {"0": 28.44883920194202, "1": 107.0, "2": 109.0, "3": 87.0, "4": 73.58976302182462}, "rc-pulse-target": {"0": 856.0, "1": 1648.0, "2": 1711.0, "3": 1466.0, "4": 1317.0, "5": 1072.2830987948655}, "reward": 0.0, "annotation": ""}