{"rc-position-target": {"height": 2.8380501335528328, "distance": 5.274265183161455, "heading": -60.05116079805798, "wrist_angle": -49.67336006652662, "wrist_rotation": 73.58976302182462, "gripper": 95.18112674700896}, "rc-angle-target": {"0": 29.94883920194202, "1": 106.0, "2": 108.0, "3": 87.0, "4": 73.58976302182462}, "rc-pulse-target": {"0": 872.0, "1": 1637.0, "2": 1700.0, "3": 1466.0, "4": 1317.0, "5": 1072.2830987948655}, "reward": 0.0, "annotation": ""}