{"rc-position-target": {"height": 2.8380501335528328, "distance": 5.792710467263928, "heading": -49.55116079805798, "wrist_angle": -49.67336006652662, "wrist_rotation": 73.58976302182462, "gripper": 95.18112674700896}, "rc-angle-target": {"0": 40.44883920194202, "1": 100.0, "2": 103.0, "3": 88.0, "4": 73.58976302182462}, "rc-pulse-target": {"0": 989.0, "1": 1571.0, "2": 1644.0, "3": 1477.0, "4": 1317.0, "5": 1072.2830987948655}, "reward": 0.0, "annotation": ""}