{"rc-position-target": {"height": 2.857272247362171, "distance": 6.192710467263926, "heading": 7.303874366727882, "wrist_angle": -43.67336006652662, "wrist_rotation": 75.58976302182462, "gripper": 75.18112674700896}, "rc-angle-target": {"0": 97.30387436672788, "1": 96.0, "2": 99.0, "3": 95.0, "4": 75.58976302182462}, "rc-pulse-target": {"0": 1621.0, "1": 1526.0, "2": 1600.0, "3": 1555.0, "4": 1339.0, "5": 1372.2830987948655}, "reward": 0.0, "annotation": ""}