{"rc-position-target": {"height": 2.857272247362171, "distance": 6.292710467263926, "heading": 8.803874366727882, "wrist_angle": -42.17336006652662, "wrist_rotation": 76.08976302182462, "gripper": 70.18112674700896}, "rc-angle-target": {"0": 98.80387436672788, "1": 94.0, "2": 98.0, "3": 96.0, "4": 76.08976302182462}, "rc-pulse-target": {"0": 1637.0, "1": 1504.0, "2": 1588.0, "3": 1566.0, "4": 1345.0, "5": 1447.2830987948655}, "reward": 0.0, "annotation": ""}