{"rc-position-target": {"height": 2.857272247362171, "distance": 5.892710467263927, "heading": 2.8038743667278823, "wrist_angle": -48.17336006652662, "wrist_rotation": 74.08976302182462, "gripper": 90.18112674700896}, "rc-angle-target": {"0": 92.80387436672788, "1": 99.0, "2": 102.0, "3": 90.0, "4": 74.08976302182462}, "rc-pulse-target": {"0": 1571.0, "1": 1560.0, "2": 1633.0, "3": 1500.0, "4": 1323.0, "5": 1147.2830987948655}, "reward": 0.0, "annotation": ""}