{"rc-position-target": {"height": 2.857272247362171, "distance": 5.992710467263927, "heading": 4.303874366727882, "wrist_angle": -46.67336006652662, "wrist_rotation": 74.58976302182462, "gripper": 85.18112674700896}, "rc-angle-target": {"0": 94.30387436672788, "1": 98.0, "2": 101.0, "3": 91.0, "4": 74.58976302182462}, "rc-pulse-target": {"0": 1587.0, "1": 1548.0, "2": 1622.0, "3": 1511.0, "4": 1328.0, "5": 1222.2830987948655}, "reward": 0.0, "annotation": ""}