{"rc-position-target": {"height": 2.857272247362171, "distance": 6.0927104672639265, "heading": 5.803874366727882, "wrist_angle": -45.17336006652662, "wrist_rotation": 75.08976302182462, "gripper": 80.18112674700896}, "rc-angle-target": {"0": 95.80387436672788, "1": 97.0, "2": 100.0, "3": 93.0, "4": 75.08976302182462}, "rc-pulse-target": {"0": 1604.0, "1": 1537.0, "2": 1611.0, "3": 1533.0, "4": 1334.0, "5": 1297.2830987948655}, "reward": 0.0, "annotation": ""}