{"rc-position-target": {"height": 2.857272247362171, "distance": 6.592710467263925, "heading": 13.303874366727882, "wrist_angle": -37.67336006652662, "wrist_rotation": 77.58976302182462, "gripper": 55.18112674700896}, "rc-angle-target": {"0": 103.30387436672788, "1": 91.0, "2": 95.0, "3": 101.0, "4": 77.58976302182462}, "rc-pulse-target": {"0": 1687.0, "1": 1471.0, "2": 1555.0, "3": 1622.0, "4": 1362.0, "5": 1672.2830987948655}, "reward": 0.0, "annotation": ""}