{"rc-position-target": {"height": 2.857272247362171, "distance": 7.092710467263923, "heading": 15.787906319226778, "wrist_angle": -30.17336006652662, "wrist_rotation": 80.08976302182462, "gripper": 33.771839117563616}, "rc-angle-target": {"0": 105.78790631922678, "1": 86.0, "2": 90.0, "3": 108.0, "4": 80.08976302182462}, "rc-pulse-target": {"0": 1715.0, "1": 1415.0, "2": 1500.0, "3": 1700.0, "4": 1389.0, "5": 1993.4224132365457}, "reward": 0.0, "annotation": ""}