{"rc-position-target": {"height": 2.857272247362171, "distance": 6.992710467263923, "heading": 15.787906319226778, "wrist_angle": -31.67336006652662, "wrist_rotation": 79.58976302182462, "gripper": 35.18112674700896}, "rc-angle-target": {"0": 105.78790631922678, "1": 87.0, "2": 91.0, "3": 107.0, "4": 79.58976302182462}, "rc-pulse-target": {"0": 1715.0, "1": 1426.0, "2": 1511.0, "3": 1688.0, "4": 1384.0, "5": 1972.2830987948655}, "reward": 0.0, "annotation": ""}