{"rc-position-target": {"height": 2.857272247362171, "distance": 7.292710467263922, "heading": 15.787906319226778, "wrist_angle": -27.5076153905109, "wrist_rotation": 81.08976302182462, "gripper": 33.771839117563616}, "rc-angle-target": {"0": 105.78790631922678, "1": 85.0, "2": 88.0, "3": 111.0, "4": 81.08976302182462}, "rc-pulse-target": {"0": 1715.0, "1": 1404.0, "2": 1477.0, "3": 1733.0, "4": 1400.0, "5": 1993.4224132365457}, "reward": 0.0, "annotation": ""}