{"rc-position-target": {"height": 2.857272247362171, "distance": 7.192710467263923, "heading": 15.787906319226778, "wrist_angle": -28.67336006652662, "wrist_rotation": 80.58976302182462, "gripper": 33.771839117563616}, "rc-angle-target": {"0": 105.78790631922678, "1": 85.0, "2": 89.0, "3": 110.0, "4": 80.58976302182462}, "rc-pulse-target": {"0": 1715.0, "1": 1404.0, "2": 1488.0, "3": 1722.0, "4": 1395.0, "5": 1993.4224132365457}, "reward": 0.0, "annotation": ""}