{"rc-position-target": {"height": 2.857272247362171, "distance": 6.792710467263924, "heading": 15.787906319226778, "wrist_angle": -34.67336006652662, "wrist_rotation": 78.58976302182462, "gripper": 45.18112674700896}, "rc-angle-target": {"0": 105.78790631922678, "1": 89.0, "2": 94.0, "3": 104.0, "4": 78.58976302182462}, "rc-pulse-target": {"0": 1715.0, "1": 1448.0, "2": 1544.0, "3": 1655.0, "4": 1373.0, "5": 1822.2830987948655}, "reward": 0.0, "annotation": ""}