{"rc-position-target": {"height": 2.857272247362171, "distance": 6.692710467263924, "heading": 14.803874366727882, "wrist_angle": -36.17336006652662, "wrist_rotation": 78.08976302182462, "gripper": 50.18112674700896}, "rc-angle-target": {"0": 104.80387436672788, "1": 90.0, "2": 95.0, "3": 102.0, "4": 78.08976302182462}, "rc-pulse-target": {"0": 1704.0, "1": 1460.0, "2": 1555.0, "3": 1633.0, "4": 1367.0, "5": 1747.2830987948655}, "reward": 0.0, "annotation": ""}