{"rc-position-target": {"height": 2.857272247362171, "distance": 6.892710467263924, "heading": 15.787906319226778, "wrist_angle": -33.17336006652662, "wrist_rotation": 79.08976302182462, "gripper": 40.18112674700896}, "rc-angle-target": {"0": 105.78790631922678, "1": 88.0, "2": 93.0, "3": 105.0, "4": 79.08976302182462}, "rc-pulse-target": {"0": 1715.0, "1": 1437.0, "2": 1533.0, "3": 1666.0, "4": 1378.0, "5": 1897.2830987948655}, "reward": 0.0, "annotation": ""}