{"rc-position-target": {"height": 2.857272247362171, "distance": 6.492710467263925, "heading": 11.803874366727882, "wrist_angle": -39.17336006652662, "wrist_rotation": 77.08976302182462, "gripper": 60.18112674700896}, "rc-angle-target": {"0": 101.80387436672788, "1": 92.0, "2": 96.0, "3": 99.0, "4": 77.08976302182462}, "rc-pulse-target": {"0": 1671.0, "1": 1482.0, "2": 1566.0, "3": 1600.0, "4": 1356.0, "5": 1597.2830987948655}, "reward": 0.0, "annotation": ""}