{"rc-position-target": {"height": 2.857272247362171, "distance": 6.3927104672639254, "heading": 10.303874366727882, "wrist_angle": -40.67336006652662, "wrist_rotation": 76.58976302182462, "gripper": 65.18112674700896}, "rc-angle-target": {"0": 100.30387436672788, "1": 93.0, "2": 97.0, "3": 98.0, "4": 76.58976302182462}, "rc-pulse-target": {"0": 1654.0, "1": 1493.0, "2": 1577.0, "3": 1588.0, "4": 1350.0, "5": 1522.2830987948655}, "reward": 0.0, "annotation": ""}