{"rc-position-target": {"height": 2.857272247362171, "distance": 7.89271046726392, "heading": 15.787906319226778, "wrist_angle": -27.5076153905109, "wrist_rotation": 84.08976302182462, "gripper": 33.771839117563616}, "rc-angle-target": {"0": 105.78790631922678, "1": 79.0, "2": 82.0, "3": 110.0, "4": 84.08976302182462}, "rc-pulse-target": {"0": 1715.0, "1": 1337.0, "2": 1411.0, "3": 1722.0, "4": 1434.0, "5": 1993.4224132365457}, "reward": 0.0, "annotation": ""}