{"rc-position-target": {"height": 2.857272247362171, "distance": 7.592710467263921, "heading": 15.787906319226778, "wrist_angle": -27.5076153905109, "wrist_rotation": 82.58976302182462, "gripper": 33.771839117563616}, "rc-angle-target": {"0": 105.78790631922678, "1": 82.0, "2": 85.0, "3": 111.0, "4": 82.58976302182462}, "rc-pulse-target": {"0": 1715.0, "1": 1371.0, "2": 1444.0, "3": 1733.0, "4": 1417.0, "5": 1993.4224132365457}, "reward": 0.0, "annotation": ""}