{"rc-position-target": {"height": 2.857272247362171, "distance": 8.210626930411792, "heading": 15.787906319226778, "wrist_angle": -27.5076153905109, "wrist_rotation": 86.08976302182462, "gripper": 33.771839117563616}, "rc-angle-target": {"0": 105.78790631922678, "1": 76.0, "2": 79.0, "3": 110.0, "4": 86.08976302182462}, "rc-pulse-target": {"0": 1715.0, "1": 1304.0, "2": 1377.0, "3": 1722.0, "4": 1456.0, "5": 1993.4224132365457}, "reward": 0.0, "annotation": ""}