{"rc-position-target": {"height": 4.100000000000003, "distance": 5.899999999999997, "heading": 13.5, "wrist_angle": -58.5, "wrist_rotation": 76.38518923685629, "gripper": 68.12040267688143}, "rc-angle-target": {"0": 103.5, "1": 103.0, "2": 95.0, "3": 69.0, "4": 76.38518923685629}, "rc-pulse-target": {"0": 1690.0, "1": 1604.0, "2": 1555.0, "3": 1266.0, "4": 1348.0, "5": 1478.1939598467786}, "reward": 0.0, "annotation": ""}