{"rc-position-target": {"height": 4.600000000000001, "distance": 5.399999999999999, "heading": 6.0, "wrist_angle": -51.0, "wrist_rotation": 76.38518923685629, "gripper": 80.0}, "rc-angle-target": {"0": 96.0, "1": 109.0, "2": 96.0, "3": 71.0, "4": 76.38518923685629}, "rc-pulse-target": {"0": 1606.0, "1": 1671.0, "2": 1566.0, "3": 1288.0, "4": 1348.0, "5": 1300.0}, "reward": 0.0, "annotation": ""}