{"rc-position-target": {"height": 4.3000000000000025, "distance": 5.6999999999999975, "heading": 10.5, "wrist_angle": -55.5, "wrist_rotation": 76.38518923685629, "gripper": 68.12040267688143}, "rc-angle-target": {"0": 100.5, "1": 105.0, "2": 96.0, "3": 70.0, "4": 76.38518923685629}, "rc-pulse-target": {"0": 1656.0, "1": 1626.0, "2": 1566.0, "3": 1277.0, "4": 1348.0, "5": 1478.1939598467786}, "reward": 0.0, "annotation": ""}