{"rc-position-target": {"height": 4.200000000000003, "distance": 5.799999999999997, "heading": 12.0, "wrist_angle": -57.0, "wrist_rotation": 76.38518923685629, "gripper": 68.12040267688143}, "rc-angle-target": {"0": 102.0, "1": 104.0, "2": 96.0, "3": 69.0, "4": 76.38518923685629}, "rc-pulse-target": {"0": 1673.0, "1": 1615.0, "2": 1566.0, "3": 1266.0, "4": 1348.0, "5": 1478.1939598467786}, "reward": 0.0, "annotation": ""}