{"rc-position-target": {"height": 3.8000000000000034, "distance": 6.199999999999996, "heading": 18.0, "wrist_angle": -63.0, "wrist_rotation": 76.38518923685629, "gripper": 68.12040267688143}, "rc-angle-target": {"0": 108.0, "1": 99.0, "2": 95.0, "3": 67.0, "4": 76.38518923685629}, "rc-pulse-target": {"0": 1740.0, "1": 1560.0, "2": 1555.0, "3": 1244.0, "4": 1348.0, "5": 1478.1939598467786}, "reward": 0.0, "annotation": ""}