{"rc-position-target": {"height": 3.600000000000003, "distance": 6.399999999999995, "heading": 21.0, "wrist_angle": -66.0, "wrist_rotation": 76.38518923685629, "gripper": 68.12040267688143}, "rc-angle-target": {"0": 111.0, "1": 96.0, "2": 94.0, "3": 66.0, "4": 76.38518923685629}, "rc-pulse-target": {"0": 1773.0, "1": 1526.0, "2": 1544.0, "3": 1233.0, "4": 1348.0, "5": 1478.1939598467786}, "reward": 0.0, "annotation": ""}