{"rc-position-target": {"height": 3.7000000000000033, "distance": 6.299999999999995, "heading": 19.5, "wrist_angle": -64.5, "wrist_rotation": 76.38518923685629, "gripper": 68.12040267688143}, "rc-angle-target": {"0": 109.5, "1": 98.0, "2": 94.0, "3": 67.0, "4": 76.38518923685629}, "rc-pulse-target": {"0": 1756.0, "1": 1548.0, "2": 1544.0, "3": 1244.0, "4": 1348.0, "5": 1478.1939598467786}, "reward": 0.0, "annotation": ""}