{"rc-position-target": {"height": 3.1000000000000028, "distance": 6.899999999999993, "heading": 28.5, "wrist_angle": -73.5, "wrist_rotation": 76.38518923685629, "gripper": 68.12040267688143}, "rc-angle-target": {"0": 118.5, "1": 89.0, "2": 91.0, "3": 63.0, "4": 76.38518923685629}, "rc-pulse-target": {"0": 1856.0, "1": 1448.0, "2": 1511.0, "3": 1200.0, "4": 1348.0, "5": 1478.1939598467786}, "reward": 0.0, "annotation": ""}