{"rc-position-target": {"height": 3.9000000000000035, "distance": 6.099999999999996, "heading": 16.5, "wrist_angle": -61.5, "wrist_rotation": 76.38518923685629, "gripper": 68.12040267688143}, "rc-angle-target": {"0": 106.5, "1": 100.0, "2": 95.0, "3": 68.0, "4": 76.38518923685629}, "rc-pulse-target": {"0": 1723.0, "1": 1571.0, "2": 1555.0, "3": 1255.0, "4": 1348.0, "5": 1478.1939598467786}, "reward": 0.0, "annotation": ""}