{"rc-position-target": {"height": 3.400000000000003, "distance": 6.599999999999994, "heading": 24.0, "wrist_angle": -69.0, "wrist_rotation": 76.38518923685629, "gripper": 68.12040267688143}, "rc-angle-target": {"0": 114.0, "1": 93.0, "2": 93.0, "3": 65.0, "4": 76.38518923685629}, "rc-pulse-target": {"0": 1806.0, "1": 1493.0, "2": 1533.0, "3": 1222.0, "4": 1348.0, "5": 1478.1939598467786}, "reward": 0.0, "annotation": ""}