{"rc-position-target": {"height": 3.200000000000003, "distance": 6.799999999999994, "heading": 27.0, "wrist_angle": -72.0, "wrist_rotation": 76.38518923685629, "gripper": 68.12040267688143}, "rc-angle-target": {"0": 117.0, "1": 91.0, "2": 92.0, "3": 64.0, "4": 76.38518923685629}, "rc-pulse-target": {"0": 1840.0, "1": 1471.0, "2": 1522.0, "3": 1211.0, "4": 1348.0, "5": 1478.1939598467786}, "reward": 0.0, "annotation": ""}