{"rc-position-target": {"height": 2.9000000000000026, "distance": 7.0999999999999925, "heading": 31.5, "wrist_angle": -75.15609907092352, "wrist_rotation": 76.38518923685629, "gripper": 68.12040267688143}, "rc-angle-target": {"0": 121.5, "1": 87.0, "2": 90.0, "3": 63.0, "4": 76.38518923685629}, "rc-pulse-target": {"0": 1890.0, "1": 1426.0, "2": 1500.0, "3": 1200.0, "4": 1348.0, "5": 1478.1939598467786}, "reward": 0.0, "annotation": ""}