{"rc-position-target": {"height": 2.500000000000002, "distance": 7.499999999999991, "heading": 37.5, "wrist_angle": -75.15609907092352, "wrist_rotation": 76.38518923685629, "gripper": 68.12040267688143}, "rc-angle-target": {"0": 127.5, "1": 81.0, "2": 88.0, "3": 66.0, "4": 76.38518923685629}, "rc-pulse-target": {"0": 1956.0, "1": 1360.0, "2": 1477.0, "3": 1233.0, "4": 1348.0, "5": 1478.1939598467786}, "reward": 0.0, "annotation": ""}