{"rc-position-target": {"height": 2.8000000000000025, "distance": 7.199999999999992, "heading": 33.0, "wrist_angle": -75.15609907092352, "wrist_rotation": 76.38518923685629, "gripper": 68.12040267688143}, "rc-angle-target": {"0": 123.0, "1": 85.0, "2": 90.0, "3": 64.0, "4": 76.38518923685629}, "rc-pulse-target": {"0": 1906.0, "1": 1404.0, "2": 1500.0, "3": 1211.0, "4": 1348.0, "5": 1478.1939598467786}, "reward": 0.0, "annotation": ""}