{"rc-position-target": {"height": 2.400000000000002, "distance": 7.599999999999991, "heading": 39.0, "wrist_angle": -75.15609907092352, "wrist_rotation": 76.38518923685629, "gripper": 68.12040267688143}, "rc-angle-target": {"0": 129.0, "1": 80.0, "2": 87.0, "3": 67.0, "4": 76.38518923685629}, "rc-pulse-target": {"0": 1973.0, "1": 1348.0, "2": 1466.0, "3": 1244.0, "4": 1348.0, "5": 1478.1939598467786}, "reward": 0.0, "annotation": ""}