{"rc-position-target": {"height": 2.6000000000000023, "distance": 7.3999999999999915, "heading": 36.0, "wrist_angle": -75.15609907092352, "wrist_rotation": 76.38518923685629, "gripper": 68.12040267688143}, "rc-angle-target": {"0": 126.0, "1": 82.0, "2": 88.0, "3": 65.0, "4": 76.38518923685629}, "rc-pulse-target": {"0": 1940.0, "1": 1371.0, "2": 1477.0, "3": 1222.0, "4": 1348.0, "5": 1478.1939598467786}, "reward": 0.0, "annotation": ""}