{"rc-position-target": {"height": 2.7000000000000024, "distance": 7.299999999999992, "heading": 34.5, "wrist_angle": -75.15609907092352, "wrist_rotation": 76.38518923685629, "gripper": 68.12040267688143}, "rc-angle-target": {"0": 124.5, "1": 84.0, "2": 89.0, "3": 65.0, "4": 76.38518923685629}, "rc-pulse-target": {"0": 1923.0, "1": 1393.0, "2": 1488.0, "3": 1222.0, "4": 1348.0, "5": 1478.1939598467786}, "reward": 0.0, "annotation": ""}