{"rc-position-target": {"height": 2.315392041983926, "distance": 7.643905951820051, "heading": 58.5, "wrist_angle": -75.15609907092352, "wrist_rotation": 76.38518923685629, "gripper": 68.12040267688143}, "rc-angle-target": {"0": 148.5, "1": 79.0, "2": 87.0, "3": 67.0, "4": 76.38518923685629}, "rc-pulse-target": {"0": 2190.0, "1": 1337.0, "2": 1466.0, "3": 1244.0, "4": 1348.0, "5": 1478.1939598467786}, "reward": 0.0, "annotation": ""}