{"rc-position-target": {"height": 2.5781161130332904, "distance": 7.94390595182005, "heading": 73.19082266787643, "wrist_angle": -79.65609907092352, "wrist_rotation": 74.88518923685629, "gripper": 60.28907275866281}, "rc-angle-target": {"0": 163.19082266787643, "1": 77.0, "2": 83.0, "3": 60.0, "4": 74.88518923685629}, "rc-pulse-target": {"0": 2353.0, "1": 1315.0, "2": 1422.0, "3": 1166.0, "4": 1332.0, "5": 1595.6639086200578}, "reward": 0.0, "annotation": ""}