{"rc-position-target": {"height": 2.415392041983926, "distance": 7.743905951820051, "heading": 76.19082266787643, "wrist_angle": -76.65609907092352, "wrist_rotation": 75.88518923685629, "gripper": 63.120402676881426}, "rc-angle-target": {"0": 166.19082266787643, "1": 78.0, "2": 85.0, "3": 65.0, "4": 75.88518923685629}, "rc-pulse-target": {"0": 2386.0, "1": 1326.0, "2": 1444.0, "3": 1222.0, "4": 1343.0, "5": 1553.1939598467786}, "reward": 0.0, "annotation": ""}