{"rc-position-target": {"height": 2.5781161130332904, "distance": 8.24390595182005, "heading": 68.69082266787643, "wrist_angle": -82.76366594134286, "wrist_rotation": 73.38518923685629, "gripper": 60.28907275866281}, "rc-angle-target": {"0": 158.69082266787643, "1": 74.0, "2": 79.0, "3": 57.0, "4": 73.38518923685629}, "rc-pulse-target": {"0": 2303.0, "1": 1282.0, "2": 1377.0, "3": 1133.0, "4": 1315.0, "5": 1595.6639086200578}, "reward": 0.0, "annotation": ""}