{"rc-position-target": {"height": 2.515392041983926, "distance": 7.843905951820051, "heading": 74.69082266787643, "wrist_angle": -78.15609907092352, "wrist_rotation": 75.38518923685629, "gripper": 60.28907275866281}, "rc-angle-target": {"0": 164.69082266787643, "1": 78.0, "2": 84.0, "3": 62.0, "4": 75.38518923685629}, "rc-pulse-target": {"0": 2369.0, "1": 1326.0, "2": 1433.0, "3": 1188.0, "4": 1337.0, "5": 1595.6639086200578}, "reward": 0.0, "annotation": ""}