{"rc-position-target": {"height": 2.5781161130332904, "distance": 8.04390595182005, "heading": 71.69082266787643, "wrist_angle": -81.15609907092352, "wrist_rotation": 74.38518923685629, "gripper": 60.28907275866281}, "rc-angle-target": {"0": 161.69082266787643, "1": 76.0, "2": 81.0, "3": 59.0, "4": 74.38518923685629}, "rc-pulse-target": {"0": 2336.0, "1": 1304.0, "2": 1400.0, "3": 1155.0, "4": 1326.0, "5": 1595.6639086200578}, "reward": 0.0, "annotation": ""}