{"rc-position-target": {"height": 2.5781161130332904, "distance": 8.34390595182005, "heading": 67.19082266787643, "wrist_angle": -82.76366594134286, "wrist_rotation": 72.88518923685629, "gripper": 60.28907275866281}, "rc-angle-target": {"0": 157.19082266787643, "1": 74.0, "2": 78.0, "3": 56.0, "4": 72.88518923685629}, "rc-pulse-target": {"0": 2286.0, "1": 1282.0, "2": 1366.0, "3": 1122.0, "4": 1309.0, "5": 1595.6639086200578}, "reward": 0.0, "annotation": ""}