{"rc-position-target": {"height": 2.5781161130332904, "distance": 8.14390595182005, "heading": 70.19082266787643, "wrist_angle": -82.65609907092352, "wrist_rotation": 73.88518923685629, "gripper": 60.28907275866281}, "rc-angle-target": {"0": 160.19082266787643, "1": 75.0, "2": 80.0, "3": 57.0, "4": 73.88518923685629}, "rc-pulse-target": {"0": 2319.0, "1": 1293.0, "2": 1388.0, "3": 1133.0, "4": 1320.0, "5": 1595.6639086200578}, "reward": 0.0, "annotation": ""}