{"rc-position-target": {"height": 2.5781161130332904, "distance": 8.643905951820049, "heading": 62.69082266787643, "wrist_angle": -82.76366594134286, "wrist_rotation": 71.38518923685629, "gripper": 60.28907275866281}, "rc-angle-target": {"0": 152.69082266787643, "1": 71.0, "2": 75.0, "3": 56.0, "4": 71.38518923685629}, "rc-pulse-target": {"0": 2236.0, "1": 1248.0, "2": 1333.0, "3": 1122.0, "4": 1293.0, "5": 1595.6639086200578}, "reward": 0.0, "annotation": ""}