{"rc-position-target": {"height": 2.5781161130332904, "distance": 8.843905951820048, "heading": 59.69082266787643, "wrist_angle": -82.76366594134286, "wrist_rotation": 70.38518923685629, "gripper": 60.28907275866281}, "rc-angle-target": {"0": 149.69082266787643, "1": 69.0, "2": 72.0, "3": 55.0, "4": 70.38518923685629}, "rc-pulse-target": {"0": 2203.0, "1": 1226.0, "2": 1300.0, "3": 1111.0, "4": 1282.0, "5": 1595.6639086200578}, "reward": 0.0, "annotation": ""}