{"rc-position-target": {"height": 2.5781161130332904, "distance": 9.043905951820047, "heading": 56.69082266787643, "wrist_angle": -82.76366594134286, "wrist_rotation": 69.38518923685629, "gripper": 60.28907275866281}, "rc-angle-target": {"0": 146.69082266787643, "1": 67.0, "2": 70.0, "3": 55.0, "4": 69.38518923685629}, "rc-pulse-target": {"0": 2169.0, "1": 1204.0, "2": 1277.0, "3": 1111.0, "4": 1270.0, "5": 1595.6639086200578}, "reward": 0.0, "annotation": ""}