{"rc-position-target": {"height": 2.5781161130332904, "distance": 8.943905951820048, "heading": 58.19082266787643, "wrist_angle": -82.76366594134286, "wrist_rotation": 69.88518923685629, "gripper": 60.28907275866281}, "rc-angle-target": {"0": 148.19082266787643, "1": 68.0, "2": 71.0, "3": 55.0, "4": 69.88518923685629}, "rc-pulse-target": {"0": 2186.0, "1": 1215.0, "2": 1288.0, "3": 1111.0, "4": 1276.0, "5": 1595.6639086200578}, "reward": 0.0, "annotation": ""}