{"rc-position-target": {"height": 2.5781161130332904, "distance": 8.44390595182005, "heading": 65.69082266787643, "wrist_angle": -82.76366594134286, "wrist_rotation": 72.38518923685629, "gripper": 60.28907275866281}, "rc-angle-target": {"0": 155.69082266787643, "1": 73.0, "2": 77.0, "3": 56.0, "4": 72.38518923685629}, "rc-pulse-target": {"0": 2269.0, "1": 1271.0, "2": 1355.0, "3": 1122.0, "4": 1304.0, "5": 1595.6639086200578}, "reward": 0.0, "annotation": ""}