{"rc-position-target": {"height": 2.5781161130332904, "distance": 8.743905951820048, "heading": 61.19082266787643, "wrist_angle": -82.76366594134286, "wrist_rotation": 70.88518923685629, "gripper": 60.28907275866281}, "rc-angle-target": {"0": 151.19082266787643, "1": 70.0, "2": 73.0, "3": 55.0, "4": 70.88518923685629}, "rc-pulse-target": {"0": 2219.0, "1": 1237.0, "2": 1311.0, "3": 1111.0, "4": 1287.0, "5": 1595.6639086200578}, "reward": 0.0, "annotation": ""}