{"rc-position-target": {"height": 2.5781161130332904, "distance": 8.543905951820049, "heading": 64.19082266787643, "wrist_angle": -82.76366594134286, "wrist_rotation": 71.88518923685629, "gripper": 60.28907275866281}, "rc-angle-target": {"0": 154.19082266787643, "1": 72.0, "2": 76.0, "3": 56.0, "4": 71.88518923685629}, "rc-pulse-target": {"0": 2253.0, "1": 1260.0, "2": 1344.0, "3": 1122.0, "4": 1298.0, "5": 1595.6639086200578}, "reward": 0.0, "annotation": ""}