{"rc-position-target": {"height": 2.5781161130332904, "distance": 9.18182190605059, "heading": 49.19082266787643, "wrist_angle": -82.76366594134286, "wrist_rotation": 66.88518923685629, "gripper": 60.28907275866281}, "rc-angle-target": {"0": 139.19082266787643, "1": 66.0, "2": 68.0, "3": 54.0, "4": 66.88518923685629}, "rc-pulse-target": {"0": 2086.0, "1": 1193.0, "2": 1255.0, "3": 1100.0, "4": 1243.0, "5": 1595.6639086200578}, "reward": 0.0, "annotation": ""}