{"rc-position-target": {"height": 2.5781161130332904, "distance": 9.18182190605059, "heading": 17.690822667876432, "wrist_angle": -82.76366594134286, "wrist_rotation": 63.713342368690434, "gripper": 60.28907275866281}, "rc-angle-target": {"0": 107.69082266787643, "1": 66.0, "2": 68.0, "3": 54.0, "4": 63.713342368690434}, "rc-pulse-target": {"0": 1736.0, "1": 1193.0, "2": 1255.0, "3": 1100.0, "4": 1207.0, "5": 1595.6639086200578}, "reward": 0.0, "annotation": ""}