{"rc-position-target": {"height": 2.27811611303329, "distance": 8.881821906050591, "heading": -63.30917733212357, "wrist_angle": -78.26366594134286, "wrist_rotation": 65.13711171256126, "gripper": 45.28907275866281}, "rc-angle-target": {"0": 26.690822667876432, "1": 67.0, "2": 73.0, "3": 62.0, "4": 65.13711171256126}, "rc-pulse-target": {"0": 836.0, "1": 1204.0, "2": 1311.0, "3": 1188.0, "4": 1223.0, "5": 1820.6639086200578}, "reward": 0.0, "annotation": ""}