{"rc-position-target": {"height": 1.9781161130332898, "distance": 8.581821906050592, "heading": -58.80917733212357, "wrist_angle": -73.76366594134286, "wrist_rotation": 65.13711171256126, "gripper": 30.28907275866281}, "rc-angle-target": {"0": 31.190822667876432, "1": 69.0, "2": 77.0, "3": 69.0, "4": 65.13711171256126}, "rc-pulse-target": {"0": 886.0, "1": 1226.0, "2": 1355.0, "3": 1266.0, "4": 1223.0, "5": 2045.6639086200578}, "reward": 0.0, "annotation": ""}