{"rc-position-target": {"height": 1.5781161130332895, "distance": 8.181821906050594, "heading": -52.80917733212357, "wrist_angle": -67.76366594134286, "wrist_rotation": 65.13711171256126, "gripper": 19.951520106642505}, "rc-angle-target": {"0": 37.19082266787643, "1": 70.0, "2": 83.0, "3": 79.0, "4": 65.13711171256126}, "rc-pulse-target": {"0": 953.0, "1": 1237.0, "2": 1422.0, "3": 1377.0, "4": 1223.0, "5": 2200.7271984003623}, "reward": 0.0, "annotation": ""}