{"rc-position-target": {"height": 1.7781161130332896, "distance": 8.381821906050593, "heading": -55.80917733212357, "wrist_angle": -70.76366594134286, "wrist_rotation": 65.13711171256126, "gripper": 20.28907275866281}, "rc-angle-target": {"0": 34.19082266787643, "1": 70.0, "2": 80.0, "3": 74.0, "4": 65.13711171256126}, "rc-pulse-target": {"0": 919.0, "1": 1237.0, "2": 1388.0, "3": 1322.0, "4": 1223.0, "5": 2195.6639086200576}, "reward": 0.0, "annotation": ""}