{"rc-position-target": {"height": 2.07811611303329, "distance": 8.681821906050592, "heading": -60.30917733212357, "wrist_angle": -75.26366594134286, "wrist_rotation": 65.13711171256126, "gripper": 35.28907275866281}, "rc-angle-target": {"0": 29.690822667876432, "1": 68.0, "2": 76.0, "3": 67.0, "4": 65.13711171256126}, "rc-pulse-target": {"0": 869.0, "1": 1215.0, "2": 1344.0, "3": 1244.0, "4": 1223.0, "5": 1970.6639086200578}, "reward": 0.0, "annotation": ""}