{"rc-position-target": {"height": 1.6781161130332896, "distance": 8.281821906050594, "heading": -54.30917733212357, "wrist_angle": -69.26366594134286, "wrist_rotation": 65.13711171256126, "gripper": 19.951520106642505}, "rc-angle-target": {"0": 35.69082266787643, "1": 70.0, "2": 81.0, "3": 77.0, "4": 65.13711171256126}, "rc-pulse-target": {"0": 936.0, "1": 1237.0, "2": 1400.0, "3": 1355.0, "4": 1223.0, "5": 2200.7271984003623}, "reward": 0.0, "annotation": ""}