{"rc-position-target": {"height": 1.8781161130332897, "distance": 8.481821906050593, "heading": -57.30917733212357, "wrist_angle": -72.26366594134286, "wrist_rotation": 65.13711171256126, "gripper": 25.28907275866281}, "rc-angle-target": {"0": 32.69082266787643, "1": 69.0, "2": 79.0, "3": 72.0, "4": 65.13711171256126}, "rc-pulse-target": {"0": 903.0, "1": 1226.0, "2": 1377.0, "3": 1300.0, "4": 1223.0, "5": 2120.6639086200576}, "reward": 0.0, "annotation": ""}