{"rc-position-target": {"height": 2.4781161130332903, "distance": 9.08182190605059, "heading": -66.30917733212357, "wrist_angle": -81.26366594134286, "wrist_rotation": 64.21334236869043, "gripper": 55.28907275866281}, "rc-angle-target": {"0": 23.690822667876432, "1": 66.0, "2": 70.0, "3": 57.0, "4": 64.21334236869043}, "rc-pulse-target": {"0": 803.0, "1": 1193.0, "2": 1277.0, "3": 1133.0, "4": 1213.0, "5": 1670.6639086200578}, "reward": 0.0, "annotation": ""}