{"rc-position-target": {"height": 2.17811611303329, "distance": 8.781821906050592, "heading": -61.80917733212357, "wrist_angle": -76.76366594134286, "wrist_rotation": 65.13711171256126, "gripper": 40.28907275866281}, "rc-angle-target": {"0": 28.190822667876432, "1": 68.0, "2": 74.0, "3": 64.0, "4": 65.13711171256126}, "rc-pulse-target": {"0": 853.0, "1": 1215.0, "2": 1322.0, "3": 1211.0, "4": 1223.0, "5": 1895.6639086200578}, "reward": 0.0, "annotation": ""}