{"rc-position-target": {"height": 2.37811611303329, "distance": 8.981821906050591, "heading": -64.80917733212357, "wrist_angle": -79.76366594134286, "wrist_rotation": 64.71334236869043, "gripper": 50.28907275866281}, "rc-angle-target": {"0": 25.190822667876432, "1": 67.0, "2": 71.0, "3": 59.0, "4": 64.71334236869043}, "rc-pulse-target": {"0": 819.0, "1": 1204.0, "2": 1288.0, "3": 1155.0, "4": 1219.0, "5": 1745.6639086200578}, "reward": 0.0, "annotation": ""}