{"rc-position-target": {"height": 1.0244456088477367, "distance": 8.038650318669282, "heading": -40.80917733212357, "wrist_angle": -55.763665941342865, "wrist_rotation": 65.13711171256126, "gripper": 19.951520106642505}, "rc-angle-target": {"0": 49.19082266787643, "1": 68.0, "2": 85.0, "3": 96.0, "4": 65.13711171256126}, "rc-pulse-target": {"0": 1086.0, "1": 1215.0, "2": 1444.0, "3": 1566.0, "4": 1223.0, "5": 2200.7271984003623}, "reward": 0.0, "annotation": ""}