{"rc-position-target": {"height": 1.4781161130332894, "distance": 8.081821906050594, "heading": -51.30917733212357, "wrist_angle": -66.26366594134286, "wrist_rotation": 65.13711171256126, "gripper": 19.951520106642505}, "rc-angle-target": {"0": 38.69082266787643, "1": 71.0, "2": 84.0, "3": 82.0, "4": 65.13711171256126}, "rc-pulse-target": {"0": 969.0, "1": 1248.0, "2": 1433.0, "3": 1411.0, "4": 1223.0, "5": 2200.7271984003623}, "reward": 0.0, "annotation": ""}