{"rc-position-target": {"height": 1.078116113033289, "distance": 8.038650318669282, "heading": -45.30917733212357, "wrist_angle": -60.263665941342865, "wrist_rotation": 65.13711171256126, "gripper": 19.951520106642505}, "rc-angle-target": {"0": 44.69082266787643, "1": 69.0, "2": 85.0, "3": 91.0, "4": 65.13711171256126}, "rc-pulse-target": {"0": 1036.0, "1": 1226.0, "2": 1444.0, "3": 1511.0, "4": 1223.0, "5": 2200.7271984003623}, "reward": 0.0, "annotation": ""}