{"rc-position-target": {"height": 1.3781161130332893, "distance": 8.038650318669282, "heading": -49.80917733212357, "wrist_angle": -64.76366594134286, "wrist_rotation": 65.13711171256126, "gripper": 19.951520106642505}, "rc-angle-target": {"0": 40.19082266787643, "1": 70.0, "2": 85.0, "3": 84.0, "4": 65.13711171256126}, "rc-pulse-target": {"0": 986.0, "1": 1237.0, "2": 1444.0, "3": 1433.0, "4": 1223.0, "5": 2200.7271984003623}, "reward": 0.0, "annotation": ""}