{"rc-position-target": {"height": 1.0244456088477367, "distance": 8.038650318669282, "heading": -38.44887690263293, "wrist_angle": -45.263665941342865, "wrist_rotation": 65.13711171256126, "gripper": 19.951520106642505}, "rc-angle-target": {"0": 51.55112309736707, "1": 68.0, "2": 85.0, "3": 106.0, "4": 65.13711171256126}, "rc-pulse-target": {"0": 1112.0, "1": 1215.0, "2": 1444.0, "3": 1677.0, "4": 1223.0, "5": 2200.7271984003623}, "reward": 0.0, "annotation": ""}