{"rc-position-target": {"height": 1.1244456088477368, "distance": 7.938650318669282, "heading": -36.94887690263293, "wrist_angle": -8.237579989191588, "wrist_rotation": 64.63711171256126, "gripper": 24.951520106642505}, "rc-angle-target": {"0": 53.05112309736707, "1": 70.0, "2": 86.0, "3": 143.0, "4": 64.63711171256126}, "rc-pulse-target": {"0": 1129.0, "1": 1237.0, "2": 1455.0, "3": 2088.0, "4": 1218.0, "5": 2125.7271984003623}, "reward": 0.0, "annotation": ""}