{"rc-position-target": {"height": 1.324445608847737, "distance": 7.738650318669283, "heading": -33.94887690263293, "wrist_angle": -11.237579989191588, "wrist_rotation": 63.637111712561264, "gripper": 34.951520106642505}, "rc-angle-target": {"0": 56.05112309736707, "1": 73.0, "2": 88.0, "3": 139.0, "4": 63.637111712561264}, "rc-pulse-target": {"0": 1162.0, "1": 1271.0, "2": 1477.0, "3": 2044.0, "4": 1207.0, "5": 1975.7271984003623}, "reward": 0.0, "annotation": ""}