{"rc-position-target": {"height": 1.224445608847737, "distance": 7.838650318669282, "heading": -35.44887690263293, "wrist_angle": -9.737579989191588, "wrist_rotation": 64.13711171256126, "gripper": 29.951520106642505}, "rc-angle-target": {"0": 54.55112309736707, "1": 71.0, "2": 87.0, "3": 141.0, "4": 64.13711171256126}, "rc-pulse-target": {"0": 1146.0, "1": 1248.0, "2": 1466.0, "3": 2066.0, "4": 1212.0, "5": 2050.7271984003623}, "reward": 0.0, "annotation": ""}