{"rc-position-target": {"height": 1.7244456088477373, "distance": 7.338650318669284, "heading": -27.948876902632932, "wrist_angle": -17.237579989191588, "wrist_rotation": 61.89232477720957, "gripper": 48.49785643501362}, "rc-angle-target": {"0": 62.05112309736707, "1": 79.0, "2": 92.0, "3": 130.0, "4": 61.89232477720957}, "rc-pulse-target": {"0": 1229.0, "1": 1337.0, "2": 1522.0, "3": 1944.0, "4": 1187.0, "5": 1772.532153474796}, "reward": 0.0, "annotation": ""}