{"rc-position-target": {"height": 1.9244456088477375, "distance": 7.138650318669285, "heading": -24.948876902632932, "wrist_angle": -20.237579989191588, "wrist_rotation": 61.89232477720957, "gripper": 48.49785643501362}, "rc-angle-target": {"0": 65.05112309736707, "1": 82.0, "2": 93.0, "3": 126.0, "4": 61.89232477720957}, "rc-pulse-target": {"0": 1262.0, "1": 1371.0, "2": 1533.0, "3": 1900.0, "4": 1187.0, "5": 1772.532153474796}, "reward": 0.0, "annotation": ""}