{"rc-position-target": {"height": 1.5244456088477372, "distance": 7.5386503186692835, "heading": -30.948876902632932, "wrist_angle": -14.237579989191588, "wrist_rotation": 62.637111712561264, "gripper": 44.951520106642505}, "rc-angle-target": {"0": 59.05112309736707, "1": 76.0, "2": 90.0, "3": 135.0, "4": 62.637111712561264}, "rc-pulse-target": {"0": 1196.0, "1": 1304.0, "2": 1500.0, "3": 2000.0, "4": 1195.0, "5": 1825.7271984003623}, "reward": 0.0, "annotation": ""}