{"rc-position-target": {"height": 1.6244456088477373, "distance": 7.438650318669284, "heading": -29.448876902632932, "wrist_angle": -15.737579989191588, "wrist_rotation": 62.137111712561264, "gripper": 48.49785643501362}, "rc-angle-target": {"0": 60.55112309736707, "1": 77.0, "2": 91.0, "3": 133.0, "4": 62.137111712561264}, "rc-pulse-target": {"0": 1212.0, "1": 1315.0, "2": 1511.0, "3": 1977.0, "4": 1190.0, "5": 1772.532153474796}, "reward": 0.0, "annotation": ""}