{"rc-position-target": {"height": 1.424445608847737, "distance": 7.638650318669283, "heading": -32.44887690263293, "wrist_angle": -12.737579989191588, "wrist_rotation": 63.137111712561264, "gripper": 39.951520106642505}, "rc-angle-target": {"0": 57.55112309736707, "1": 74.0, "2": 89.0, "3": 137.0, "4": 63.137111712561264}, "rc-pulse-target": {"0": 1179.0, "1": 1282.0, "2": 1488.0, "3": 2022.0, "4": 1201.0, "5": 1900.7271984003623}, "reward": 0.0, "annotation": ""}