{"rc-position-target": {"height": 1.8244456088477374, "distance": 7.2386503186692845, "heading": -26.448876902632932, "wrist_angle": -18.737579989191588, "wrist_rotation": 61.89232477720957, "gripper": 48.49785643501362}, "rc-angle-target": {"0": 63.55112309736707, "1": 80.0, "2": 92.0, "3": 128.0, "4": 61.89232477720957}, "rc-pulse-target": {"0": 1246.0, "1": 1348.0, "2": 1522.0, "3": 1922.0, "4": 1187.0, "5": 1772.532153474796}, "reward": 0.0, "annotation": ""}