{"rc-position-target": {"height": 2.9244456088477384, "distance": 6.1386503186692885, "heading": -9.948876902632932, "wrist_angle": -35.23757998919159, "wrist_rotation": 61.89232477720957, "gripper": 48.49785643501362}, "rc-angle-target": {"0": 80.05112309736707, "1": 96.0, "2": 100.0, "3": 102.0, "4": 61.89232477720957}, "rc-pulse-target": {"0": 1429.0, "1": 1526.0, "2": 1611.0, "3": 1633.0, "4": 1187.0, "5": 1772.532153474796}, "reward": 0.0, "annotation": ""}