{"rc-position-target": {"height": 2.624445608847738, "distance": 6.438650318669287, "heading": -14.448876902632932, "wrist_angle": -30.737579989191588, "wrist_rotation": 61.89232477720957, "gripper": 48.49785643501362}, "rc-angle-target": {"0": 75.55112309736707, "1": 92.0, "2": 98.0, "3": 110.0, "4": 61.89232477720957}, "rc-pulse-target": {"0": 1379.0, "1": 1482.0, "2": 1588.0, "3": 1722.0, "4": 1187.0, "5": 1772.532153474796}, "reward": 0.0, "annotation": ""}