{"rc-position-target": {"height": 2.1244456088477377, "distance": 6.938650318669286, "heading": -21.948876902632932, "wrist_angle": -23.237579989191588, "wrist_rotation": 61.89232477720957, "gripper": 48.49785643501362}, "rc-angle-target": {"0": 68.05112309736707, "1": 84.0, "2": 95.0, "3": 122.0, "4": 61.89232477720957}, "rc-pulse-target": {"0": 1296.0, "1": 1393.0, "2": 1555.0, "3": 1855.0, "4": 1187.0, "5": 1772.532153474796}, "reward": 0.0, "annotation": ""}