{"rc-position-target": {"height": 2.7244456088477382, "distance": 6.338650318669288, "heading": -12.948876902632932, "wrist_angle": -32.23757998919159, "wrist_rotation": 61.89232477720957, "gripper": 48.49785643501362}, "rc-angle-target": {"0": 77.05112309736707, "1": 93.0, "2": 99.0, "3": 107.0, "4": 61.89232477720957}, "rc-pulse-target": {"0": 1396.0, "1": 1493.0, "2": 1600.0, "3": 1688.0, "4": 1187.0, "5": 1772.532153474796}, "reward": 0.0, "annotation": ""}