{"rc-position-target": {"height": 2.224445608847738, "distance": 6.838650318669286, "heading": -20.448876902632932, "wrist_angle": -24.737579989191588, "wrist_rotation": 61.89232477720957, "gripper": 48.49785643501362}, "rc-angle-target": {"0": 69.55112309736707, "1": 86.0, "2": 95.0, "3": 119.0, "4": 61.89232477720957}, "rc-pulse-target": {"0": 1312.0, "1": 1415.0, "2": 1555.0, "3": 1822.0, "4": 1187.0, "5": 1772.532153474796}, "reward": 0.0, "annotation": ""}