{"rc-position-target": {"height": 2.0244456088477376, "distance": 7.038650318669285, "heading": -23.448876902632932, "wrist_angle": -21.737579989191588, "wrist_rotation": 61.89232477720957, "gripper": 48.49785643501362}, "rc-angle-target": {"0": 66.55112309736707, "1": 83.0, "2": 94.0, "3": 124.0, "4": 61.89232477720957}, "rc-pulse-target": {"0": 1279.0, "1": 1382.0, "2": 1544.0, "3": 1877.0, "4": 1187.0, "5": 1772.532153474796}, "reward": 0.0, "annotation": ""}