{"rc-position-target": {"height": 2.324445608847738, "distance": 6.738650318669286, "heading": -18.948876902632932, "wrist_angle": -26.237579989191588, "wrist_rotation": 61.89232477720957, "gripper": 48.49785643501362}, "rc-angle-target": {"0": 71.05112309736707, "1": 87.0, "2": 96.0, "3": 117.0, "4": 61.89232477720957}, "rc-pulse-target": {"0": 1329.0, "1": 1426.0, "2": 1566.0, "3": 1800.0, "4": 1187.0, "5": 1772.532153474796}, "reward": 0.0, "annotation": ""}