{"rc-position-target": {"height": 2.424445608847738, "distance": 6.638650318669287, "heading": -17.448876902632932, "wrist_angle": -27.737579989191588, "wrist_rotation": 61.89232477720957, "gripper": 48.49785643501362}, "rc-angle-target": {"0": 72.55112309736707, "1": 89.0, "2": 97.0, "3": 115.0, "4": 61.89232477720957}, "rc-pulse-target": {"0": 1346.0, "1": 1448.0, "2": 1577.0, "3": 1777.0, "4": 1187.0, "5": 1772.532153474796}, "reward": 0.0, "annotation": ""}