{"rc-position-target": {"height": 2.8244456088477383, "distance": 6.238650318669288, "heading": -11.448876902632932, "wrist_angle": -33.73757998919159, "wrist_rotation": 61.89232477720957, "gripper": 48.49785643501362}, "rc-angle-target": {"0": 78.55112309736707, "1": 95.0, "2": 99.0, "3": 105.0, "4": 61.89232477720957}, "rc-pulse-target": {"0": 1412.0, "1": 1515.0, "2": 1600.0, "3": 1666.0, "4": 1187.0, "5": 1772.532153474796}, "reward": 0.0, "annotation": ""}