{"rc-position-target": {"height": 2.524445608847738, "distance": 6.538650318669287, "heading": -15.948876902632932, "wrist_angle": -29.237579989191588, "wrist_rotation": 61.89232477720957, "gripper": 48.49785643501362}, "rc-angle-target": {"0": 74.05112309736707, "1": 90.0, "2": 97.0, "3": 112.0, "4": 61.89232477720957}, "rc-pulse-target": {"0": 1362.0, "1": 1460.0, "2": 1577.0, "3": 1744.0, "4": 1187.0, "5": 1772.532153474796}, "reward": 0.0, "annotation": ""}