{"rc-position-target": {"height": 3.182867835156021, "distance": 5.8386503186692895, "heading": -5.448876902632932, "wrist_angle": -39.73757998919159, "wrist_rotation": 61.89232477720957, "gripper": 48.49785643501362}, "rc-angle-target": {"0": 84.55112309736707, "1": 101.0, "2": 101.0, "3": 95.0, "4": 61.89232477720957}, "rc-pulse-target": {"0": 1479.0, "1": 1582.0, "2": 1622.0, "3": 1555.0, "4": 1187.0, "5": 1772.532153474796}, "reward": 0.0, "annotation": ""}