{"rc-position-target": {"height": 3.182867835156021, "distance": 5.73865031866929, "heading": -3.9488769026329322, "wrist_angle": -41.23757998919159, "wrist_rotation": 61.89232477720957, "gripper": 48.49785643501362}, "rc-angle-target": {"0": 86.05112309736707, "1": 102.0, "2": 102.0, "3": 94.0, "4": 61.89232477720957}, "rc-pulse-target": {"0": 1496.0, "1": 1593.0, "2": 1633.0, "3": 1544.0, "4": 1187.0, "5": 1772.532153474796}, "reward": 0.0, "annotation": ""}