{"rc-position-target": {"height": 3.182867835156021, "distance": 5.138650318669292, "heading": 5.051123097367068, "wrist_angle": -50.23757998919159, "wrist_rotation": 61.89232477720957, "gripper": 48.49785643501362}, "rc-angle-target": {"0": 95.05112309736707, "1": 109.0, "2": 107.0, "3": 83.0, "4": 61.89232477720957}, "rc-pulse-target": {"0": 1596.0, "1": 1671.0, "2": 1688.0, "3": 1422.0, "4": 1187.0, "5": 1772.532153474796}, "reward": 0.0, "annotation": ""}