{"rc-position-target": {"height": 3.1244456088477386, "distance": 5.938650318669289, "heading": -6.948876902632932, "wrist_angle": -38.23757998919159, "wrist_rotation": 61.89232477720957, "gripper": 48.49785643501362}, "rc-angle-target": {"0": 83.05112309736707, "1": 99.0, "2": 101.0, "3": 97.0, "4": 61.89232477720957}, "rc-pulse-target": {"0": 1462.0, "1": 1560.0, "2": 1622.0, "3": 1577.0, "4": 1187.0, "5": 1772.532153474796}, "reward": 0.0, "annotation": ""}