{"rc-position-target": {"height": 3.182867835156021, "distance": 5.63865031866929, "heading": -2.4488769026329322, "wrist_angle": -42.73757998919159, "wrist_rotation": 61.89232477720957, "gripper": 48.49785643501362}, "rc-angle-target": {"0": 87.55112309736707, "1": 103.0, "2": 103.0, "3": 92.0, "4": 61.89232477720957}, "rc-pulse-target": {"0": 1512.0, "1": 1604.0, "2": 1644.0, "3": 1522.0, "4": 1187.0, "5": 1772.532153474796}, "reward": 0.0, "annotation": ""}