{"rc-position-target": {"height": 3.0244456088477385, "distance": 6.038650318669289, "heading": -8.448876902632932, "wrist_angle": -36.73757998919159, "wrist_rotation": 61.89232477720957, "gripper": 48.49785643501362}, "rc-angle-target": {"0": 81.55112309736707, "1": 98.0, "2": 100.0, "3": 100.0, "4": 61.89232477720957}, "rc-pulse-target": {"0": 1446.0, "1": 1548.0, "2": 1611.0, "3": 1611.0, "4": 1187.0, "5": 1772.532153474796}, "reward": 0.0, "annotation": ""}