{"rc-position-target": {"height": 3.182867835156021, "distance": 5.538650318669291, "heading": -0.9488769026329322, "wrist_angle": -44.23757998919159, "wrist_rotation": 61.89232477720957, "gripper": 48.49785643501362}, "rc-angle-target": {"0": 89.05112309736707, "1": 104.0, "2": 104.0, "3": 90.0, "4": 61.89232477720957}, "rc-pulse-target": {"0": 1529.0, "1": 1615.0, "2": 1655.0, "3": 1500.0, "4": 1187.0, "5": 1772.532153474796}, "reward": 0.0, "annotation": ""}