{"rc-position-target": {"height": 3.182867835156021, "distance": 5.238650318669292, "heading": 3.5511230973670678, "wrist_angle": -48.73757998919159, "wrist_rotation": 61.89232477720957, "gripper": 48.49785643501362}, "rc-angle-target": {"0": 93.55112309736707, "1": 107.0, "2": 107.0, "3": 85.0, "4": 61.89232477720957}, "rc-pulse-target": {"0": 1579.0, "1": 1648.0, "2": 1688.0, "3": 1444.0, "4": 1187.0, "5": 1772.532153474796}, "reward": 0.0, "annotation": ""}