{"rc-position-target": {"height": 3.182867835156021, "distance": 5.438650318669291, "heading": 0.5511230973670678, "wrist_angle": -45.73757998919159, "wrist_rotation": 61.89232477720957, "gripper": 48.49785643501362}, "rc-angle-target": {"0": 90.55112309736707, "1": 105.0, "2": 105.0, "3": 88.0, "4": 61.89232477720957}, "rc-pulse-target": {"0": 1546.0, "1": 1626.0, "2": 1666.0, "3": 1477.0, "4": 1187.0, "5": 1772.532153474796}, "reward": 0.0, "annotation": ""}