{"rc-position-target": {"height": 3.182867835156021, "distance": 5.338650318669291, "heading": 2.0511230973670678, "wrist_angle": -47.23757998919159, "wrist_rotation": 61.89232477720957, "gripper": 48.49785643501362}, "rc-angle-target": {"0": 92.05112309736707, "1": 106.0, "2": 106.0, "3": 87.0, "4": 61.89232477720957}, "rc-pulse-target": {"0": 1562.0, "1": 1637.0, "2": 1677.0, "3": 1466.0, "4": 1187.0, "5": 1772.532153474796}, "reward": 0.0, "annotation": ""}