{"rc-position-target": {"height": 3.182867835156021, "distance": 4.938650318669293, "heading": 8.051123097367068, "wrist_angle": -53.23757998919159, "wrist_rotation": 61.89232477720957, "gripper": 48.49785643501362}, "rc-angle-target": {"0": 98.05112309736707, "1": 111.0, "2": 109.0, "3": 79.0, "4": 61.89232477720957}, "rc-pulse-target": {"0": 1629.0, "1": 1693.0, "2": 1711.0, "3": 1377.0, "4": 1187.0, "5": 1772.532153474796}, "reward": 0.0, "annotation": ""}