{"rc-position-target": {"height": 3.182867835156021, "distance": 4.838650318669293, "heading": 9.551123097367068, "wrist_angle": -54.73757998919159, "wrist_rotation": 61.89232477720957, "gripper": 48.49785643501362}, "rc-angle-target": {"0": 99.55112309736707, "1": 112.0, "2": 110.0, "3": 77.0, "4": 61.89232477720957}, "rc-pulse-target": {"0": 1646.0, "1": 1704.0, "2": 1722.0, "3": 1355.0, "4": 1187.0, "5": 1772.532153474796}, "reward": 0.0, "annotation": ""}