{"rc-position-target": {"height": 3.182867835156021, "distance": 4.638650318669294, "heading": 12.551123097367068, "wrist_angle": -57.73757998919159, "wrist_rotation": 61.89232477720957, "gripper": 48.49785643501362}, "rc-angle-target": {"0": 102.55112309736707, "1": 115.0, "2": 112.0, "3": 74.0, "4": 61.89232477720957}, "rc-pulse-target": {"0": 1679.0, "1": 1737.0, "2": 1744.0, "3": 1322.0, "4": 1187.0, "5": 1772.532153474796}, "reward": 0.0, "annotation": ""}