{"rc-position-target": {"height": 3.182867835156021, "distance": 4.338650318669295, "heading": 17.051123097367068, "wrist_angle": -62.23757998919159, "wrist_rotation": 61.89232477720957, "gripper": 48.49785643501362}, "rc-angle-target": {"0": 107.05112309736707, "1": 119.0, "2": 114.0, "3": 68.0, "4": 61.89232477720957}, "rc-pulse-target": {"0": 1729.0, "1": 1782.0, "2": 1766.0, "3": 1255.0, "4": 1187.0, "5": 1772.532153474796}, "reward": 0.0, "annotation": ""}