{"rc-position-target": {"height": 3.182867835156021, "distance": 4.4386503186692945, "heading": 15.551123097367068, "wrist_angle": -60.73757998919159, "wrist_rotation": 61.89232477720957, "gripper": 48.49785643501362}, "rc-angle-target": {"0": 105.55112309736707, "1": 117.0, "2": 113.0, "3": 70.0, "4": 61.89232477720957}, "rc-pulse-target": {"0": 1712.0, "1": 1760.0, "2": 1755.0, "3": 1277.0, "4": 1187.0, "5": 1772.532153474796}, "reward": 0.0, "annotation": ""}