{"rc-position-target": {"height": 3.182867835156021, "distance": 4.138650318669296, "heading": 20.051123097367068, "wrist_angle": -65.23757998919159, "wrist_rotation": 61.89232477720957, "gripper": 48.49785643501362}, "rc-angle-target": {"0": 110.05112309736707, "1": 121.0, "2": 116.0, "3": 64.0, "4": 61.89232477720957}, "rc-pulse-target": {"0": 1762.0, "1": 1804.0, "2": 1788.0, "3": 1211.0, "4": 1187.0, "5": 1772.532153474796}, "reward": 0.0, "annotation": ""}