{"rc-position-target": {"height": 3.182867835156021, "distance": 5.038650318669292, "heading": 6.551123097367068, "wrist_angle": -51.73757998919159, "wrist_rotation": 61.89232477720957, "gripper": 48.49785643501362}, "rc-angle-target": {"0": 96.55112309736707, "1": 110.0, "2": 108.0, "3": 81.0, "4": 61.89232477720957}, "rc-pulse-target": {"0": 1612.0, "1": 1682.0, "2": 1700.0, "3": 1400.0, "4": 1187.0, "5": 1772.532153474796}, "reward": 0.0, "annotation": ""}