{"rc-position-target": {"height": 3.182867835156021, "distance": 4.238650318669295, "heading": 18.551123097367068, "wrist_angle": -63.73757998919159, "wrist_rotation": 61.89232477720957, "gripper": 48.49785643501362}, "rc-angle-target": {"0": 108.55112309736707, "1": 120.0, "2": 115.0, "3": 66.0, "4": 61.89232477720957}, "rc-pulse-target": {"0": 1746.0, "1": 1793.0, "2": 1777.0, "3": 1233.0, "4": 1187.0, "5": 1772.532153474796}, "reward": 0.0, "annotation": ""}