{"rc-position-target": {"height": 3.182867835156021, "distance": 4.738650318669293, "heading": 11.051123097367068, "wrist_angle": -56.23757998919159, "wrist_rotation": 61.89232477720957, "gripper": 48.49785643501362}, "rc-angle-target": {"0": 101.05112309736707, "1": 114.0, "2": 111.0, "3": 76.0, "4": 61.89232477720957}, "rc-pulse-target": {"0": 1662.0, "1": 1726.0, "2": 1733.0, "3": 1344.0, "4": 1187.0, "5": 1772.532153474796}, "reward": 0.0, "annotation": ""}