{"rc-position-target": {"height": 3.182867835156021, "distance": 4.538650318669294, "heading": 14.051123097367068, "wrist_angle": -59.23757998919159, "wrist_rotation": 61.89232477720957, "gripper": 48.49785643501362}, "rc-angle-target": {"0": 104.05112309736707, "1": 116.0, "2": 112.0, "3": 72.0, "4": 61.89232477720957}, "rc-pulse-target": {"0": 1696.0, "1": 1748.0, "2": 1744.0, "3": 1300.0, "4": 1187.0, "5": 1772.532153474796}, "reward": 0.0, "annotation": ""}