{"rc-position-target": {"height": 3.182867835156021, "distance": 3.8386503186692957, "heading": 24.551123097367068, "wrist_angle": -69.73757998919159, "wrist_rotation": 61.89232477720957, "gripper": 48.49785643501362}, "rc-angle-target": {"0": 114.55112309736707, "1": 126.0, "2": 118.0, "3": 57.0, "4": 61.89232477720957}, "rc-pulse-target": {"0": 1812.0, "1": 1860.0, "2": 1811.0, "3": 1133.0, "4": 1187.0, "5": 1772.532153474796}, "reward": 0.0, "annotation": ""}