{"rc-position-target": {"height": 3.182867835156021, "distance": 4.038650318669296, "heading": 21.551123097367068, "wrist_angle": -66.73757998919159, "wrist_rotation": 61.89232477720957, "gripper": 48.49785643501362}, "rc-angle-target": {"0": 111.55112309736707, "1": 123.0, "2": 117.0, "3": 61.0, "4": 61.89232477720957}, "rc-pulse-target": {"0": 1779.0, "1": 1826.0, "2": 1800.0, "3": 1177.0, "4": 1187.0, "5": 1772.532153474796}, "reward": 0.0, "annotation": ""}