{"rc-position-target": {"height": 3.182867835156021, "distance": 3.7386503186692956, "heading": 26.051123097367068, "wrist_angle": -71.23757998919159, "wrist_rotation": 61.89232477720957, "gripper": 48.49785643501362}, "rc-angle-target": {"0": 116.05112309736707, "1": 127.0, "2": 119.0, "3": 55.0, "4": 61.89232477720957}, "rc-pulse-target": {"0": 1829.0, "1": 1871.0, "2": 1822.0, "3": 1111.0, "4": 1187.0, "5": 1772.532153474796}, "reward": 0.0, "annotation": ""}