{"rc-position-target": {"height": 3.182867835156021, "distance": 3.138650318669295, "heading": 35.05112309736707, "wrist_angle": -80.23757998919159, "wrist_rotation": 61.89232477720957, "gripper": 48.49785643501362}, "rc-angle-target": {"0": 125.05112309736707, "1": 136.0, "2": 123.0, "3": 41.0, "4": 61.89232477720957}, "rc-pulse-target": {"0": 1929.0, "1": 1971.0, "2": 1866.0, "3": 955.0, "4": 1187.0, "5": 1772.532153474796}, "reward": 0.0, "annotation": ""}