{"rc-position-target": {"height": 3.182867835156021, "distance": 3.5386503186692955, "heading": 29.051123097367068, "wrist_angle": -74.23757998919159, "wrist_rotation": 61.89232477720957, "gripper": 48.49785643501362}, "rc-angle-target": {"0": 119.05112309736707, "1": 130.0, "2": 120.0, "3": 51.0, "4": 61.89232477720957}, "rc-pulse-target": {"0": 1862.0, "1": 1904.0, "2": 1833.0, "3": 1066.0, "4": 1187.0, "5": 1772.532153474796}, "reward": 0.0, "annotation": ""}