{"rc-position-target": {"height": 3.182867835156021, "distance": 3.4386503186692954, "heading": 30.551123097367068, "wrist_angle": -75.73757998919159, "wrist_rotation": 61.89232477720957, "gripper": 48.49785643501362}, "rc-angle-target": {"0": 120.55112309736707, "1": 132.0, "2": 121.0, "3": 48.0, "4": 61.89232477720957}, "rc-pulse-target": {"0": 1879.0, "1": 1926.0, "2": 1844.0, "3": 1033.0, "4": 1187.0, "5": 1772.532153474796}, "reward": 0.0, "annotation": ""}