{"rc-position-target": {"height": 3.182867835156021, "distance": 3.6386503186692956, "heading": 27.551123097367068, "wrist_angle": -72.73757998919159, "wrist_rotation": 61.89232477720957, "gripper": 48.49785643501362}, "rc-angle-target": {"0": 117.55112309736707, "1": 129.0, "2": 120.0, "3": 53.0, "4": 61.89232477720957}, "rc-pulse-target": {"0": 1846.0, "1": 1893.0, "2": 1833.0, "3": 1088.0, "4": 1187.0, "5": 1772.532153474796}, "reward": 0.0, "annotation": ""}