{"rc-position-target": {"height": 3.182867835156021, "distance": 3.3386503186692953, "heading": 32.05112309736707, "wrist_angle": -77.23757998919159, "wrist_rotation": 61.89232477720957, "gripper": 48.49785643501362}, "rc-angle-target": {"0": 122.05112309736707, "1": 133.0, "2": 122.0, "3": 46.0, "4": 61.89232477720957}, "rc-pulse-target": {"0": 1896.0, "1": 1937.0, "2": 1855.0, "3": 1011.0, "4": 1187.0, "5": 1772.532153474796}, "reward": 0.0, "annotation": ""}