{"rc-position-target": {"height": 3.182867835156021, "distance": 3.938650318669296, "heading": 23.051123097367068, "wrist_angle": -68.23757998919159, "wrist_rotation": 61.89232477720957, "gripper": 48.49785643501362}, "rc-angle-target": {"0": 113.05112309736707, "1": 124.0, "2": 117.0, "3": 59.0, "4": 61.89232477720957}, "rc-pulse-target": {"0": 1796.0, "1": 1837.0, "2": 1800.0, "3": 1155.0, "4": 1187.0, "5": 1772.532153474796}, "reward": 0.0, "annotation": ""}