{"rc-position-target": {"height": 3.182867835156021, "distance": 3.119616699752679, "heading": 41.05112309736707, "wrist_angle": -86.23757998919159, "wrist_rotation": 61.89232477720957, "gripper": 48.49785643501362}, "rc-angle-target": {"0": 131.05112309736705, "1": 137.0, "2": 123.0, "3": 35.0, "4": 61.89232477720957}, "rc-pulse-target": {"0": 1996.0, "1": 1982.0, "2": 1866.0, "3": 888.0, "4": 1187.0, "5": 1772.532153474796}, "reward": 0.0, "annotation": ""}