{"rc-position-target": {"height": 3.182867835156021, "distance": 3.119616699752679, "heading": 36.55112309736707, "wrist_angle": -81.73757998919159, "wrist_rotation": 61.89232477720957, "gripper": 48.49785643501362}, "rc-angle-target": {"0": 126.55112309736707, "1": 137.0, "2": 123.0, "3": 39.0, "4": 61.89232477720957}, "rc-pulse-target": {"0": 1946.0, "1": 1982.0, "2": 1866.0, "3": 933.0, "4": 1187.0, "5": 1772.532153474796}, "reward": 0.0, "annotation": ""}