{"rc-position-target": {"height": 3.182867835156021, "distance": 3.119616699752679, "heading": 60.55112309736707, "wrist_angle": -89.10873067896823, "wrist_rotation": 61.89232477720957, "gripper": 48.49785643501362}, "rc-angle-target": {"0": 150.55112309736705, "1": 137.0, "2": 123.0, "3": 32.0, "4": 61.89232477720957}, "rc-pulse-target": {"0": 2212.0, "1": 1982.0, "2": 1866.0, "3": 855.0, "4": 1187.0, "5": 1772.532153474796}, "reward": 0.0, "annotation": ""}