{"rc-position-target": {"height": 3.8828678351560217, "distance": 3.640029703951159, "heading": 57.55112309736707, "wrist_angle": -78.60873067896823, "wrist_rotation": 65.39232477720958, "gripper": 39.62122156321172}, "rc-angle-target": {"0": 147.55112309736705, "1": 130.0, "2": 115.0, "3": 41.0, "4": 65.39232477720958}, "rc-pulse-target": {"0": 2179.0, "1": 1904.0, "2": 1777.0, "3": 955.0, "4": 1226.0, "5": 1905.6816765518242}, "reward": 0.0, "annotation": ""}