{"rc-position-target": {"height": 3.6828678351560216, "distance": 3.6196166997526795, "heading": 60.55112309736707, "wrist_angle": -81.60873067896823, "wrist_rotation": 64.39232477720958, "gripper": 39.62122156321172}, "rc-angle-target": {"0": 150.55112309736705, "1": 130.0, "2": 116.0, "3": 39.0, "4": 64.39232477720958}, "rc-pulse-target": {"0": 2212.0, "1": 1904.0, "2": 1788.0, "3": 933.0, "4": 1215.0, "5": 1905.6816765518242}, "reward": 0.0, "annotation": ""}