{"rc-position-target": {"height": 3.4828678351560214, "distance": 3.4196166997526793, "heading": 63.55112309736707, "wrist_angle": -84.60873067896823, "wrist_rotation": 63.39232477720957, "gripper": 39.62122156321172}, "rc-angle-target": {"0": 153.55112309736705, "1": 132.0, "2": 119.0, "3": 37.0, "4": 63.39232477720957}, "rc-pulse-target": {"0": 2246.0, "1": 1926.0, "2": 1822.0, "3": 911.0, "4": 1204.0, "5": 1905.6816765518242}, "reward": 0.0, "annotation": ""}