{"rc-position-target": {"height": 3.5828678351560215, "distance": 3.5196166997526794, "heading": 62.05112309736707, "wrist_angle": -83.10873067896823, "wrist_rotation": 63.89232477720957, "gripper": 39.62122156321172}, "rc-angle-target": {"0": 152.05112309736705, "1": 131.0, "2": 118.0, "3": 38.0, "4": 63.89232477720957}, "rc-pulse-target": {"0": 2229.0, "1": 1915.0, "2": 1811.0, "3": 922.0, "4": 1209.0, "5": 1905.6816765518242}, "reward": 0.0, "annotation": ""}