{"rc-position-target": {"height": 3.7828678351560217, "distance": 3.640029703951159, "heading": 59.05112309736707, "wrist_angle": -80.10873067896823, "wrist_rotation": 64.89232477720958, "gripper": 39.62122156321172}, "rc-angle-target": {"0": 149.05112309736705, "1": 130.0, "2": 115.0, "3": 40.0, "4": 64.89232477720958}, "rc-pulse-target": {"0": 2196.0, "1": 1904.0, "2": 1777.0, "3": 944.0, "4": 1221.0, "5": 1905.6816765518242}, "reward": 0.0, "annotation": ""}