{"rc-position-target": {"height": 3.282867835156021, "distance": 3.219616699752679, "heading": 66.55112309736707, "wrist_angle": -87.60873067896823, "wrist_rotation": 62.39232477720957, "gripper": 43.49785643501362}, "rc-angle-target": {"0": 156.55112309736705, "1": 135.0, "2": 122.0, "3": 34.0, "4": 62.39232477720957}, "rc-pulse-target": {"0": 2279.0, "1": 1960.0, "2": 1855.0, "3": 877.0, "4": 1193.0, "5": 1847.532153474796}, "reward": 0.0, "annotation": ""}