{"rc-position-target": {"height": 3.3828678351560213, "distance": 3.3196166997526793, "heading": 65.05112309736707, "wrist_angle": -86.10873067896823, "wrist_rotation": 62.89232477720957, "gripper": 39.62122156321172}, "rc-angle-target": {"0": 155.05112309736705, "1": 134.0, "2": 121.0, "3": 35.0, "4": 62.89232477720957}, "rc-pulse-target": {"0": 2262.0, "1": 1948.0, "2": 1844.0, "3": 888.0, "4": 1198.0, "5": 1905.6816765518242}, "reward": 0.0, "annotation": ""}