{"rc-position-target": {"height": 3.982867835156022, "distance": 3.640029703951159, "heading": 56.05112309736707, "wrist_angle": -77.10873067896823, "wrist_rotation": 65.89232477720958, "gripper": 39.62122156321172}, "rc-angle-target": {"0": 146.05112309736705, "1": 130.0, "2": 114.0, "3": 41.0, "4": 65.89232477720958}, "rc-pulse-target": {"0": 2162.0, "1": 1904.0, "2": 1766.0, "3": 955.0, "4": 1232.0, "5": 1905.6816765518242}, "reward": 0.0, "annotation": ""}