{"rc-position-target": {"height": 4.047894936545815, "distance": 3.640029703951159, "heading": 54.55112309736707, "wrist_angle": -75.60873067896823, "wrist_rotation": 66.39232477720958, "gripper": 39.62122156321172}, "rc-angle-target": {"0": 144.55112309736705, "1": 130.0, "2": 113.0, "3": 42.0, "4": 66.39232477720958}, "rc-pulse-target": {"0": 2146.0, "1": 1904.0, "2": 1755.0, "3": 966.0, "4": 1237.0, "5": 1905.6816765518242}, "reward": 0.0, "annotation": ""}