{"rc-position-target": {"height": 4.047894936545815, "distance": 3.640029703951159, "heading": 53.05112309736707, "wrist_angle": -74.10873067896823, "wrist_rotation": 66.89232477720958, "gripper": 39.62122156321172}, "rc-angle-target": {"0": 143.05112309736705, "1": 130.0, "2": 113.0, "3": 44.0, "4": 66.89232477720958}, "rc-pulse-target": {"0": 2129.0, "1": 1904.0, "2": 1755.0, "3": 988.0, "4": 1243.0, "5": 1905.6816765518242}, "reward": 0.0, "annotation": ""}