{"rc-position-target": {"height": 4.047894936545815, "distance": 3.640029703951159, "heading": 50.05112309736707, "wrist_angle": -71.10873067896823, "wrist_rotation": 67.89232477720958, "gripper": 39.62122156321172}, "rc-angle-target": {"0": 140.05112309736705, "1": 130.0, "2": 113.0, "3": 47.0, "4": 67.89232477720958}, "rc-pulse-target": {"0": 2096.0, "1": 1904.0, "2": 1755.0, "3": 1022.0, "4": 1254.0, "5": 1905.6816765518242}, "reward": 0.0, "annotation": ""}