{"rc-position-target": {"height": 4.047894936545815, "distance": 3.640029703951159, "heading": 51.55112309736707, "wrist_angle": -72.60873067896823, "wrist_rotation": 67.39232477720958, "gripper": 39.62122156321172}, "rc-angle-target": {"0": 141.55112309736705, "1": 130.0, "2": 113.0, "3": 45.0, "4": 67.39232477720958}, "rc-pulse-target": {"0": 2112.0, "1": 1904.0, "2": 1755.0, "3": 1000.0, "4": 1248.0, "5": 1905.6816765518242}, "reward": 0.0, "annotation": ""}