{"rc-position-target": {"height": 4.047894936545815, "distance": 3.640029703951159, "heading": 49.16710070647284, "wrist_angle": -36.60873067896823, "wrist_rotation": 79.39232477720958, "gripper": 39.62122156321172}, "rc-angle-target": {"0": 139.16710070647284, "1": 130.0, "2": 113.0, "3": 81.0, "4": 79.39232477720958}, "rc-pulse-target": {"0": 2086.0, "1": 1904.0, "2": 1755.0, "3": 1400.0, "4": 1382.0, "5": 1905.6816765518242}, "reward": 0.0, "annotation": ""}