{"rc-position-target": {"height": 3.7478949365458143, "distance": 3.940029703951159, "heading": 44.66710070647284, "wrist_angle": -28.400604830231472, "wrist_rotation": 82.83289726980274, "gripper": 54.62122156321172}, "rc-angle-target": {"0": 134.66710070647284, "1": 125.0, "2": 114.0, "3": 94.0, "4": 82.83289726980274}, "rc-pulse-target": {"0": 2036.0, "1": 1848.0, "2": 1766.0, "3": 1544.0, "4": 1420.0, "5": 1680.6816765518242}, "reward": 0.0, "annotation": ""}