{"rc-position-target": {"height": 3.9478949365458145, "distance": 3.740029703951159, "heading": 47.66710070647284, "wrist_angle": -31.400604830231472, "wrist_rotation": 83.83289726980274, "gripper": 44.62122156321172}, "rc-angle-target": {"0": 137.66710070647284, "1": 128.0, "2": 114.0, "3": 88.0, "4": 83.83289726980274}, "rc-pulse-target": {"0": 2069.0, "1": 1882.0, "2": 1766.0, "3": 1477.0, "4": 1431.0, "5": 1830.6816765518242}, "reward": 0.0, "annotation": ""}