{"rc-position-target": {"height": 3.8478949365458144, "distance": 3.840029703951159, "heading": 46.16710070647284, "wrist_angle": -29.900604830231472, "wrist_rotation": 83.33289726980274, "gripper": 49.62122156321172}, "rc-angle-target": {"0": 136.16710070647284, "1": 127.0, "2": 114.0, "3": 91.0, "4": 83.33289726980274}, "rc-pulse-target": {"0": 2052.0, "1": 1871.0, "2": 1766.0, "3": 1511.0, "4": 1425.0, "5": 1755.6816765518242}, "reward": 0.0, "annotation": ""}