{"rc-position-target": {"height": 2.9478949365458136, "distance": 4.740029703951157, "heading": 32.66710070647284, "wrist_angle": -24.185945075996628, "wrist_rotation": 78.83289726980274, "gripper": 82.8101026132887}, "rc-angle-target": {"0": 122.66710070647284, "1": 113.0, "2": 112.0, "3": 110.0, "4": 78.83289726980274}, "rc-pulse-target": {"0": 1902.0, "1": 1715.0, "2": 1744.0, "3": 1722.0, "4": 1375.0, "5": 1257.8484608006693}, "reward": 0.0, "annotation": ""}