{"rc-position-target": {"height": 3.447894936545814, "distance": 4.2400297039511585, "heading": 40.16710070647284, "wrist_angle": -24.185945075996628, "wrist_rotation": 81.33289726980274, "gripper": 69.62122156321172}, "rc-angle-target": {"0": 130.16710070647284, "1": 121.0, "2": 113.0, "3": 103.0, "4": 81.33289726980274}, "rc-pulse-target": {"0": 1986.0, "1": 1804.0, "2": 1755.0, "3": 1644.0, "4": 1403.0, "5": 1455.6816765518242}, "reward": 0.0, "annotation": ""}