{"rc-position-target": {"height": 3.1478949365458138, "distance": 4.5400297039511575, "heading": 35.66710070647284, "wrist_angle": -24.185945075996628, "wrist_rotation": 79.83289726980274, "gripper": 82.8101026132887}, "rc-angle-target": {"0": 125.66710070647284, "1": 116.0, "2": 113.0, "3": 107.0, "4": 79.83289726980274}, "rc-pulse-target": {"0": 1936.0, "1": 1748.0, "2": 1755.0, "3": 1688.0, "4": 1387.0, "5": 1257.8484608006693}, "reward": 0.0, "annotation": ""}