{"rc-position-target": {"height": 3.347894936545814, "distance": 4.340029703951158, "heading": 38.66710070647284, "wrist_angle": -24.185945075996628, "wrist_rotation": 80.83289726980274, "gripper": 74.62122156321172}, "rc-angle-target": {"0": 128.66710070647284, "1": 119.0, "2": 113.0, "3": 104.0, "4": 80.83289726980274}, "rc-pulse-target": {"0": 1969.0, "1": 1782.0, "2": 1755.0, "3": 1655.0, "4": 1398.0, "5": 1380.6816765518242}, "reward": 0.0, "annotation": ""}