{"rc-position-target": {"height": 2.7478949365458134, "distance": 4.940029703951156, "heading": 29.667100706472837, "wrist_angle": -24.185945075996628, "wrist_rotation": 77.83289726980274, "gripper": 82.8101026132887}, "rc-angle-target": {"0": 119.66710070647284, "1": 109.0, "2": 111.0, "3": 113.0, "4": 77.83289726980274}, "rc-pulse-target": {"0": 1869.0, "1": 1671.0, "2": 1733.0, "3": 1755.0, "4": 1364.0, "5": 1257.8484608006693}, "reward": 0.0, "annotation": ""}