{"rc-position-target": {"height": 3.547894936545814, "distance": 4.140029703951159, "heading": 41.66710070647284, "wrist_angle": -25.400604830231472, "wrist_rotation": 81.83289726980274, "gripper": 64.62122156321172}, "rc-angle-target": {"0": 131.66710070647284, "1": 122.0, "2": 113.0, "3": 100.0, "4": 81.83289726980274}, "rc-pulse-target": {"0": 2002.0, "1": 1815.0, "2": 1755.0, "3": 1611.0, "4": 1409.0, "5": 1530.6816765518242}, "reward": 0.0, "annotation": ""}