{"rc-position-target": {"height": 3.247894936545814, "distance": 4.440029703951158, "heading": 37.16710070647284, "wrist_angle": -24.185945075996628, "wrist_rotation": 80.33289726980274, "gripper": 79.62122156321172}, "rc-angle-target": {"0": 127.16710070647284, "1": 118.0, "2": 113.0, "3": 106.0, "4": 80.33289726980274}, "rc-pulse-target": {"0": 1952.0, "1": 1771.0, "2": 1755.0, "3": 1677.0, "4": 1392.0, "5": 1305.6816765518242}, "reward": 0.0, "annotation": ""}