{"rc-position-target": {"height": 3.647894936545814, "distance": 4.040029703951159, "heading": 43.16710070647284, "wrist_angle": -26.900604830231472, "wrist_rotation": 82.33289726980274, "gripper": 59.62122156321172}, "rc-angle-target": {"0": 133.16710070647284, "1": 124.0, "2": 113.0, "3": 97.0, "4": 82.33289726980274}, "rc-pulse-target": {"0": 2019.0, "1": 1837.0, "2": 1755.0, "3": 1577.0, "4": 1414.0, "5": 1605.6816765518242}, "reward": 0.0, "annotation": ""}