{"rc-position-target": {"height": 3.0478949365458137, "distance": 4.640029703951157, "heading": 34.16710070647284, "wrist_angle": -24.185945075996628, "wrist_rotation": 79.33289726980274, "gripper": 82.8101026132887}, "rc-angle-target": {"0": 124.16710070647284, "1": 114.0, "2": 112.0, "3": 108.0, "4": 79.33289726980274}, "rc-pulse-target": {"0": 1919.0, "1": 1726.0, "2": 1744.0, "3": 1700.0, "4": 1381.0, "5": 1257.8484608006693}, "reward": 0.0, "annotation": ""}