{"rc-position-target": {"height": 2.8478949365458135, "distance": 4.840029703951156, "heading": 31.167100706472837, "wrist_angle": -24.185945075996628, "wrist_rotation": 78.33289726980274, "gripper": 82.8101026132887}, "rc-angle-target": {"0": 121.16710070647284, "1": 111.0, "2": 112.0, "3": 111.0, "4": 78.33289726980274}, "rc-pulse-target": {"0": 1886.0, "1": 1693.0, "2": 1744.0, "3": 1733.0, "4": 1370.0, "5": 1257.8484608006693}, "reward": 0.0, "annotation": ""}