{"rc-position-target": {"height": 2.6218711830829236, "distance": 5.340029703951155, "heading": 23.667100706472837, "wrist_angle": -24.185945075996628, "wrist_rotation": 75.83289726980274, "gripper": 82.8101026132887}, "rc-angle-target": {"0": 113.66710070647284, "1": 104.0, "2": 108.0, "3": 115.0, "4": 75.83289726980274}, "rc-pulse-target": {"0": 1802.0, "1": 1615.0, "2": 1700.0, "3": 1777.0, "4": 1342.0, "5": 1257.8484608006693}, "reward": 0.0, "annotation": ""}