{"rc-position-target": {"height": 2.6218711830829236, "distance": 5.240029703951155, "heading": 25.167100706472837, "wrist_angle": -24.185945075996628, "wrist_rotation": 76.33289726980274, "gripper": 82.8101026132887}, "rc-angle-target": {"0": 115.16710070647284, "1": 105.0, "2": 109.0, "3": 115.0, "4": 76.33289726980274}, "rc-pulse-target": {"0": 1819.0, "1": 1626.0, "2": 1711.0, "3": 1777.0, "4": 1348.0, "5": 1257.8484608006693}, "reward": 0.0, "annotation": ""}