{"rc-position-target": {"height": 2.6218711830829236, "distance": 5.540029703951154, "heading": 20.667100706472837, "wrist_angle": -24.185945075996628, "wrist_rotation": 74.83289726980274, "gripper": 82.8101026132887}, "rc-angle-target": {"0": 110.66710070647284, "1": 102.0, "2": 107.0, "3": 115.0, "4": 74.83289726980274}, "rc-pulse-target": {"0": 1769.0, "1": 1593.0, "2": 1688.0, "3": 1777.0, "4": 1331.0, "5": 1257.8484608006693}, "reward": 0.0, "annotation": ""}