{"rc-position-target": {"height": 2.6218711830829236, "distance": 5.740029703951153, "heading": 17.667100706472837, "wrist_angle": -24.185945075996628, "wrist_rotation": 73.83289726980274, "gripper": 82.8101026132887}, "rc-angle-target": {"0": 107.66710070647284, "1": 99.0, "2": 105.0, "3": 116.0, "4": 73.83289726980274}, "rc-pulse-target": {"0": 1736.0, "1": 1560.0, "2": 1666.0, "3": 1788.0, "4": 1320.0, "5": 1257.8484608006693}, "reward": 0.0, "annotation": ""}