{"rc-position-target": {"height": 2.6218711830829236, "distance": 5.440029703951154, "heading": 22.167100706472837, "wrist_angle": -24.185945075996628, "wrist_rotation": 75.33289726980274, "gripper": 82.8101026132887}, "rc-angle-target": {"0": 112.16710070647284, "1": 103.0, "2": 107.0, "3": 115.0, "4": 75.33289726980274}, "rc-pulse-target": {"0": 1786.0, "1": 1604.0, "2": 1688.0, "3": 1777.0, "4": 1337.0, "5": 1257.8484608006693}, "reward": 0.0, "annotation": ""}