{"rc-position-target": {"height": 2.6218711830829236, "distance": 5.140029703951155, "heading": 26.667100706472837, "wrist_angle": -24.185945075996628, "wrist_rotation": 76.83289726980274, "gripper": 82.8101026132887}, "rc-angle-target": {"0": 116.66710070647284, "1": 106.0, "2": 110.0, "3": 114.0, "4": 76.83289726980274}, "rc-pulse-target": {"0": 1836.0, "1": 1637.0, "2": 1722.0, "3": 1766.0, "4": 1353.0, "5": 1257.8484608006693}, "reward": 0.0, "annotation": ""}