{"rc-position-target": {"height": 2.6218711830829236, "distance": 5.840029703951153, "heading": 16.167100706472837, "wrist_angle": -24.185945075996628, "wrist_rotation": 73.33289726980274, "gripper": 82.8101026132887}, "rc-angle-target": {"0": 106.16710070647284, "1": 98.0, "2": 104.0, "3": 116.0, "4": 73.33289726980274}, "rc-pulse-target": {"0": 1719.0, "1": 1548.0, "2": 1655.0, "3": 1788.0, "4": 1314.0, "5": 1257.8484608006693}, "reward": 0.0, "annotation": ""}