{"rc-position-target": {"height": 2.6478949365458133, "distance": 5.040029703951156, "heading": 28.167100706472837, "wrist_angle": -24.185945075996628, "wrist_rotation": 77.33289726980274, "gripper": 82.8101026132887}, "rc-angle-target": {"0": 118.16710070647284, "1": 107.0, "2": 111.0, "3": 114.0, "4": 77.33289726980274}, "rc-pulse-target": {"0": 1852.0, "1": 1648.0, "2": 1733.0, "3": 1766.0, "4": 1359.0, "5": 1257.8484608006693}, "reward": 0.0, "annotation": ""}