{"rc-position-target": {"height": 2.6218711830829236, "distance": 5.9400297039511525, "heading": 14.667100706472837, "wrist_angle": -24.185945075996628, "wrist_rotation": 72.83289726980274, "gripper": 82.8101026132887}, "rc-angle-target": {"0": 104.66710070647284, "1": 97.0, "2": 103.0, "3": 116.0, "4": 72.83289726980274}, "rc-pulse-target": {"0": 1702.0, "1": 1537.0, "2": 1644.0, "3": 1788.0, "4": 1309.0, "5": 1257.8484608006693}, "reward": 0.0, "annotation": ""}