{"rc-position-target": {"height": 2.6218711830829236, "distance": 5.6400297039511536, "heading": 19.167100706472837, "wrist_angle": -24.185945075996628, "wrist_rotation": 74.33289726980274, "gripper": 82.8101026132887}, "rc-angle-target": {"0": 109.16710070647284, "1": 100.0, "2": 106.0, "3": 116.0, "4": 74.33289726980274}, "rc-pulse-target": {"0": 1752.0, "1": 1571.0, "2": 1677.0, "3": 1788.0, "4": 1325.0, "5": 1257.8484608006693}, "reward": 0.0, "annotation": ""}