{"rc-position-target": {"height": 2.6218711830829236, "distance": 6.240029703951151, "heading": 10.167100706472837, "wrist_angle": -24.185945075996628, "wrist_rotation": 71.33289726980274, "gripper": 82.8101026132887}, "rc-angle-target": {"0": 100.16710070647284, "1": 94.0, "2": 100.0, "3": 116.0, "4": 71.33289726980274}, "rc-pulse-target": {"0": 1652.0, "1": 1504.0, "2": 1611.0, "3": 1788.0, "4": 1292.0, "5": 1257.8484608006693}, "reward": 0.0, "annotation": ""}