{"rc-position-target": {"height": 2.6218711830829236, "distance": 6.040029703951152, "heading": 13.167100706472837, "wrist_angle": -24.185945075996628, "wrist_rotation": 72.33289726980274, "gripper": 82.8101026132887}, "rc-angle-target": {"0": 103.16710070647284, "1": 96.0, "2": 102.0, "3": 116.0, "4": 72.33289726980274}, "rc-pulse-target": {"0": 1686.0, "1": 1526.0, "2": 1633.0, "3": 1788.0, "4": 1303.0, "5": 1257.8484608006693}, "reward": 0.0, "annotation": ""}