{"rc-position-target": {"height": 2.6218711830829236, "distance": 6.140029703951152, "heading": 11.667100706472837, "wrist_angle": -24.185945075996628, "wrist_rotation": 71.83289726980274, "gripper": 82.8101026132887}, "rc-angle-target": {"0": 101.66710070647284, "1": 95.0, "2": 101.0, "3": 116.0, "4": 71.83289726980274}, "rc-pulse-target": {"0": 1669.0, "1": 1515.0, "2": 1622.0, "3": 1788.0, "4": 1298.0, "5": 1257.8484608006693}, "reward": 0.0, "annotation": ""}