{"rc-position-target": {"height": 3.021871183082924, "distance": 5.905619462082104, "heading": -1.244152270726829, "wrist_angle": -18.185945075996628, "wrist_rotation": 66.83289726980274, "gripper": 62.810102613288706}, "rc-angle-target": {"0": 88.75584772927317, "1": 99.0, "2": 101.0, "3": 118.0, "4": 66.83289726980274}, "rc-pulse-target": {"0": 1526.0, "1": 1560.0, "2": 1622.0, "3": 1811.0, "4": 1242.0, "5": 1557.8484608006693}, "reward": 0.0, "annotation": ""}