{"rc-position-target": {"height": 2.921871183082924, "distance": 6.0056194620821035, "heading": -2.744152270726829, "wrist_angle": -19.685945075996628, "wrist_rotation": 66.33289726980274, "gripper": 67.8101026132887}, "rc-angle-target": {"0": 87.25584772927317, "1": 98.0, "2": 101.0, "3": 118.0, "4": 66.33289726980274}, "rc-pulse-target": {"0": 1509.0, "1": 1548.0, "2": 1622.0, "3": 1811.0, "4": 1237.0, "5": 1482.8484608006693}, "reward": 0.0, "annotation": ""}