{"rc-position-target": {"height": 2.7218711830829236, "distance": 6.205619462082103, "heading": -5.744152270726829, "wrist_angle": -22.685945075996628, "wrist_rotation": 65.33289726980274, "gripper": 77.8101026132887}, "rc-angle-target": {"0": 84.25584772927317, "1": 95.0, "2": 100.0, "3": 117.0, "4": 65.33289726980274}, "rc-pulse-target": {"0": 1476.0, "1": 1515.0, "2": 1611.0, "3": 1800.0, "4": 1225.0, "5": 1332.8484608006693}, "reward": 0.0, "annotation": ""}