{"rc-position-target": {"height": 2.6218711830829236, "distance": 6.3056194620821024, "heading": -1.8328992935271629, "wrist_angle": -24.185945075996628, "wrist_rotation": 67.33289726980274, "gripper": 82.8101026132887}, "rc-angle-target": {"0": 88.16710070647284, "1": 93.0, "2": 99.0, "3": 116.0, "4": 67.33289726980274}, "rc-pulse-target": {"0": 1519.0, "1": 1493.0, "2": 1600.0, "3": 1788.0, "4": 1248.0, "5": 1257.8484608006693}, "reward": 0.0, "annotation": ""}