{"rc-position-target": {"height": 2.8218711830829237, "distance": 6.105619462082103, "heading": -4.244152270726829, "wrist_angle": -21.185945075996628, "wrist_rotation": 65.83289726980274, "gripper": 72.8101026132887}, "rc-angle-target": {"0": 85.75584772927317, "1": 96.0, "2": 100.0, "3": 117.0, "4": 65.83289726980274}, "rc-pulse-target": {"0": 1492.0, "1": 1526.0, "2": 1611.0, "3": 1800.0, "4": 1231.0, "5": 1407.8484608006693}, "reward": 0.0, "annotation": ""}