{"rc-position-target": {"height": 2.6218711830829236, "distance": 6.3056194620821024, "heading": -6.332899293527163, "wrist_angle": -24.185945075996628, "wrist_rotation": 65.83289726980274, "gripper": 82.8101026132887}, "rc-angle-target": {"0": 83.66710070647284, "1": 93.0, "2": 99.0, "3": 116.0, "4": 65.83289726980274}, "rc-pulse-target": {"0": 1469.0, "1": 1493.0, "2": 1600.0, "3": 1788.0, "4": 1231.0, "5": 1257.8484608006693}, "reward": 0.0, "annotation": ""}