{"rc-position-target": {"height": 3.4218711830829243, "distance": 5.505619462082105, "heading": 4.755847729273171, "wrist_angle": -12.185945075996628, "wrist_rotation": 68.83289726980274, "gripper": 42.810102613288706}, "rc-angle-target": {"0": 94.75584772927317, "1": 105.0, "2": 103.0, "3": 120.0, "4": 68.83289726980274}, "rc-pulse-target": {"0": 1592.0, "1": 1626.0, "2": 1644.0, "3": 1833.0, "4": 1264.0, "5": 1857.8484608006693}, "reward": 0.0, "annotation": ""}