{"rc-position-target": {"height": 3.8218711830829246, "distance": 5.105619462082107, "heading": 10.755847729273171, "wrist_angle": -6.340806540819969, "wrist_rotation": 70.83289726980274, "gripper": 26.440570850649326}, "rc-angle-target": {"0": 100.75584772927317, "1": 111.0, "2": 104.0, "3": 121.0, "4": 70.83289726980274}, "rc-pulse-target": {"0": 1659.0, "1": 1693.0, "2": 1655.0, "3": 1844.0, "4": 1287.0, "5": 2103.39143724026}, "reward": 0.0, "annotation": ""}