{"rc-position-target": {"height": 3.321871183082924, "distance": 5.605619462082105, "heading": 3.255847729273171, "wrist_angle": -13.685945075996628, "wrist_rotation": 68.33289726980274, "gripper": 47.810102613288706}, "rc-angle-target": {"0": 93.25584772927317, "1": 104.0, "2": 103.0, "3": 120.0, "4": 68.33289726980274}, "rc-pulse-target": {"0": 1576.0, "1": 1615.0, "2": 1644.0, "3": 1833.0, "4": 1259.0, "5": 1782.8484608006693}, "reward": 0.0, "annotation": ""}