{"rc-position-target": {"height": 3.121871183082924, "distance": 5.805619462082104, "heading": 0.2558477292731709, "wrist_angle": -16.685945075996628, "wrist_rotation": 67.33289726980274, "gripper": 57.810102613288706}, "rc-angle-target": {"0": 90.25584772927317, "1": 101.0, "2": 102.0, "3": 119.0, "4": 67.33289726980274}, "rc-pulse-target": {"0": 1542.0, "1": 1582.0, "2": 1633.0, "3": 1822.0, "4": 1248.0, "5": 1632.8484608006693}, "reward": 0.0, "annotation": ""}