{"rc-position-target": {"height": 3.221871183082924, "distance": 5.705619462082105, "heading": 1.755847729273171, "wrist_angle": -15.185945075996628, "wrist_rotation": 67.83289726980274, "gripper": 52.810102613288706}, "rc-angle-target": {"0": 91.75584772927317, "1": 102.0, "2": 102.0, "3": 119.0, "4": 67.83289726980274}, "rc-pulse-target": {"0": 1559.0, "1": 1593.0, "2": 1633.0, "3": 1822.0, "4": 1253.0, "5": 1707.8484608006693}, "reward": 0.0, "annotation": ""}