{"rc-position-target": {"height": 3.7218711830829245, "distance": 5.205619462082106, "heading": 9.255847729273171, "wrist_angle": -7.685945075996628, "wrist_rotation": 70.33289726980274, "gripper": 27.810102613288706}, "rc-angle-target": {"0": 99.25584772927317, "1": 110.0, "2": 104.0, "3": 121.0, "4": 70.33289726980274}, "rc-pulse-target": {"0": 1642.0, "1": 1682.0, "2": 1655.0, "3": 1844.0, "4": 1281.0, "5": 2082.8484608006693}, "reward": 0.0, "annotation": ""}