{"rc-position-target": {"height": 3.5218711830829244, "distance": 5.405619462082106, "heading": 6.255847729273171, "wrist_angle": -10.685945075996628, "wrist_rotation": 69.33289726980274, "gripper": 37.810102613288706}, "rc-angle-target": {"0": 96.25584772927317, "1": 107.0, "2": 103.0, "3": 120.0, "4": 69.33289726980274}, "rc-pulse-target": {"0": 1609.0, "1": 1648.0, "2": 1644.0, "3": 1833.0, "4": 1270.0, "5": 1932.8484608006693}, "reward": 0.0, "annotation": ""}