{"rc-position-target": {"height": 3.8939914884829157, "distance": 5.005619462082107, "heading": 12.255847729273171, "wrist_angle": -6.340806540819969, "wrist_rotation": 71.33289726980274, "gripper": 26.440570850649326}, "rc-angle-target": {"0": 102.25584772927317, "1": 112.0, "2": 104.0, "3": 120.0, "4": 71.33289726980274}, "rc-pulse-target": {"0": 1676.0, "1": 1704.0, "2": 1655.0, "3": 1833.0, "4": 1292.0, "5": 2103.39143724026}, "reward": 0.0, "annotation": ""}