{"rc-position-target": {"height": 3.8939914884829157, "distance": 4.905619462082107, "heading": 13.755847729273171, "wrist_angle": -6.340806540819969, "wrist_rotation": 71.83289726980274, "gripper": 26.440570850649326}, "rc-angle-target": {"0": 103.75584772927317, "1": 114.0, "2": 105.0, "3": 120.0, "4": 71.83289726980274}, "rc-pulse-target": {"0": 1692.0, "1": 1726.0, "2": 1666.0, "3": 1833.0, "4": 1298.0, "5": 2103.39143724026}, "reward": 0.0, "annotation": ""}