{"rc-position-target": {"height": 3.6218711830829244, "distance": 5.305619462082106, "heading": 7.755847729273171, "wrist_angle": -9.185945075996628, "wrist_rotation": 69.83289726980274, "gripper": 32.810102613288706}, "rc-angle-target": {"0": 97.75584772927317, "1": 108.0, "2": 103.0, "3": 121.0, "4": 69.83289726980274}, "rc-pulse-target": {"0": 1626.0, "1": 1660.0, "2": 1644.0, "3": 1844.0, "4": 1275.0, "5": 2007.8484608006693}, "reward": 0.0, "annotation": ""}