{"rc-position-target": {"height": 3.8939914884829157, "distance": 4.405619462082109, "heading": 21.25584772927317, "wrist_angle": -6.340806540819969, "wrist_rotation": 74.33289726980274, "gripper": 26.440570850649326}, "rc-angle-target": {"0": 111.25584772927317, "1": 120.0, "2": 109.0, "3": 118.0, "4": 74.33289726980274}, "rc-pulse-target": {"0": 1776.0, "1": 1793.0, "2": 1711.0, "3": 1811.0, "4": 1325.0, "5": 2103.39143724026}, "reward": 0.0, "annotation": ""}