{"rc-position-target": {"height": 3.8939914884829157, "distance": 4.6056194620821085, "heading": 18.25584772927317, "wrist_angle": -6.340806540819969, "wrist_rotation": 73.33289726980274, "gripper": 26.440570850649326}, "rc-angle-target": {"0": 108.25584772927317, "1": 117.0, "2": 108.0, "3": 119.0, "4": 73.33289726980274}, "rc-pulse-target": {"0": 1742.0, "1": 1760.0, "2": 1700.0, "3": 1822.0, "4": 1314.0, "5": 2103.39143724026}, "reward": 0.0, "annotation": ""}