{"rc-position-target": {"height": 3.8939914884829157, "distance": 4.3762303706590355, "heading": 22.75584772927317, "wrist_angle": -6.340806540819969, "wrist_rotation": 74.83289726980274, "gripper": 26.440570850649326}, "rc-angle-target": {"0": 112.75584772927317, "1": 120.0, "2": 109.0, "3": 117.0, "4": 74.83289726980274}, "rc-pulse-target": {"0": 1792.0, "1": 1793.0, "2": 1711.0, "3": 1800.0, "4": 1331.0, "5": 2103.39143724026}, "reward": 0.0, "annotation": ""}