{"rc-position-target": {"height": 3.8939914884829157, "distance": 4.705619462082108, "heading": 16.75584772927317, "wrist_angle": -6.340806540819969, "wrist_rotation": 72.83289726980274, "gripper": 26.440570850649326}, "rc-angle-target": {"0": 106.75584772927317, "1": 116.0, "2": 107.0, "3": 119.0, "4": 72.83289726980274}, "rc-pulse-target": {"0": 1726.0, "1": 1748.0, "2": 1688.0, "3": 1822.0, "4": 1309.0, "5": 2103.39143724026}, "reward": 0.0, "annotation": ""}