{"rc-position-target": {"height": 3.8939914884829157, "distance": 4.805619462082108, "heading": 15.255847729273171, "wrist_angle": -6.340806540819969, "wrist_rotation": 72.33289726980274, "gripper": 26.440570850649326}, "rc-angle-target": {"0": 105.25584772927317, "1": 115.0, "2": 106.0, "3": 119.0, "4": 72.33289726980274}, "rc-pulse-target": {"0": 1709.0, "1": 1737.0, "2": 1677.0, "3": 1822.0, "4": 1303.0, "5": 2103.39143724026}, "reward": 0.0, "annotation": ""}