{"rc-position-target": {"height": 3.8939914884829157, "distance": 4.505619462082109, "heading": 19.75584772927317, "wrist_angle": -6.340806540819969, "wrist_rotation": 73.83289726980274, "gripper": 26.440570850649326}, "rc-angle-target": {"0": 109.75584772927317, "1": 118.0, "2": 108.0, "3": 118.0, "4": 73.83289726980274}, "rc-pulse-target": {"0": 1759.0, "1": 1771.0, "2": 1700.0, "3": 1811.0, "4": 1320.0, "5": 2103.39143724026}, "reward": 0.0, "annotation": ""}