{"rc-position-target": {"height": 3.6939914884829155, "distance": 4.576230370659035, "heading": 87.27642869764821, "wrist_angle": -9.340806540819969, "wrist_rotation": 74.95763561894671, "gripper": 36.44057085064932}, "rc-angle-target": {"0": 177.2764286976482, "1": 117.0, "2": 109.0, "3": 117.0, "4": 74.95763561894671}, "rc-pulse-target": {"0": 2509.0, "1": 1760.0, "2": 1711.0, "3": 1800.0, "4": 1332.0, "5": 1953.39143724026}, "reward": 0.0, "annotation": ""}