{"rc-position-target": {"height": 3.7939914884829156, "distance": 4.476230370659035, "heading": 87.25584772927317, "wrist_angle": -7.840806540819969, "wrist_rotation": 75.45763561894671, "gripper": 31.440570850649326}, "rc-angle-target": {"0": 177.25584772927317, "1": 119.0, "2": 109.0, "3": 117.0, "4": 75.45763561894671}, "rc-pulse-target": {"0": 2509.0, "1": 1782.0, "2": 1711.0, "3": 1800.0, "4": 1338.0, "5": 2028.39143724026}, "reward": 0.0, "annotation": ""}