{"rc-position-target": {"height": 2.9555546934134393, "distance": 5.576230370659031, "heading": 87.27642869764821, "wrist_angle": -24.34080654081997, "wrist_rotation": 69.95763561894671, "gripper": 70.56217632994539}, "rc-angle-target": {"0": 177.2764286976482, "1": 103.0, "2": 105.0, "3": 112.0, "4": 69.95763561894671}, "rc-pulse-target": {"0": 2509.0, "1": 1604.0, "2": 1666.0, "3": 1744.0, "4": 1277.0, "5": 1441.567355050819}, "reward": 0.0, "annotation": ""}