{"rc-position-target": {"height": 3.293991488482915, "distance": 4.976230370659033, "heading": 87.27642869764821, "wrist_angle": -15.340806540819969, "wrist_rotation": 72.95763561894671, "gripper": 56.44057085064932}, "rc-angle-target": {"0": 177.2764286976482, "1": 111.0, "2": 108.0, "3": 116.0, "4": 72.95763561894671}, "rc-pulse-target": {"0": 2509.0, "1": 1693.0, "2": 1700.0, "3": 1788.0, "4": 1310.0, "5": 1653.39143724026}, "reward": 0.0, "annotation": ""}