{"rc-position-target": {"height": 3.393991488482915, "distance": 4.876230370659034, "heading": 87.27642869764821, "wrist_angle": -13.840806540819969, "wrist_rotation": 73.45763561894671, "gripper": 51.44057085064932}, "rc-angle-target": {"0": 177.2764286976482, "1": 113.0, "2": 108.0, "3": 117.0, "4": 73.45763561894671}, "rc-pulse-target": {"0": 2509.0, "1": 1715.0, "2": 1700.0, "3": 1800.0, "4": 1316.0, "5": 1728.39143724026}, "reward": 0.0, "annotation": ""}