{"rc-position-target": {"height": 2.9555546934134393, "distance": 5.476230370659032, "heading": 87.27642869764821, "wrist_angle": -22.84080654081997, "wrist_rotation": 70.45763561894671, "gripper": 70.56217632994539}, "rc-angle-target": {"0": 177.2764286976482, "1": 104.0, "2": 106.0, "3": 113.0, "4": 70.45763561894671}, "rc-pulse-target": {"0": 2509.0, "1": 1615.0, "2": 1677.0, "3": 1755.0, "4": 1282.0, "5": 1441.567355050819}, "reward": 0.0, "annotation": ""}