{"rc-position-target": {"height": 2.993991488482915, "distance": 5.276230370659032, "heading": 87.27642869764821, "wrist_angle": -19.84080654081997, "wrist_rotation": 71.45763561894671, "gripper": 70.56217632994539}, "rc-angle-target": {"0": 177.2764286976482, "1": 106.0, "2": 107.0, "3": 116.0, "4": 71.45763561894671}, "rc-pulse-target": {"0": 2509.0, "1": 1637.0, "2": 1688.0, "3": 1788.0, "4": 1293.0, "5": 1441.567355050819}, "reward": 0.0, "annotation": ""}