{"rc-position-target": {"height": 3.5939914884829154, "distance": 4.6762303706590345, "heading": 87.27642869764821, "wrist_angle": -10.840806540819969, "wrist_rotation": 74.45763561894671, "gripper": 41.44057085064932}, "rc-angle-target": {"0": 177.2764286976482, "1": 116.0, "2": 109.0, "3": 117.0, "4": 74.45763561894671}, "rc-pulse-target": {"0": 2509.0, "1": 1748.0, "2": 1711.0, "3": 1800.0, "4": 1327.0, "5": 1878.39143724026}, "reward": 0.0, "annotation": ""}