{"rc-position-target": {"height": 3.4939914884829153, "distance": 4.776230370659034, "heading": 87.27642869764821, "wrist_angle": -12.340806540819969, "wrist_rotation": 73.95763561894671, "gripper": 46.44057085064932}, "rc-angle-target": {"0": 177.2764286976482, "1": 114.0, "2": 109.0, "3": 117.0, "4": 73.95763561894671}, "rc-pulse-target": {"0": 2509.0, "1": 1726.0, "2": 1711.0, "3": 1800.0, "4": 1321.0, "5": 1803.39143724026}, "reward": 0.0, "annotation": ""}