{"rc-position-target": {"height": 3.193991488482915, "distance": 5.076230370659033, "heading": 87.27642869764821, "wrist_angle": -16.84080654081997, "wrist_rotation": 72.45763561894671, "gripper": 61.44057085064932}, "rc-angle-target": {"0": 177.2764286976482, "1": 109.0, "2": 108.0, "3": 116.0, "4": 72.45763561894671}, "rc-pulse-target": {"0": 2509.0, "1": 1671.0, "2": 1700.0, "3": 1788.0, "4": 1305.0, "5": 1578.39143724026}, "reward": 0.0, "annotation": ""}