{"rc-position-target": {"height": 3.093991488482915, "distance": 5.176230370659033, "heading": 87.27642869764821, "wrist_angle": -18.34080654081997, "wrist_rotation": 71.95763561894671, "gripper": 66.44057085064932}, "rc-angle-target": {"0": 177.2764286976482, "1": 108.0, "2": 108.0, "3": 116.0, "4": 71.95763561894671}, "rc-pulse-target": {"0": 2509.0, "1": 1660.0, "2": 1700.0, "3": 1788.0, "4": 1299.0, "5": 1503.39143724026}, "reward": 0.0, "annotation": ""}