{"rc-position-target": {"height": 2.9555546934134393, "distance": 5.676230370659031, "heading": 87.27642869764821, "wrist_angle": -25.762069113191004, "wrist_rotation": 69.45763561894671, "gripper": 70.56217632994539}, "rc-angle-target": {"0": 177.2764286976482, "1": 102.0, "2": 104.0, "3": 111.0, "4": 69.45763561894671}, "rc-pulse-target": {"0": 2509.0, "1": 1593.0, "2": 1655.0, "3": 1733.0, "4": 1271.0, "5": 1441.567355050819}, "reward": 0.0, "annotation": ""}