{"rc-position-target": {"height": 2.9555546934134393, "distance": 5.7762303706590306, "heading": 87.27642869764821, "wrist_angle": -25.762069113191004, "wrist_rotation": 68.95763561894671, "gripper": 70.56217632994539}, "rc-angle-target": {"0": 177.2764286976482, "1": 100.0, "2": 103.0, "3": 111.0, "4": 68.95763561894671}, "rc-pulse-target": {"0": 2509.0, "1": 1571.0, "2": 1644.0, "3": 1733.0, "4": 1266.0, "5": 1441.567355050819}, "reward": 0.0, "annotation": ""}