{"rc-position-target": {"height": 2.9555546934134393, "distance": 6.176230370659029, "heading": 87.27642869764821, "wrist_angle": -25.762069113191004, "wrist_rotation": 66.95763561894671, "gripper": 70.56217632994539}, "rc-angle-target": {"0": 177.2764286976482, "1": 96.0, "2": 99.0, "3": 112.0, "4": 66.95763561894671}, "rc-pulse-target": {"0": 2509.0, "1": 1526.0, "2": 1600.0, "3": 1744.0, "4": 1243.0, "5": 1441.567355050819}, "reward": 0.0, "annotation": ""}