{"rc-position-target": {"height": 2.655554693413439, "distance": 6.9359299466851905, "heading": 82.77642869764821, "wrist_angle": -21.262069113191004, "wrist_rotation": 64.09561439133688, "gripper": 55.56217632994539}, "rc-angle-target": {"0": 172.7764286976482, "1": 87.0, "2": 93.0, "3": 119.0, "4": 64.09561439133688}, "rc-pulse-target": {"0": 2459.0, "1": 1426.0, "2": 1533.0, "3": 1822.0, "4": 1212.0, "5": 1666.567355050819}, "reward": 0.0, "annotation": ""}