{"rc-position-target": {"height": 2.755554693413439, "distance": 7.03592994668519, "heading": 84.27642869764821, "wrist_angle": -22.762069113191004, "wrist_rotation": 63.59561439133688, "gripper": 60.56217632994539}, "rc-angle-target": {"0": 174.2764286976482, "1": 87.0, "2": 91.0, "3": 117.0, "4": 63.59561439133688}, "rc-pulse-target": {"0": 2476.0, "1": 1426.0, "2": 1511.0, "3": 1800.0, "4": 1206.0, "5": 1591.567355050819}, "reward": 0.0, "annotation": ""}