{"rc-position-target": {"height": 2.8555546934134393, "distance": 7.13592994668519, "heading": 85.77642869764821, "wrist_angle": -24.262069113191004, "wrist_rotation": 63.09561439133688, "gripper": 65.56217632994539}, "rc-angle-target": {"0": 175.7764286976482, "1": 86.0, "2": 90.0, "3": 114.0, "4": 63.09561439133688}, "rc-pulse-target": {"0": 2493.0, "1": 1415.0, "2": 1500.0, "3": 1766.0, "4": 1201.0, "5": 1516.567355050819}, "reward": 0.0, "annotation": ""}