{"rc-position-target": {"height": 2.9555546934134393, "distance": 6.776230370659027, "heading": 87.27642869764821, "wrist_angle": -25.762069113191004, "wrist_rotation": 63.95763561894671, "gripper": 70.56217632994539}, "rc-angle-target": {"0": 177.2764286976482, "1": 90.0, "2": 93.0, "3": 112.0, "4": 63.95763561894671}, "rc-pulse-target": {"0": 2509.0, "1": 1460.0, "2": 1533.0, "3": 1744.0, "4": 1210.0, "5": 1441.567355050819}, "reward": 0.0, "annotation": ""}