{"rc-position-target": {"height": 2.9555546934134393, "distance": 7.235929946685189, "heading": 87.27642869764821, "wrist_angle": -25.762069113191004, "wrist_rotation": 62.59561439133688, "gripper": 70.56217632994539}, "rc-angle-target": {"0": 177.2764286976482, "1": 85.0, "2": 89.0, "3": 112.0, "4": 62.59561439133688}, "rc-pulse-target": {"0": 2509.0, "1": 1404.0, "2": 1488.0, "3": 1744.0, "4": 1195.0, "5": 1441.567355050819}, "reward": 0.0, "annotation": ""}