{"rc-position-target": {"height": 2.137633505760615, "distance": 6.135929946685193, "heading": 70.77642869764821, "wrist_angle": -19.082674858675432, "wrist_rotation": 68.09561439133688, "gripper": 49.738091369946325}, "rc-angle-target": {"0": 160.7764286976482, "1": 92.0, "2": 103.0, "3": 126.0, "4": 68.09561439133688}, "rc-pulse-target": {"0": 2326.0, "1": 1482.0, "2": 1644.0, "3": 1900.0, "4": 1256.0, "5": 1753.9286294508051}, "reward": 0.0, "annotation": ""}