{"rc-position-target": {"height": 2.455554693413439, "distance": 6.735929946685191, "heading": 79.77642869764821, "wrist_angle": -19.082674858675432, "wrist_rotation": 65.09561439133688, "gripper": 49.738091369946325}, "rc-angle-target": {"0": 169.7764286976482, "1": 88.0, "2": 96.0, "3": 123.0, "4": 65.09561439133688}, "rc-pulse-target": {"0": 2426.0, "1": 1437.0, "2": 1566.0, "3": 1866.0, "4": 1223.0, "5": 1753.9286294508051}, "reward": 0.0, "annotation": ""}