{"rc-position-target": {"height": 2.1555546934134386, "distance": 6.435929946685192, "heading": 75.27642869764821, "wrist_angle": -19.082674858675432, "wrist_rotation": 66.59561439133688, "gripper": 49.738091369946325}, "rc-angle-target": {"0": 165.2764286976482, "1": 90.0, "2": 100.0, "3": 126.0, "4": 66.59561439133688}, "rc-pulse-target": {"0": 2376.0, "1": 1460.0, "2": 1611.0, "3": 1900.0, "4": 1239.0, "5": 1753.9286294508051}, "reward": 0.0, "annotation": ""}