{"rc-position-target": {"height": 2.137633505760615, "distance": 6.235929946685193, "heading": 72.27642869764821, "wrist_angle": -19.082674858675432, "wrist_rotation": 67.59561439133688, "gripper": 49.738091369946325}, "rc-angle-target": {"0": 162.2764286976482, "1": 91.0, "2": 102.0, "3": 126.0, "4": 67.59561439133688}, "rc-pulse-target": {"0": 2343.0, "1": 1471.0, "2": 1633.0, "3": 1900.0, "4": 1251.0, "5": 1753.9286294508051}, "reward": 0.0, "annotation": ""}