{"rc-position-target": {"height": 2.2555546934134387, "distance": 6.535929946685192, "heading": 76.77642869764821, "wrist_angle": -19.082674858675432, "wrist_rotation": 66.09561439133688, "gripper": 49.738091369946325}, "rc-angle-target": {"0": 166.7764286976482, "1": 89.0, "2": 98.0, "3": 125.0, "4": 66.09561439133688}, "rc-pulse-target": {"0": 2393.0, "1": 1448.0, "2": 1588.0, "3": 1888.0, "4": 1234.0, "5": 1753.9286294508051}, "reward": 0.0, "annotation": ""}