{"rc-position-target": {"height": 2.137633505760615, "distance": 6.035929946685194, "heading": 69.27642869764821, "wrist_angle": -19.082674858675432, "wrist_rotation": 68.59561439133688, "gripper": 49.738091369946325}, "rc-angle-target": {"0": 159.2764286976482, "1": 94.0, "2": 104.0, "3": 126.0, "4": 68.59561439133688}, "rc-pulse-target": {"0": 2309.0, "1": 1504.0, "2": 1655.0, "3": 1900.0, "4": 1262.0, "5": 1753.9286294508051}, "reward": 0.0, "annotation": ""}