{"rc-position-target": {"height": 2.355554693413439, "distance": 6.6359299466851915, "heading": 78.27642869764821, "wrist_angle": -19.082674858675432, "wrist_rotation": 65.59561439133688, "gripper": 49.738091369946325}, "rc-angle-target": {"0": 168.2764286976482, "1": 89.0, "2": 97.0, "3": 124.0, "4": 65.59561439133688}, "rc-pulse-target": {"0": 2409.0, "1": 1448.0, "2": 1577.0, "3": 1877.0, "4": 1228.0, "5": 1753.9286294508051}, "reward": 0.0, "annotation": ""}