{"rc-position-target": {"height": 2.555554693413439, "distance": 6.835929946685191, "heading": 81.27642869764821, "wrist_angle": -19.762069113191004, "wrist_rotation": 64.59561439133688, "gripper": 50.56217632994539}, "rc-angle-target": {"0": 171.2764286976482, "1": 88.0, "2": 94.0, "3": 121.0, "4": 64.59561439133688}, "rc-pulse-target": {"0": 2443.0, "1": 1437.0, "2": 1544.0, "3": 1844.0, "4": 1217.0, "5": 1741.567355050819}, "reward": 0.0, "annotation": ""}