{"rc-position-target": {"height": 2.137633505760615, "distance": 5.935929946685194, "heading": 67.77642869764821, "wrist_angle": -19.082674858675432, "wrist_rotation": 69.09561439133688, "gripper": 49.738091369946325}, "rc-angle-target": {"0": 157.7764286976482, "1": 95.0, "2": 105.0, "3": 126.0, "4": 69.09561439133688}, "rc-pulse-target": {"0": 2293.0, "1": 1515.0, "2": 1666.0, "3": 1900.0, "4": 1267.0, "5": 1753.9286294508051}, "reward": 0.0, "annotation": ""}