{"rc-position-target": {"height": 2.137633505760615, "distance": 6.335929946685193, "heading": 73.77642869764821, "wrist_angle": -19.082674858675432, "wrist_rotation": 67.09561439133688, "gripper": 49.738091369946325}, "rc-angle-target": {"0": 163.7764286976482, "1": 90.0, "2": 101.0, "3": 126.0, "4": 67.09561439133688}, "rc-pulse-target": {"0": 2359.0, "1": 1460.0, "2": 1622.0, "3": 1900.0, "4": 1245.0, "5": 1753.9286294508051}, "reward": 0.0, "annotation": ""}