{"rc-position-target": {"height": 2.137633505760615, "distance": 5.5359299466851954, "heading": 61.776428697648214, "wrist_angle": -19.082674858675432, "wrist_rotation": 71.09561439133688, "gripper": 49.738091369946325}, "rc-angle-target": {"0": 151.7764286976482, "1": 99.0, "2": 109.0, "3": 125.0, "4": 71.09561439133688}, "rc-pulse-target": {"0": 2226.0, "1": 1560.0, "2": 1711.0, "3": 1888.0, "4": 1289.0, "5": 1753.9286294508051}, "reward": 0.0, "annotation": ""}