{"rc-position-target": {"height": 2.137633505760615, "distance": 4.935929946685198, "heading": 52.776428697648214, "wrist_angle": -19.082674858675432, "wrist_rotation": 74.09561439133688, "gripper": 49.738091369946325}, "rc-angle-target": {"0": 142.7764286976482, "1": 106.0, "2": 114.0, "3": 124.0, "4": 74.09561439133688}, "rc-pulse-target": {"0": 2126.0, "1": 1637.0, "2": 1766.0, "3": 1877.0, "4": 1323.0, "5": 1753.9286294508051}, "reward": 0.0, "annotation": ""}