{"rc-position-target": {"height": 2.137633505760615, "distance": 5.335929946685196, "heading": 58.776428697648214, "wrist_angle": -19.082674858675432, "wrist_rotation": 72.09561439133688, "gripper": 49.738091369946325}, "rc-angle-target": {"0": 148.7764286976482, "1": 101.0, "2": 110.0, "3": 125.0, "4": 72.09561439133688}, "rc-pulse-target": {"0": 2193.0, "1": 1582.0, "2": 1722.0, "3": 1888.0, "4": 1301.0, "5": 1753.9286294508051}, "reward": 0.0, "annotation": ""}