{"rc-position-target": {"height": 2.137633505760615, "distance": 5.635929946685195, "heading": 63.276428697648214, "wrist_angle": -19.082674858675432, "wrist_rotation": 70.59561439133688, "gripper": 49.738091369946325}, "rc-angle-target": {"0": 153.2764286976482, "1": 98.0, "2": 108.0, "3": 125.0, "4": 70.59561439133688}, "rc-pulse-target": {"0": 2243.0, "1": 1548.0, "2": 1700.0, "3": 1888.0, "4": 1284.0, "5": 1753.9286294508051}, "reward": 0.0, "annotation": ""}