{"rc-position-target": {"height": 2.137633505760615, "distance": 5.735929946685195, "heading": 64.77642869764821, "wrist_angle": -19.082674858675432, "wrist_rotation": 70.09561439133688, "gripper": 49.738091369946325}, "rc-angle-target": {"0": 154.7764286976482, "1": 97.0, "2": 107.0, "3": 125.0, "4": 70.09561439133688}, "rc-pulse-target": {"0": 2259.0, "1": 1537.0, "2": 1688.0, "3": 1888.0, "4": 1278.0, "5": 1753.9286294508051}, "reward": 0.0, "annotation": ""}