{"rc-position-target": {"height": 2.137633505760615, "distance": 5.035929946685197, "heading": 54.276428697648214, "wrist_angle": -19.082674858675432, "wrist_rotation": 73.59561439133688, "gripper": 49.738091369946325}, "rc-angle-target": {"0": 144.2764286976482, "1": 105.0, "2": 113.0, "3": 124.0, "4": 73.59561439133688}, "rc-pulse-target": {"0": 2143.0, "1": 1626.0, "2": 1755.0, "3": 1877.0, "4": 1317.0, "5": 1753.9286294508051}, "reward": 0.0, "annotation": ""}