{"rc-position-target": {"height": 2.137633505760615, "distance": 5.835929946685194, "heading": 66.27642869764821, "wrist_angle": -19.082674858675432, "wrist_rotation": 69.59561439133688, "gripper": 49.738091369946325}, "rc-angle-target": {"0": 156.2764286976482, "1": 96.0, "2": 106.0, "3": 125.0, "4": 69.59561439133688}, "rc-pulse-target": {"0": 2276.0, "1": 1526.0, "2": 1677.0, "3": 1888.0, "4": 1273.0, "5": 1753.9286294508051}, "reward": 0.0, "annotation": ""}