{"rc-position-target": {"height": 2.137633505760615, "distance": 5.435929946685196, "heading": 60.276428697648214, "wrist_angle": -19.082674858675432, "wrist_rotation": 71.59561439133688, "gripper": 49.738091369946325}, "rc-angle-target": {"0": 150.2764286976482, "1": 100.0, "2": 109.0, "3": 125.0, "4": 71.59561439133688}, "rc-pulse-target": {"0": 2209.0, "1": 1571.0, "2": 1711.0, "3": 1888.0, "4": 1295.0, "5": 1753.9286294508051}, "reward": 0.0, "annotation": ""}