{"rc-position-target": {"height": 2.137633505760615, "distance": 5.2359299466851965, "heading": 57.276428697648214, "wrist_angle": -19.082674858675432, "wrist_rotation": 72.59561439133688, "gripper": 49.738091369946325}, "rc-angle-target": {"0": 147.2764286976482, "1": 102.0, "2": 111.0, "3": 124.0, "4": 72.59561439133688}, "rc-pulse-target": {"0": 2176.0, "1": 1593.0, "2": 1733.0, "3": 1877.0, "4": 1306.0, "5": 1753.9286294508051}, "reward": 0.0, "annotation": ""}