{"rc-position-target": {"height": 2.137633505760615, "distance": 5.135929946685197, "heading": 55.776428697648214, "wrist_angle": -19.082674858675432, "wrist_rotation": 73.09561439133688, "gripper": 49.738091369946325}, "rc-angle-target": {"0": 145.7764286976482, "1": 103.0, "2": 112.0, "3": 124.0, "4": 73.09561439133688}, "rc-pulse-target": {"0": 2159.0, "1": 1604.0, "2": 1744.0, "3": 1877.0, "4": 1312.0, "5": 1753.9286294508051}, "reward": 0.0, "annotation": ""}