{"rc-position-target": {"height": 2.137633505760615, "distance": 4.635929946685199, "heading": 48.276428697648214, "wrist_angle": -19.082674858675432, "wrist_rotation": 75.59561439133688, "gripper": 49.738091369946325}, "rc-angle-target": {"0": 138.2764286976482, "1": 110.0, "2": 117.0, "3": 123.0, "4": 75.59561439133688}, "rc-pulse-target": {"0": 2076.0, "1": 1682.0, "2": 1800.0, "3": 1866.0, "4": 1339.0, "5": 1753.9286294508051}, "reward": 0.0, "annotation": ""}