{"rc-position-target": {"height": 2.137633505760615, "distance": 4.3359299466852, "heading": 43.776428697648214, "wrist_angle": -19.082674858675432, "wrist_rotation": 77.09561439133688, "gripper": 49.738091369946325}, "rc-angle-target": {"0": 133.7764286976482, "1": 114.0, "2": 120.0, "3": 121.0, "4": 77.09561439133688}, "rc-pulse-target": {"0": 2026.0, "1": 1726.0, "2": 1833.0, "3": 1844.0, "4": 1356.0, "5": 1753.9286294508051}, "reward": 0.0, "annotation": ""}