{"rc-position-target": {"height": 2.137633505760615, "distance": 4.535929946685199, "heading": 46.776428697648214, "wrist_angle": -19.082674858675432, "wrist_rotation": 76.09561439133688, "gripper": 49.738091369946325}, "rc-angle-target": {"0": 136.7764286976482, "1": 111.0, "2": 118.0, "3": 122.0, "4": 76.09561439133688}, "rc-pulse-target": {"0": 2059.0, "1": 1693.0, "2": 1811.0, "3": 1855.0, "4": 1345.0, "5": 1753.9286294508051}, "reward": 0.0, "annotation": ""}