{"rc-position-target": {"height": 2.137633505760615, "distance": 4.435929946685199, "heading": 45.276428697648214, "wrist_angle": -19.082674858675432, "wrist_rotation": 76.59561439133688, "gripper": 49.738091369946325}, "rc-angle-target": {"0": 135.2764286976482, "1": 112.0, "2": 119.0, "3": 122.0, "4": 76.59561439133688}, "rc-pulse-target": {"0": 2043.0, "1": 1704.0, "2": 1822.0, "3": 1855.0, "4": 1351.0, "5": 1753.9286294508051}, "reward": 0.0, "annotation": ""}