{"rc-position-target": {"height": 2.137633505760615, "distance": 4.735929946685198, "heading": 49.776428697648214, "wrist_angle": -19.082674858675432, "wrist_rotation": 75.09561439133688, "gripper": 49.738091369946325}, "rc-angle-target": {"0": 139.7764286976482, "1": 108.0, "2": 116.0, "3": 123.0, "4": 75.09561439133688}, "rc-pulse-target": {"0": 2093.0, "1": 1660.0, "2": 1788.0, "3": 1866.0, "4": 1334.0, "5": 1753.9286294508051}, "reward": 0.0, "annotation": ""}