{"rc-position-target": {"height": 2.137633505760615, "distance": 4.835929946685198, "heading": 51.276428697648214, "wrist_angle": -19.082674858675432, "wrist_rotation": 74.59561439133688, "gripper": 49.738091369946325}, "rc-angle-target": {"0": 141.2764286976482, "1": 107.0, "2": 115.0, "3": 123.0, "4": 74.59561439133688}, "rc-pulse-target": {"0": 2109.0, "1": 1648.0, "2": 1777.0, "3": 1866.0, "4": 1328.0, "5": 1753.9286294508051}, "reward": 0.0, "annotation": ""}