{"rc-position-target": {"height": 2.137633505760615, "distance": 4.23323892552468, "heading": 31.776428697648214, "wrist_angle": -19.082674858675432, "wrist_rotation": 81.09561439133688, "gripper": 49.738091369946325}, "rc-angle-target": {"0": 121.77642869764821, "1": 115.0, "2": 120.0, "3": 121.0, "4": 81.09561439133688}, "rc-pulse-target": {"0": 1893.0, "1": 1737.0, "2": 1833.0, "3": 1844.0, "4": 1401.0, "5": 1753.9286294508051}, "reward": 0.0, "annotation": ""}