{"rc-position-target": {"height": 2.137633505760615, "distance": 4.23323892552468, "heading": 12.276428697648214, "wrist_angle": -19.082674858675432, "wrist_rotation": 86.54609504222296, "gripper": 49.738091369946325}, "rc-angle-target": {"0": 102.27642869764821, "1": 115.0, "2": 120.0, "3": 121.0, "4": 86.54609504222296}, "rc-pulse-target": {"0": 1676.0, "1": 1737.0, "2": 1833.0, "3": 1844.0, "4": 1461.0, "5": 1753.9286294508051}, "reward": 0.0, "annotation": ""}