{"rc-position-target": {"height": 2.237633505760615, "distance": 4.33323892552468, "heading": -44.723571302351786, "wrist_angle": -20.582674858675432, "wrist_rotation": 86.04609504222296, "gripper": 54.51540776160454}, "rc-angle-target": {"0": 45.276428697648214, "1": 114.0, "2": 119.0, "3": 119.0, "4": 86.04609504222296}, "rc-pulse-target": {"0": 1043.0, "1": 1726.0, "2": 1822.0, "3": 1822.0, "4": 1456.0, "5": 1682.2688835759318}, "reward": 0.0, "annotation": ""}