{"rc-position-target": {"height": 2.537633505760615, "distance": 4.633238925524679, "heading": -40.223571302351786, "wrist_angle": -22.637532263303, "wrist_rotation": 84.54609504222296, "gripper": 54.51540776160454}, "rc-angle-target": {"0": 49.776428697648214, "1": 112.0, "2": 115.0, "3": 115.0, "4": 84.54609504222296}, "rc-pulse-target": {"0": 1093.0, "1": 1704.0, "2": 1777.0, "3": 1777.0, "4": 1439.0, "5": 1682.2688835759318}, "reward": 0.0, "annotation": ""}