{"rc-position-target": {"height": 2.337633505760615, "distance": 4.433238925524679, "heading": -43.223571302351786, "wrist_angle": -22.082674858675432, "wrist_rotation": 85.54609504222296, "gripper": 54.51540776160454}, "rc-angle-target": {"0": 46.776428697648214, "1": 114.0, "2": 118.0, "3": 117.0, "4": 85.54609504222296}, "rc-pulse-target": {"0": 1059.0, "1": 1726.0, "2": 1811.0, "3": 1800.0, "4": 1450.0, "5": 1682.2688835759318}, "reward": 0.0, "annotation": ""}