{"rc-position-target": {"height": 2.437633505760615, "distance": 4.533238925524679, "heading": -41.723571302351786, "wrist_angle": -22.637532263303, "wrist_rotation": 85.04609504222296, "gripper": 54.51540776160454}, "rc-angle-target": {"0": 48.276428697648214, "1": 113.0, "2": 116.0, "3": 116.0, "4": 85.04609504222296}, "rc-pulse-target": {"0": 1076.0, "1": 1715.0, "2": 1788.0, "3": 1788.0, "4": 1444.0, "5": 1682.2688835759318}, "reward": 0.0, "annotation": ""}