{"rc-position-target": {"height": 2.6376335057606153, "distance": 4.733238925524678, "heading": -38.723571302351786, "wrist_angle": -22.637532263303, "wrist_rotation": 84.04609504222296, "gripper": 54.51540776160454}, "rc-angle-target": {"0": 51.276428697648214, "1": 111.0, "2": 114.0, "3": 114.0, "4": 84.04609504222296}, "rc-pulse-target": {"0": 1109.0, "1": 1693.0, "2": 1766.0, "3": 1766.0, "4": 1433.0, "5": 1682.2688835759318}, "reward": 0.0, "annotation": ""}