{"rc-position-target": {"height": 2.8376335057606155, "distance": 4.933238925524678, "heading": -35.723571302351786, "wrist_angle": -22.637532263303, "wrist_rotation": 83.04609504222296, "gripper": 54.51540776160454}, "rc-angle-target": {"0": 54.276428697648214, "1": 110.0, "2": 111.0, "3": 113.0, "4": 83.04609504222296}, "rc-pulse-target": {"0": 1143.0, "1": 1682.0, "2": 1733.0, "3": 1755.0, "4": 1422.0, "5": 1682.2688835759318}, "reward": 0.0, "annotation": ""}