{"rc-position-target": {"height": 2.7376335057606154, "distance": 4.833238925524678, "heading": -37.223571302351786, "wrist_angle": -22.637532263303, "wrist_rotation": 83.54609504222296, "gripper": 54.51540776160454}, "rc-angle-target": {"0": 52.776428697648214, "1": 110.0, "2": 112.0, "3": 114.0, "4": 83.54609504222296}, "rc-pulse-target": {"0": 1126.0, "1": 1682.0, "2": 1744.0, "3": 1766.0, "4": 1428.0, "5": 1682.2688835759318}, "reward": 0.0, "annotation": ""}