{"rc-position-target": {"height": 3.237633505760616, "distance": 5.325872121243172, "heading": -29.723571302351786, "wrist_angle": -22.637532263303, "wrist_rotation": 82.0867794894388, "gripper": 54.51540776160454}, "rc-angle-target": {"0": 60.276428697648214, "1": 107.0, "2": 105.0, "3": 111.0, "4": 82.0867794894388}, "rc-pulse-target": {"0": 1209.0, "1": 1648.0, "2": 1666.0, "3": 1733.0, "4": 1412.0, "5": 1682.2688835759318}, "reward": 0.0, "annotation": ""}