{"rc-position-target": {"height": 2.9376335057606155, "distance": 5.033238925524677, "heading": -34.223571302351786, "wrist_angle": -22.637532263303, "wrist_rotation": 82.54609504222296, "gripper": 54.51540776160454}, "rc-angle-target": {"0": 55.776428697648214, "1": 109.0, "2": 110.0, "3": 113.0, "4": 82.54609504222296}, "rc-pulse-target": {"0": 1159.0, "1": 1671.0, "2": 1722.0, "3": 1755.0, "4": 1417.0, "5": 1682.2688835759318}, "reward": 0.0, "annotation": ""}