{"rc-position-target": {"height": 3.0376335057606156, "distance": 5.133238925524677, "heading": -32.723571302351786, "wrist_angle": -22.637532263303, "wrist_rotation": 82.0867794894388, "gripper": 54.51540776160454}, "rc-angle-target": {"0": 57.276428697648214, "1": 108.0, "2": 108.0, "3": 112.0, "4": 82.0867794894388}, "rc-pulse-target": {"0": 1176.0, "1": 1660.0, "2": 1700.0, "3": 1744.0, "4": 1412.0, "5": 1682.2688835759318}, "reward": 0.0, "annotation": ""}