{"rc-position-target": {"height": 4.237633505760615, "distance": 5.325872121243172, "heading": -14.723571302351786, "wrist_angle": -22.637532263303, "wrist_rotation": 82.0867794894388, "gripper": 54.51540776160454}, "rc-angle-target": {"0": 75.27642869764821, "1": 109.0, "2": 100.0, "3": 102.0, "4": 82.0867794894388}, "rc-pulse-target": {"0": 1376.0, "1": 1671.0, "2": 1611.0, "3": 1633.0, "4": 1412.0, "5": 1682.2688835759318}, "reward": 0.0, "annotation": ""}