{"rc-position-target": {"height": 4.137633505760616, "distance": 5.325872121243172, "heading": -16.223571302351786, "wrist_angle": -22.637532263303, "wrist_rotation": 82.0867794894388, "gripper": 54.51540776160454}, "rc-angle-target": {"0": 73.77642869764821, "1": 109.0, "2": 100.0, "3": 103.0, "4": 82.0867794894388}, "rc-pulse-target": {"0": 1359.0, "1": 1671.0, "2": 1611.0, "3": 1644.0, "4": 1412.0, "5": 1682.2688835759318}, "reward": 0.0, "annotation": ""}