{"rc-position-target": {"height": 4.037633505760616, "distance": 5.325872121243172, "heading": -17.723571302351786, "wrist_angle": -22.637532263303, "wrist_rotation": 82.0867794894388, "gripper": 54.51540776160454}, "rc-angle-target": {"0": 72.27642869764821, "1": 109.0, "2": 101.0, "3": 104.0, "4": 82.0867794894388}, "rc-pulse-target": {"0": 1343.0, "1": 1671.0, "2": 1622.0, "3": 1655.0, "4": 1412.0, "5": 1682.2688835759318}, "reward": 0.0, "annotation": ""}