{"rc-position-target": {"height": 3.8376335057606163, "distance": 5.325872121243172, "heading": -20.723571302351786, "wrist_angle": -22.637532263303, "wrist_rotation": 82.0867794894388, "gripper": 54.51540776160454}, "rc-angle-target": {"0": 69.27642869764821, "1": 109.0, "2": 102.0, "3": 105.0, "4": 82.0867794894388}, "rc-pulse-target": {"0": 1309.0, "1": 1671.0, "2": 1633.0, "3": 1666.0, "4": 1412.0, "5": 1682.2688835759318}, "reward": 0.0, "annotation": ""}