{"rc-position-target": {"height": 3.7376335057606163, "distance": 5.325872121243172, "heading": -22.223571302351786, "wrist_angle": -22.637532263303, "wrist_rotation": 82.0867794894388, "gripper": 54.51540776160454}, "rc-angle-target": {"0": 67.77642869764821, "1": 108.0, "2": 103.0, "3": 106.0, "4": 82.0867794894388}, "rc-pulse-target": {"0": 1293.0, "1": 1660.0, "2": 1644.0, "3": 1677.0, "4": 1412.0, "5": 1682.2688835759318}, "reward": 0.0, "annotation": ""}