{"rc-position-target": {"height": 4.555665014061663, "distance": 5.325872121243172, "heading": -8.723571302351786, "wrist_angle": -22.637532263303, "wrist_rotation": 82.0867794894388, "gripper": 54.51540776160454}, "rc-angle-target": {"0": 81.27642869764821, "1": 110.0, "2": 97.0, "3": 99.0, "4": 82.0867794894388}, "rc-pulse-target": {"0": 1443.0, "1": 1682.0, "2": 1577.0, "3": 1600.0, "4": 1412.0, "5": 1682.2688835759318}, "reward": 0.0, "annotation": ""}