{"rc-position-target": {"height": 4.600000000000001, "distance": 5.399999999999999, "heading": -5.797424953717808, "wrist_angle": -39.0, "wrist_rotation": 77.0, "gripper": 80.0}, "rc-angle-target": {"0": 84.20257504628219, "1": 109.0, "2": 96.0, "3": 83.0, "4": 77.0}, "rc-pulse-target": {"0": 1475.0, "1": 1671.0, "2": 1566.0, "3": 1422.0, "4": 1355.0, "5": 1300.0}, "reward": 0.0, "annotation": ""}