{"rc-position-target": {"height": 4.200000000000003, "distance": 5.799999999999997, "heading": -5.797424953717808, "wrist_angle": -33.0, "wrist_rotation": 79.0, "gripper": 60.0}, "rc-angle-target": {"0": 84.20257504628219, "1": 104.0, "2": 96.0, "3": 93.0, "4": 79.0}, "rc-pulse-target": {"0": 1475.0, "1": 1615.0, "2": 1566.0, "3": 1533.0, "4": 1377.0, "5": 1600.0}, "reward": 0.0, "annotation": ""}