{"rc-position-target": {"height": 4.700000000000001, "distance": 5.299999999999999, "heading": -4.5, "wrist_angle": -40.5, "wrist_rotation": 76.5, "gripper": 85.0}, "rc-angle-target": {"0": 85.5, "1": 110.0, "2": 97.0, "3": 80.0, "4": 76.5}, "rc-pulse-target": {"0": 1490.0, "1": 1682.0, "2": 1577.0, "3": 1388.0, "4": 1350.0, "5": 1225.0}, "reward": 0.0, "annotation": ""}