{"rc-position-target": {"height": 4.400000000000002, "distance": 5.599999999999998, "heading": -5.797424953717808, "wrist_angle": -36.0, "wrist_rotation": 78.0, "gripper": 70.0}, "rc-angle-target": {"0": 84.20257504628219, "1": 107.0, "2": 96.0, "3": 88.0, "4": 78.0}, "rc-pulse-target": {"0": 1475.0, "1": 1648.0, "2": 1566.0, "3": 1477.0, "4": 1366.0, "5": 1450.0}, "reward": 0.0, "annotation": ""}