{"rc-position-target": {"height": 4.100000000000003, "distance": 5.899999999999997, "heading": -5.797424953717808, "wrist_angle": -31.5, "wrist_rotation": 79.5, "gripper": 55.0}, "rc-angle-target": {"0": 84.20257504628219, "1": 103.0, "2": 95.0, "3": 96.0, "4": 79.5}, "rc-pulse-target": {"0": 1475.0, "1": 1604.0, "2": 1555.0, "3": 1566.0, "4": 1383.0, "5": 1675.0}, "reward": 0.0, "annotation": ""}