{"rc-position-target": {"height": 3.600000000000003, "distance": 6.399999999999995, "heading": -5.797424953717808, "wrist_angle": -24.0, "wrist_rotation": 82.0, "gripper": 30.0}, "rc-angle-target": {"0": 84.20257504628219, "1": 96.0, "2": 94.0, "3": 108.0, "4": 82.0}, "rc-pulse-target": {"0": 1475.0, "1": 1526.0, "2": 1544.0, "3": 1700.0, "4": 1411.0, "5": 2050.0}, "reward": 0.0, "annotation": ""}