{"rc-position-target": {"height": 3.500000000000003, "distance": 6.499999999999995, "heading": -5.797424953717808, "wrist_angle": -22.5, "wrist_rotation": 82.5, "gripper": 25.0}, "rc-angle-target": {"0": 84.20257504628219, "1": 95.0, "2": 93.0, "3": 111.0, "4": 82.5}, "rc-pulse-target": {"0": 1475.0, "1": 1515.0, "2": 1533.0, "3": 1733.0, "4": 1416.0, "5": 2125.0}, "reward": 0.0, "annotation": ""}