{"rc-position-target": {"height": 3.9000000000000035, "distance": 6.099999999999996, "heading": -5.797424953717808, "wrist_angle": -28.5, "wrist_rotation": 80.5, "gripper": 45.0}, "rc-angle-target": {"0": 84.20257504628219, "1": 100.0, "2": 95.0, "3": 101.0, "4": 80.5}, "rc-pulse-target": {"0": 1475.0, "1": 1571.0, "2": 1555.0, "3": 1622.0, "4": 1394.0, "5": 1825.0}, "reward": 0.0, "annotation": ""}