{"rc-position-target": {"height": 3.200000000000003, "distance": 6.799999999999994, "heading": -5.797424953717808, "wrist_angle": -18.0, "wrist_rotation": 84.0, "gripper": 13.6453948188487}, "rc-angle-target": {"0": 84.20257504628219, "1": 91.0, "2": 92.0, "3": 118.0, "4": 84.0}, "rc-pulse-target": {"0": 1475.0, "1": 1471.0, "2": 1522.0, "3": 1811.0, "4": 1433.0, "5": 2295.3190777172695}, "reward": 0.0, "annotation": ""}