{"rc-position-target": {"height": 3.7000000000000033, "distance": 6.299999999999995, "heading": -5.797424953717808, "wrist_angle": -25.5, "wrist_rotation": 81.5, "gripper": 35.0}, "rc-angle-target": {"0": 84.20257504628219, "1": 98.0, "2": 94.0, "3": 106.0, "4": 81.5}, "rc-pulse-target": {"0": 1475.0, "1": 1548.0, "2": 1544.0, "3": 1677.0, "4": 1405.0, "5": 1975.0}, "reward": 0.0, "annotation": ""}