{"rc-position-target": {"height": 3.400000000000003, "distance": 6.599999999999994, "heading": -5.797424953717808, "wrist_angle": -21.0, "wrist_rotation": 83.0, "gripper": 20.0}, "rc-angle-target": {"0": 84.20257504628219, "1": 93.0, "2": 93.0, "3": 113.0, "4": 83.0}, "rc-pulse-target": {"0": 1475.0, "1": 1493.0, "2": 1533.0, "3": 1755.0, "4": 1422.0, "5": 2200.0}, "reward": 0.0, "annotation": ""}