{"rc-position-target": {"height": 3.1000000000000028, "distance": 6.821137631808341, "heading": -5.797424953717808, "wrist_angle": -16.5, "wrist_rotation": 84.5, "gripper": 13.6453948188487}, "rc-angle-target": {"0": 84.20257504628219, "1": 90.0, "2": 92.0, "3": 120.0, "4": 84.5}, "rc-pulse-target": {"0": 1475.0, "1": 1460.0, "2": 1522.0, "3": 1833.0, "4": 1438.0, "5": 2295.3190777172695}, "reward": 0.0, "annotation": ""}