{"rc-position-target": {"height": 3.300000000000003, "distance": 6.699999999999994, "heading": -5.797424953717808, "wrist_angle": -19.5, "wrist_rotation": 83.5, "gripper": 15.0}, "rc-angle-target": {"0": 84.20257504628219, "1": 92.0, "2": 92.0, "3": 115.0, "4": 83.5}, "rc-pulse-target": {"0": 1475.0, "1": 1482.0, "2": 1522.0, "3": 1777.0, "4": 1427.0, "5": 2275.0}, "reward": 0.0, "annotation": ""}