{"rc-position-target": {"height": 2.2429883525118246, "distance": 6.721137631808341, "heading": -4.297424953717808, "wrist_angle": -7.970089251272114, "wrist_rotation": 88.3203776304641, "gripper": 18.6453948188487}, "rc-angle-target": {"0": 85.70257504628219, "1": 87.0, "2": 97.0, "3": 136.0, "4": 88.3203776304641}, "rc-pulse-target": {"0": 1492.0, "1": 1426.0, "2": 1577.0, "3": 2011.0, "4": 1481.0, "5": 2220.3190777172695}, "reward": 0.0, "annotation": ""}