{"rc-position-target": {"height": 2.3429883525118247, "distance": 6.821137631808341, "heading": -5.797424953717808, "wrist_angle": -6.470089251272114, "wrist_rotation": 88.8203776304641, "gripper": 13.6453948188487}, "rc-angle-target": {"0": 84.20257504628219, "1": 87.0, "2": 95.0, "3": 136.0, "4": 88.8203776304641}, "rc-pulse-target": {"0": 1475.0, "1": 1426.0, "2": 1555.0, "3": 2011.0, "4": 1486.0, "5": 2295.3190777172695}, "reward": 0.0, "annotation": ""}