{"rc-position-target": {"height": 2.6000000000000023, "distance": 6.821137631808341, "heading": -5.797424953717808, "wrist_angle": -9.0, "wrist_rotation": 87.0, "gripper": 13.6453948188487}, "rc-angle-target": {"0": 84.20257504628219, "1": 88.0, "2": 94.0, "3": 132.0, "4": 87.0}, "rc-pulse-target": {"0": 1475.0, "1": 1437.0, "2": 1544.0, "3": 1966.0, "4": 1466.0, "5": 2295.3190777172695}, "reward": 0.0, "annotation": ""}