{"rc-position-target": {"height": 2.9000000000000026, "distance": 6.821137631808341, "heading": -5.797424953717808, "wrist_angle": -13.5, "wrist_rotation": 85.5, "gripper": 13.6453948188487}, "rc-angle-target": {"0": 84.20257504628219, "1": 89.0, "2": 93.0, "3": 125.0, "4": 85.5}, "rc-pulse-target": {"0": 1475.0, "1": 1448.0, "2": 1533.0, "3": 1888.0, "4": 1450.0, "5": 2295.3190777172695}, "reward": 0.0, "annotation": ""}