{"rc-position-target": {"height": 3.0000000000000027, "distance": 6.821137631808341, "heading": -5.797424953717808, "wrist_angle": -15.0, "wrist_rotation": 85.0, "gripper": 13.6453948188487}, "rc-angle-target": {"0": 84.20257504628219, "1": 90.0, "2": 93.0, "3": 122.0, "4": 85.0}, "rc-pulse-target": {"0": 1475.0, "1": 1460.0, "2": 1533.0, "3": 1855.0, "4": 1444.0, "5": 2295.3190777172695}, "reward": 0.0, "annotation": ""}