{"rc-position-target": {"height": 2.8000000000000025, "distance": 6.821137631808341, "heading": -5.797424953717808, "wrist_angle": -12.0, "wrist_rotation": 86.0, "gripper": 13.6453948188487}, "rc-angle-target": {"0": 84.20257504628219, "1": 89.0, "2": 93.0, "3": 127.0, "4": 86.0}, "rc-pulse-target": {"0": 1475.0, "1": 1448.0, "2": 1533.0, "3": 1911.0, "4": 1455.0, "5": 2295.3190777172695}, "reward": 0.0, "annotation": ""}