{"rc-position-target": {"height": 2.7000000000000024, "distance": 6.821137631808341, "heading": -5.797424953717808, "wrist_angle": -10.5, "wrist_rotation": 86.5, "gripper": 13.6453948188487}, "rc-angle-target": {"0": 84.20257504628219, "1": 88.0, "2": 94.0, "3": 129.0, "4": 86.5}, "rc-pulse-target": {"0": 1475.0, "1": 1437.0, "2": 1544.0, "3": 1933.0, "4": 1461.0, "5": 2295.3190777172695}, "reward": 0.0, "annotation": ""}