{"rc-position-target": {"height": 2.500000000000002, "distance": 6.821137631808341, "heading": -5.797424953717808, "wrist_angle": -7.5, "wrist_rotation": 87.5, "gripper": 13.6453948188487}, "rc-angle-target": {"0": 84.20257504628219, "1": 88.0, "2": 95.0, "3": 134.0, "4": 87.5}, "rc-pulse-target": {"0": 1475.0, "1": 1437.0, "2": 1555.0, "3": 1988.0, "4": 1472.0, "5": 2295.3190777172695}, "reward": 0.0, "annotation": ""}