{"rc-position-target": {"height": 1.8429883525118242, "distance": 6.710090057520799, "heading": 1.7025750462821918, "wrist_angle": -13.970089251272114, "wrist_rotation": 86.3203776304641, "gripper": 38.6453948188487}, "rc-angle-target": {"0": 91.70257504628219, "1": 85.0, "2": 98.0, "3": 133.0, "4": 86.3203776304641}, "rc-pulse-target": {"0": 1558.0, "1": 1404.0, "2": 1588.0, "3": 1977.0, "4": 1459.0, "5": 1920.3190777172695}, "reward": 0.0, "annotation": ""}