{"rc-position-target": {"height": 1.542988352511824, "distance": 6.710090057520799, "heading": 6.202575046282192, "wrist_angle": -18.470089251272114, "wrist_rotation": 86.10862652168936, "gripper": 52.91687472616295}, "rc-angle-target": {"0": 96.20257504628219, "1": 83.0, "2": 99.0, "3": 131.0, "4": 86.10862652168936}, "rc-pulse-target": {"0": 1608.0, "1": 1382.0, "2": 1600.0, "3": 1955.0, "4": 1456.0, "5": 1706.2468791075557}, "reward": 0.0, "annotation": ""}