{"rc-position-target": {"height": 1.9429883525118243, "distance": 6.710090057520799, "heading": 0.2025750462821918, "wrist_angle": -12.470089251272114, "wrist_rotation": 86.8203776304641, "gripper": 33.6453948188487}, "rc-angle-target": {"0": 90.20257504628219, "1": 86.0, "2": 98.0, "3": 134.0, "4": 86.8203776304641}, "rc-pulse-target": {"0": 1542.0, "1": 1415.0, "2": 1588.0, "3": 1988.0, "4": 1464.0, "5": 1995.3190777172695}, "reward": 0.0, "annotation": ""}