{"rc-position-target": {"height": 1.7429883525118242, "distance": 6.710090057520799, "heading": 3.202575046282192, "wrist_angle": -15.470089251272114, "wrist_rotation": 86.10862652168936, "gripper": 43.6453948188487}, "rc-angle-target": {"0": 93.20257504628219, "1": 84.0, "2": 98.0, "3": 133.0, "4": 86.10862652168936}, "rc-pulse-target": {"0": 1575.0, "1": 1393.0, "2": 1588.0, "3": 1977.0, "4": 1456.0, "5": 1845.3190777172695}, "reward": 0.0, "annotation": ""}