{"rc-position-target": {"height": 2.1429883525118245, "distance": 6.710090057520799, "heading": -2.797424953717808, "wrist_angle": -9.470089251272114, "wrist_rotation": 87.8203776304641, "gripper": 23.6453948188487}, "rc-angle-target": {"0": 87.20257504628219, "1": 87.0, "2": 97.0, "3": 135.0, "4": 87.8203776304641}, "rc-pulse-target": {"0": 1508.0, "1": 1426.0, "2": 1577.0, "3": 2000.0, "4": 1475.0, "5": 2145.3190777172695}, "reward": 0.0, "annotation": ""}