{"rc-position-target": {"height": 2.0429883525118244, "distance": 6.710090057520799, "heading": -1.2974249537178082, "wrist_angle": -10.970089251272114, "wrist_rotation": 87.3203776304641, "gripper": 28.6453948188487}, "rc-angle-target": {"0": 88.70257504628219, "1": 86.0, "2": 97.0, "3": 135.0, "4": 87.3203776304641}, "rc-pulse-target": {"0": 1525.0, "1": 1415.0, "2": 1577.0, "3": 2000.0, "4": 1470.0, "5": 2070.3190777172695}, "reward": 0.0, "annotation": ""}