{"rc-position-target": {"height": 1.642988352511824, "distance": 6.710090057520799, "heading": 4.702575046282192, "wrist_angle": -16.970089251272114, "wrist_rotation": 86.10862652168936, "gripper": 48.6453948188487}, "rc-angle-target": {"0": 94.70257504628219, "1": 84.0, "2": 98.0, "3": 132.0, "4": 86.10862652168936}, "rc-pulse-target": {"0": 1592.0, "1": 1393.0, "2": 1588.0, "3": 1966.0, "4": 1456.0, "5": 1770.3190777172695}, "reward": 0.0, "annotation": ""}