{"rc-position-target": {"height": 1.2370834138881652, "distance": 6.710090057520799, "heading": 19.702575046282192, "wrist_angle": -31.970089251272114, "wrist_rotation": 86.10862652168936, "gripper": 52.91687472616295}, "rc-angle-target": {"0": 109.70257504628219, "1": 81.0, "2": 99.0, "3": 121.0, "4": 86.10862652168936}, "rc-pulse-target": {"0": 1758.0, "1": 1360.0, "2": 1600.0, "3": 1844.0, "4": 1456.0, "5": 1706.2468791075557}, "reward": 0.0, "annotation": ""}