{"rc-position-target": {"height": 1.044967497179961, "distance": 6.5100900575208, "heading": 34.01821706498282, "wrist_angle": -45.470089251272114, "wrist_rotation": 85.10862652168936, "gripper": 62.91687472616295}, "rc-angle-target": {"0": 124.01821706498282, "1": 82.0, "2": 102.0, "3": 109.0, "4": 85.10862652168936}, "rc-pulse-target": {"0": 1917.0, "1": 1371.0, "2": 1633.0, "3": 1711.0, "4": 1445.0, "5": 1556.2468791075557}, "reward": 0.0, "annotation": ""}