{"rc-position-target": {"height": 1.1370834138881651, "distance": 6.610090057520799, "heading": 32.51821706498282, "wrist_angle": -46.970089251272114, "wrist_rotation": 85.60862652168936, "gripper": 57.91687472616295}, "rc-angle-target": {"0": 122.51821706498282, "1": 81.0, "2": 101.0, "3": 107.0, "4": 85.60862652168936}, "rc-pulse-target": {"0": 1901.0, "1": 1360.0, "2": 1622.0, "3": 1688.0, "4": 1451.0, "5": 1631.2468791075557}, "reward": 0.0, "annotation": ""}