{"rc-position-target": {"height": 1.044967497179961, "distance": 6.4100900575208, "heading": 35.51821706498282, "wrist_angle": -43.970089251272114, "wrist_rotation": 84.60862652168936, "gripper": 67.91687472616294}, "rc-angle-target": {"0": 125.51821706498282, "1": 83.0, "2": 103.0, "3": 111.0, "4": 84.60862652168936}, "rc-pulse-target": {"0": 1934.0, "1": 1382.0, "2": 1644.0, "3": 1733.0, "4": 1440.0, "5": 1481.2468791075557}, "reward": 0.0, "annotation": ""}