{"rc-position-target": {"height": 1.044967497179961, "distance": 6.010090057520801, "heading": 41.51821706498282, "wrist_angle": -37.970089251272114, "wrist_rotation": 82.60862652168936, "gripper": 84.79291751445724}, "rc-angle-target": {"0": 131.51821706498282, "1": 86.0, "2": 107.0, "3": 117.0, "4": 82.60862652168936}, "rc-pulse-target": {"0": 2001.0, "1": 1415.0, "2": 1688.0, "3": 1800.0, "4": 1417.0, "5": 1228.1062372831414}, "reward": 0.0, "annotation": ""}