{"rc-position-target": {"height": 1.044967497179961, "distance": 5.810090057520802, "heading": 44.51821706498282, "wrist_angle": -34.970089251272114, "wrist_rotation": 81.60862652168936, "gripper": 84.79291751445724}, "rc-angle-target": {"0": 134.51821706498282, "1": 88.0, "2": 109.0, "3": 120.0, "4": 81.60862652168936}, "rc-pulse-target": {"0": 2034.0, "1": 1437.0, "2": 1711.0, "3": 1833.0, "4": 1406.0, "5": 1228.1062372831414}, "reward": 0.0, "annotation": ""}