{"rc-position-target": {"height": 1.044967497179961, "distance": 5.610090057520803, "heading": 47.51821706498282, "wrist_angle": -31.970089251272114, "wrist_rotation": 80.60862652168936, "gripper": 84.79291751445724}, "rc-angle-target": {"0": 137.51821706498282, "1": 90.0, "2": 111.0, "3": 123.0, "4": 80.60862652168936}, "rc-pulse-target": {"0": 2067.0, "1": 1460.0, "2": 1733.0, "3": 1866.0, "4": 1395.0, "5": 1228.1062372831414}, "reward": 0.0, "annotation": ""}