{"rc-position-target": {"height": 1.044967497179961, "distance": 5.910090057520802, "heading": 43.01821706498282, "wrist_angle": -36.470089251272114, "wrist_rotation": 82.10862652168936, "gripper": 84.79291751445724}, "rc-angle-target": {"0": 133.01821706498282, "1": 87.0, "2": 108.0, "3": 119.0, "4": 82.10862652168936}, "rc-pulse-target": {"0": 2017.0, "1": 1426.0, "2": 1700.0, "3": 1822.0, "4": 1412.0, "5": 1228.1062372831414}, "reward": 0.0, "annotation": ""}