{"rc-position-target": {"height": 1.044967497179961, "distance": 6.3100900575208, "heading": 37.01821706498282, "wrist_angle": -42.470089251272114, "wrist_rotation": 84.10862652168936, "gripper": 72.91687472616294}, "rc-angle-target": {"0": 127.01821706498282, "1": 83.0, "2": 104.0, "3": 112.0, "4": 84.10862652168936}, "rc-pulse-target": {"0": 1951.0, "1": 1382.0, "2": 1655.0, "3": 1744.0, "4": 1434.0, "5": 1406.2468791075557}, "reward": 0.0, "annotation": ""}