{"rc-position-target": {"height": 1.044967497179961, "distance": 6.210090057520801, "heading": 38.51821706498282, "wrist_angle": -40.970089251272114, "wrist_rotation": 83.60862652168936, "gripper": 77.91687472616294}, "rc-angle-target": {"0": 128.51821706498282, "1": 84.0, "2": 105.0, "3": 114.0, "4": 83.60862652168936}, "rc-pulse-target": {"0": 1967.0, "1": 1393.0, "2": 1666.0, "3": 1766.0, "4": 1428.0, "5": 1331.2468791075557}, "reward": 0.0, "annotation": ""}