{"rc-position-target": {"height": 1.044967497179961, "distance": 5.4100900575208035, "heading": 47.81454748282533, "wrist_angle": -28.970089251272114, "wrist_rotation": 80.56857122865466, "gripper": 84.79291751445724}, "rc-angle-target": {"0": 137.81454748282533, "1": 92.0, "2": 113.0, "3": 126.0, "4": 80.56857122865466}, "rc-pulse-target": {"0": 2071.0, "1": 1482.0, "2": 1755.0, "3": 1900.0, "4": 1395.0, "5": 1228.1062372831414}, "reward": 0.0, "annotation": ""}