{"rc-position-target": {"height": 1.044967497179961, "distance": 5.7100900575208025, "heading": 46.01821706498282, "wrist_angle": -33.470089251272114, "wrist_rotation": 81.10862652168936, "gripper": 84.79291751445724}, "rc-angle-target": {"0": 136.01821706498282, "1": 89.0, "2": 110.0, "3": 122.0, "4": 81.10862652168936}, "rc-pulse-target": {"0": 2051.0, "1": 1448.0, "2": 1722.0, "3": 1855.0, "4": 1401.0, "5": 1228.1062372831414}, "reward": 0.0, "annotation": ""}