{"rc-position-target": {"height": 1.044967497179961, "distance": 6.110090057520801, "heading": 40.01821706498282, "wrist_angle": -39.470089251272114, "wrist_rotation": 83.10862652168936, "gripper": 82.91687472616294}, "rc-angle-target": {"0": 130.01821706498282, "1": 85.0, "2": 106.0, "3": 116.0, "4": 83.10862652168936}, "rc-pulse-target": {"0": 1984.0, "1": 1404.0, "2": 1677.0, "3": 1788.0, "4": 1423.0, "5": 1256.2468791075557}, "reward": 0.0, "annotation": ""}