{"rc-position-target": {"height": 1.044967497179961, "distance": 4.810090057520806, "heading": 47.81454748282533, "wrist_angle": -19.970089251272114, "wrist_rotation": 80.56857122865466, "gripper": 84.79291751445724}, "rc-angle-target": {"0": 137.81454748282533, "1": 99.0, "2": 119.0, "3": 134.0, "4": 80.56857122865466}, "rc-pulse-target": {"0": 2071.0, "1": 1560.0, "2": 1822.0, "3": 1988.0, "4": 1395.0, "5": 1228.1062372831414}, "reward": 0.0, "annotation": ""}