{"rc-position-target": {"height": 1.044967497179961, "distance": 5.210090057520804, "heading": 47.81454748282533, "wrist_angle": -25.970089251272114, "wrist_rotation": 80.56857122865466, "gripper": 84.79291751445724}, "rc-angle-target": {"0": 137.81454748282533, "1": 94.0, "2": 115.0, "3": 129.0, "4": 80.56857122865466}, "rc-pulse-target": {"0": 2071.0, "1": 1504.0, "2": 1777.0, "3": 1933.0, "4": 1395.0, "5": 1228.1062372831414}, "reward": 0.0, "annotation": ""}