{"rc-position-target": {"height": 1.3449674971799612, "distance": 4.088194794133221, "heading": 43.31454748282533, "wrist_angle": -22.858382423466622, "wrist_rotation": 82.06857122865466, "gripper": 69.79291751445724}, "rc-angle-target": {"0": 133.31454748282533, "1": 111.0, "2": 125.0, "3": 126.0, "4": 82.06857122865466}, "rc-pulse-target": {"0": 2021.0, "1": 1693.0, "2": 1888.0, "3": 1900.0, "4": 1411.0, "5": 1453.1062372831414}, "reward": 0.0, "annotation": ""}