{"rc-position-target": {"height": 1.7449674971799616, "distance": 4.088194794133221, "heading": 37.31454748282533, "wrist_angle": -28.858382423466622, "wrist_rotation": 83.50061063993095, "gripper": 49.792917514457244}, "rc-angle-target": {"0": 127.31454748282533, "1": 114.0, "2": 123.0, "3": 115.0, "4": 83.50061063993095}, "rc-pulse-target": {"0": 1954.0, "1": 1726.0, "2": 1866.0, "3": 1777.0, "4": 1427.0, "5": 1753.1062372831414}, "reward": 0.0, "annotation": ""}