{"rc-position-target": {"height": 1.6449674971799615, "distance": 4.088194794133221, "heading": 38.81454748282533, "wrist_angle": -27.358382423466622, "wrist_rotation": 83.50061063993095, "gripper": 54.792917514457244}, "rc-angle-target": {"0": 128.81454748282533, "1": 114.0, "2": 124.0, "3": 117.0, "4": 83.50061063993095}, "rc-pulse-target": {"0": 1971.0, "1": 1726.0, "2": 1877.0, "3": 1800.0, "4": 1427.0, "5": 1678.1062372831414}, "reward": 0.0, "annotation": ""}