{"rc-position-target": {"height": 1.4449674971799613, "distance": 4.088194794133221, "heading": 41.81454748282533, "wrist_angle": -24.358382423466622, "wrist_rotation": 82.56857122865466, "gripper": 64.79291751445724}, "rc-angle-target": {"0": 131.81454748282533, "1": 112.0, "2": 125.0, "3": 123.0, "4": 82.56857122865466}, "rc-pulse-target": {"0": 2004.0, "1": 1704.0, "2": 1888.0, "3": 1866.0, "4": 1417.0, "5": 1528.1062372831414}, "reward": 0.0, "annotation": ""}