{"rc-position-target": {"height": 1.8449674971799617, "distance": 4.088194794133221, "heading": 35.81454748282533, "wrist_angle": -30.358382423466622, "wrist_rotation": 83.50061063993095, "gripper": 48.728670499244664}, "rc-angle-target": {"0": 125.81454748282533, "1": 115.0, "2": 123.0, "3": 112.0, "4": 83.50061063993095}, "rc-pulse-target": {"0": 1937.0, "1": 1737.0, "2": 1866.0, "3": 1744.0, "4": 1427.0, "5": 1769.06994251133}, "reward": 0.0, "annotation": ""}