{"rc-position-target": {"height": 1.2449674971799611, "distance": 4.110090057520808, "heading": 44.81454748282533, "wrist_angle": -21.358382423466622, "wrist_rotation": 81.56857122865466, "gripper": 74.79291751445724}, "rc-angle-target": {"0": 134.81454748282533, "1": 110.0, "2": 125.0, "3": 128.0, "4": 81.56857122865466}, "rc-pulse-target": {"0": 2037.0, "1": 1682.0, "2": 1888.0, "3": 1922.0, "4": 1406.0, "5": 1378.1062372831414}, "reward": 0.0, "annotation": ""}