{"rc-position-target": {"height": 1.5449674971799614, "distance": 4.088194794133221, "heading": 40.31454748282533, "wrist_angle": -25.858382423466622, "wrist_rotation": 83.06857122865466, "gripper": 59.792917514457244}, "rc-angle-target": {"0": 130.31454748282533, "1": 113.0, "2": 124.0, "3": 120.0, "4": 83.06857122865466}, "rc-pulse-target": {"0": 1987.0, "1": 1715.0, "2": 1877.0, "3": 1833.0, "4": 1422.0, "5": 1603.1062372831414}, "reward": 0.0, "annotation": ""}