{"rc-position-target": {"height": 1.9449674971799618, "distance": 4.088194794133221, "heading": 34.31454748282533, "wrist_angle": -31.858382423466622, "wrist_rotation": 83.50061063993095, "gripper": 48.728670499244664}, "rc-angle-target": {"0": 124.31454748282533, "1": 116.0, "2": 123.0, "3": 109.0, "4": 83.50061063993095}, "rc-pulse-target": {"0": 1921.0, "1": 1748.0, "2": 1866.0, "3": 1711.0, "4": 1427.0, "5": 1769.06994251133}, "reward": 0.0, "annotation": ""}