{"rc-position-target": {"height": 1.144967497179961, "distance": 4.210090057520808, "heading": 46.31454748282533, "wrist_angle": -19.858382423466622, "wrist_rotation": 81.06857122865466, "gripper": 79.79291751445724}, "rc-angle-target": {"0": 136.31454748282533, "1": 107.0, "2": 124.0, "3": 132.0, "4": 81.06857122865466}, "rc-pulse-target": {"0": 2054.0, "1": 1648.0, "2": 1877.0, "3": 1966.0, "4": 1400.0, "5": 1303.1062372831414}, "reward": 0.0, "annotation": ""}