{"rc-position-target": {"height": 2.6449674971799624, "distance": 4.088194794133221, "heading": 23.814547482825333, "wrist_angle": -36.972399100861324, "wrist_rotation": 83.50061063993095, "gripper": 48.728670499244664}, "rc-angle-target": {"0": 113.81454748282533, "1": 120.0, "2": 119.0, "3": 97.0, "4": 83.50061063993095}, "rc-pulse-target": {"0": 1804.0, "1": 1793.0, "2": 1822.0, "3": 1577.0, "4": 1427.0, "5": 1769.06994251133}, "reward": 0.0, "annotation": ""}