{"rc-position-target": {"height": 2.344967497179962, "distance": 4.088194794133221, "heading": 28.314547482825333, "wrist_angle": -36.972399100861324, "wrist_rotation": 83.50061063993095, "gripper": 48.728670499244664}, "rc-angle-target": {"0": 118.31454748282533, "1": 118.0, "2": 121.0, "3": 100.0, "4": 83.50061063993095}, "rc-pulse-target": {"0": 1854.0, "1": 1771.0, "2": 1844.0, "3": 1611.0, "4": 1427.0, "5": 1769.06994251133}, "reward": 0.0, "annotation": ""}