{"rc-position-target": {"height": 2.8449674971799626, "distance": 4.088194794133221, "heading": 20.814547482825333, "wrist_angle": -36.972399100861324, "wrist_rotation": 83.50061063993095, "gripper": 48.728670499244664}, "rc-angle-target": {"0": 110.81454748282533, "1": 121.0, "2": 118.0, "3": 95.0, "4": 83.50061063993095}, "rc-pulse-target": {"0": 1771.0, "1": 1804.0, "2": 1811.0, "3": 1555.0, "4": 1427.0, "5": 1769.06994251133}, "reward": 0.0, "annotation": ""}