{"rc-position-target": {"height": 2.444967497179962, "distance": 4.088194794133221, "heading": 26.814547482825333, "wrist_angle": -36.972399100861324, "wrist_rotation": 83.50061063993095, "gripper": 48.728670499244664}, "rc-angle-target": {"0": 116.81454748282533, "1": 119.0, "2": 120.0, "3": 99.0, "4": 83.50061063993095}, "rc-pulse-target": {"0": 1837.0, "1": 1782.0, "2": 1833.0, "3": 1600.0, "4": 1427.0, "5": 1769.06994251133}, "reward": 0.0, "annotation": ""}