{"rc-position-target": {"height": 2.144967497179962, "distance": 4.088194794133221, "heading": 31.314547482825333, "wrist_angle": -34.85838242346662, "wrist_rotation": 83.50061063993095, "gripper": 48.728670499244664}, "rc-angle-target": {"0": 121.31454748282533, "1": 117.0, "2": 122.0, "3": 104.0, "4": 83.50061063993095}, "rc-pulse-target": {"0": 1887.0, "1": 1760.0, "2": 1855.0, "3": 1655.0, "4": 1427.0, "5": 1769.06994251133}, "reward": 0.0, "annotation": ""}