{"rc-position-target": {"height": 2.7449674971799625, "distance": 4.088194794133221, "heading": 22.314547482825333, "wrist_angle": -36.972399100861324, "wrist_rotation": 83.50061063993095, "gripper": 48.728670499244664}, "rc-angle-target": {"0": 112.31454748282533, "1": 120.0, "2": 119.0, "3": 96.0, "4": 83.50061063993095}, "rc-pulse-target": {"0": 1787.0, "1": 1793.0, "2": 1822.0, "3": 1566.0, "4": 1427.0, "5": 1769.06994251133}, "reward": 0.0, "annotation": ""}