{"rc-position-target": {"height": 3.6449674971799633, "distance": 4.088194794133221, "heading": 8.814547482825333, "wrist_angle": -36.972399100861324, "wrist_rotation": 83.50061063993095, "gripper": 48.728670499244664}, "rc-angle-target": {"0": 98.81454748282533, "1": 123.0, "2": 113.0, "3": 87.0, "4": 83.50061063993095}, "rc-pulse-target": {"0": 1637.0, "1": 1826.0, "2": 1755.0, "3": 1466.0, "4": 1427.0, "5": 1769.06994251133}, "reward": 0.0, "annotation": ""}