{"rc-position-target": {"height": 3.0449674971799627, "distance": 4.088194794133221, "heading": 17.814547482825333, "wrist_angle": -36.972399100861324, "wrist_rotation": 83.50061063993095, "gripper": 48.728670499244664}, "rc-angle-target": {"0": 107.81454748282533, "1": 122.0, "2": 117.0, "3": 93.0, "4": 83.50061063993095}, "rc-pulse-target": {"0": 1737.0, "1": 1815.0, "2": 1800.0, "3": 1533.0, "4": 1427.0, "5": 1769.06994251133}, "reward": 0.0, "annotation": ""}