{"rc-position-target": {"height": 3.244967497179963, "distance": 4.088194794133221, "heading": 14.814547482825333, "wrist_angle": -36.972399100861324, "wrist_rotation": 83.50061063993095, "gripper": 48.728670499244664}, "rc-angle-target": {"0": 104.81454748282533, "1": 122.0, "2": 116.0, "3": 91.0, "4": 83.50061063993095}, "rc-pulse-target": {"0": 1704.0, "1": 1815.0, "2": 1788.0, "3": 1511.0, "4": 1427.0, "5": 1769.06994251133}, "reward": 0.0, "annotation": ""}