{"rc-position-target": {"height": 3.444967497179963, "distance": 4.088194794133221, "heading": 11.814547482825333, "wrist_angle": -36.972399100861324, "wrist_rotation": 83.50061063993095, "gripper": 48.728670499244664}, "rc-angle-target": {"0": 101.81454748282533, "1": 123.0, "2": 114.0, "3": 89.0, "4": 83.50061063993095}, "rc-pulse-target": {"0": 1671.0, "1": 1826.0, "2": 1766.0, "3": 1488.0, "4": 1427.0, "5": 1769.06994251133}, "reward": 0.0, "annotation": ""}