{"rc-position-target": {"height": 3.344967497179963, "distance": 4.088194794133221, "heading": 13.314547482825333, "wrist_angle": -36.972399100861324, "wrist_rotation": 83.50061063993095, "gripper": 48.728670499244664}, "rc-angle-target": {"0": 103.31454748282533, "1": 123.0, "2": 115.0, "3": 90.0, "4": 83.50061063993095}, "rc-pulse-target": {"0": 1687.0, "1": 1826.0, "2": 1777.0, "3": 1500.0, "4": 1427.0, "5": 1769.06994251133}, "reward": 0.0, "annotation": ""}