{"rc-position-target": {"height": 3.9449674971799635, "distance": 4.088194794133221, "heading": 4.314547482825333, "wrist_angle": -36.972399100861324, "wrist_rotation": 83.50061063993095, "gripper": 48.728670499244664}, "rc-angle-target": {"0": 94.31454748282533, "1": 124.0, "2": 111.0, "3": 85.0, "4": 83.50061063993095}, "rc-pulse-target": {"0": 1587.0, "1": 1837.0, "2": 1733.0, "3": 1444.0, "4": 1427.0, "5": 1769.06994251133}, "reward": 0.0, "annotation": ""}