{"rc-position-target": {"height": 3.8449674971799634, "distance": 4.088194794133221, "heading": 5.814547482825333, "wrist_angle": -36.972399100861324, "wrist_rotation": 83.50061063993095, "gripper": 48.728670499244664}, "rc-angle-target": {"0": 95.81454748282533, "1": 124.0, "2": 112.0, "3": 86.0, "4": 83.50061063993095}, "rc-pulse-target": {"0": 1604.0, "1": 1837.0, "2": 1744.0, "3": 1455.0, "4": 1427.0, "5": 1769.06994251133}, "reward": 0.0, "annotation": ""}