{"rc-position-target": {"height": 4.044967497179964, "distance": 4.088194794133221, "heading": 2.8145474828253327, "wrist_angle": -36.972399100861324, "wrist_rotation": 83.50061063993095, "gripper": 48.728670499244664}, "rc-angle-target": {"0": 92.81454748282533, "1": 124.0, "2": 110.0, "3": 84.0, "4": 83.50061063993095}, "rc-pulse-target": {"0": 1571.0, "1": 1837.0, "2": 1722.0, "3": 1433.0, "4": 1427.0, "5": 1769.06994251133}, "reward": 0.0, "annotation": ""}