{"rc-position-target": {"height": 4.295819120963696, "distance": 4.088194794133221, "heading": -33.18545251717467, "wrist_angle": -36.972399100861324, "wrist_rotation": 83.50061063993095, "gripper": 48.728670499244664}, "rc-angle-target": {"0": 56.81454748282533, "1": 124.0, "2": 109.0, "3": 82.0, "4": 83.50061063993095}, "rc-pulse-target": {"0": 1171.0, "1": 1837.0, "2": 1711.0, "3": 1411.0, "4": 1427.0, "5": 1769.06994251133}, "reward": 0.0, "annotation": ""}