{"rc-position-target": {"height": 4.195819120963696, "distance": 4.188194794133221, "heading": -51.18545251717467, "wrist_angle": -38.472399100861324, "wrist_rotation": 83.00061063993095, "gripper": 53.728670499244664}, "rc-angle-target": {"0": 38.81454748282533, "1": 123.0, "2": 109.0, "3": 82.0, "4": 83.00061063993095}, "rc-pulse-target": {"0": 971.0, "1": 1826.0, "2": 1711.0, "3": 1411.0, "4": 1422.0, "5": 1694.06994251133}, "reward": 0.0, "annotation": ""}