{"rc-position-target": {"height": 4.0958191209636965, "distance": 4.28819479413322, "heading": -49.68545251717467, "wrist_angle": -39.972399100861324, "wrist_rotation": 82.50061063993095, "gripper": 58.728670499244664}, "rc-angle-target": {"0": 40.31454748282533, "1": 121.0, "2": 109.0, "3": 82.0, "4": 82.50061063993095}, "rc-pulse-target": {"0": 987.0, "1": 1804.0, "2": 1711.0, "3": 1411.0, "4": 1416.0, "5": 1619.06994251133}, "reward": 0.0, "annotation": ""}