{"rc-position-target": {"height": 4.034257414215649, "distance": 4.888194794133218, "heading": -40.68545251717467, "wrist_angle": -44.451655078336756, "wrist_rotation": 79.50061063993095, "gripper": 77.23146068018696}, "rc-angle-target": {"0": 49.31454748282533, "1": 114.0, "2": 104.0, "3": 80.0, "4": 79.50061063993095}, "rc-pulse-target": {"0": 1087.0, "1": 1726.0, "2": 1655.0, "3": 1388.0, "4": 1383.0, "5": 1341.5280897971957}, "reward": 0.0, "annotation": ""}