{"rc-position-target": {"height": 4.034257414215649, "distance": 4.38819479413322, "heading": -48.18545251717467, "wrist_angle": -41.472399100861324, "wrist_rotation": 82.00061063993095, "gripper": 63.728670499244664}, "rc-angle-target": {"0": 41.81454748282533, "1": 120.0, "2": 108.0, "3": 81.0, "4": 82.00061063993095}, "rc-pulse-target": {"0": 1004.0, "1": 1793.0, "2": 1700.0, "3": 1400.0, "4": 1411.0, "5": 1544.06994251133}, "reward": 0.0, "annotation": ""}