{"rc-position-target": {"height": 4.034257414215649, "distance": 4.588194794133219, "heading": -45.18545251717467, "wrist_angle": -44.451655078336756, "wrist_rotation": 81.00061063993095, "gripper": 73.72867049924466}, "rc-angle-target": {"0": 44.81454748282533, "1": 118.0, "2": 107.0, "3": 79.0, "4": 81.00061063993095}, "rc-pulse-target": {"0": 1037.0, "1": 1771.0, "2": 1688.0, "3": 1377.0, "4": 1400.0, "5": 1394.0699425113303}, "reward": 0.0, "annotation": ""}