{"rc-position-target": {"height": 4.034257414215649, "distance": 4.48819479413322, "heading": -46.68545251717467, "wrist_angle": -42.972399100861324, "wrist_rotation": 81.50061063993095, "gripper": 68.72867049924466}, "rc-angle-target": {"0": 43.31454748282533, "1": 119.0, "2": 107.0, "3": 80.0, "4": 81.50061063993095}, "rc-pulse-target": {"0": 1021.0, "1": 1782.0, "2": 1688.0, "3": 1388.0, "4": 1405.0, "5": 1469.0699425113303}, "reward": 0.0, "annotation": ""}