{"rc-position-target": {"height": 4.034257414215649, "distance": 4.991520403861813, "heading": -36.18545251717467, "wrist_angle": -44.451655078336756, "wrist_rotation": 78.00061063993095, "gripper": 77.23146068018696}, "rc-angle-target": {"0": 53.81454748282533, "1": 113.0, "2": 104.0, "3": 81.0, "4": 78.00061063993095}, "rc-pulse-target": {"0": 1137.0, "1": 1715.0, "2": 1655.0, "3": 1400.0, "4": 1366.0, "5": 1341.5280897971957}, "reward": 0.0, "annotation": ""}