{"rc-position-target": {"height": 4.034257414215649, "distance": 4.788194794133219, "heading": -42.18545251717467, "wrist_angle": -44.451655078336756, "wrist_rotation": 80.00061063993095, "gripper": 77.23146068018696}, "rc-angle-target": {"0": 47.81454748282533, "1": 115.0, "2": 105.0, "3": 80.0, "4": 80.00061063993095}, "rc-pulse-target": {"0": 1071.0, "1": 1737.0, "2": 1666.0, "3": 1388.0, "4": 1388.0, "5": 1341.5280897971957}, "reward": 0.0, "annotation": ""}