{"rc-position-target": {"height": 4.034257414215649, "distance": 4.688194794133219, "heading": -43.68545251717467, "wrist_angle": -44.451655078336756, "wrist_rotation": 80.50061063993095, "gripper": 77.23146068018696}, "rc-angle-target": {"0": 46.31454748282533, "1": 116.0, "2": 106.0, "3": 80.0, "4": 80.50061063993095}, "rc-pulse-target": {"0": 1054.0, "1": 1748.0, "2": 1677.0, "3": 1388.0, "4": 1394.0, "5": 1341.5280897971957}, "reward": 0.0, "annotation": ""}