{"rc-position-target": {"height": 4.034257414215649, "distance": 4.991520403861813, "heading": -25.685452517174667, "wrist_angle": -44.451655078336756, "wrist_rotation": 74.50061063993095, "gripper": 77.23146068018696}, "rc-angle-target": {"0": 64.31454748282533, "1": 113.0, "2": 104.0, "3": 81.0, "4": 74.50061063993095}, "rc-pulse-target": {"0": 1254.0, "1": 1715.0, "2": 1655.0, "3": 1400.0, "4": 1327.0, "5": 1341.5280897971957}, "reward": 0.0, "annotation": ""}