{"rc-position-target": {"height": 4.034257414215649, "distance": 4.991520403861813, "heading": 34.31454748282533, "wrist_angle": -44.451655078336756, "wrist_rotation": 73.40842584514694, "gripper": 77.23146068018696}, "rc-angle-target": {"0": 124.31454748282533, "1": 113.0, "2": 104.0, "3": 81.0, "4": 73.40842584514694}, "rc-pulse-target": {"0": 1921.0, "1": 1715.0, "2": 1655.0, "3": 1400.0, "4": 1315.0, "5": 1341.5280897971957}, "reward": 0.0, "annotation": ""}