{"rc-position-target": {"height": 3.8342574142156485, "distance": 4.7915204038618135, "heading": 61.31454748282533, "wrist_angle": -41.451655078336756, "wrist_rotation": 72.40842584514694, "gripper": 67.23146068018696}, "rc-angle-target": {"0": 151.31454748282533, "1": 115.0, "2": 106.0, "3": 85.0, "4": 72.40842584514694}, "rc-pulse-target": {"0": 2221.0, "1": 1737.0, "2": 1677.0, "3": 1444.0, "4": 1304.0, "5": 1491.5280897971957}, "reward": 0.0, "annotation": ""}