{"rc-position-target": {"height": 3.9342574142156486, "distance": 4.891520403861813, "heading": 62.81454748282533, "wrist_angle": -42.951655078336756, "wrist_rotation": 72.90842584514694, "gripper": 72.23146068018696}, "rc-angle-target": {"0": 152.81454748282533, "1": 114.0, "2": 105.0, "3": 83.0, "4": 72.90842584514694}, "rc-pulse-target": {"0": 2237.0, "1": 1726.0, "2": 1666.0, "3": 1422.0, "4": 1310.0, "5": 1416.5280897971957}, "reward": 0.0, "annotation": ""}