{"rc-position-target": {"height": 3.6342574142156483, "distance": 4.591520403861814, "heading": 58.31454748282533, "wrist_angle": -38.451655078336756, "wrist_rotation": 71.40842584514694, "gripper": 57.231460680186956}, "rc-angle-target": {"0": 148.31454748282533, "1": 117.0, "2": 109.0, "3": 89.0, "4": 71.40842584514694}, "rc-pulse-target": {"0": 2187.0, "1": 1760.0, "2": 1711.0, "3": 1488.0, "4": 1293.0, "5": 1641.5280897971957}, "reward": 0.0, "annotation": ""}