{"rc-position-target": {"height": 3.7342574142156484, "distance": 4.691520403861814, "heading": 59.81454748282533, "wrist_angle": -39.951655078336756, "wrist_rotation": 71.90842584514694, "gripper": 62.231460680186956}, "rc-angle-target": {"0": 149.81454748282533, "1": 116.0, "2": 108.0, "3": 87.0, "4": 71.90842584514694}, "rc-pulse-target": {"0": 2204.0, "1": 1748.0, "2": 1700.0, "3": 1466.0, "4": 1298.0, "5": 1566.5280897971957}, "reward": 0.0, "annotation": ""}