{"rc-position-target": {"height": 3.0342574142156478, "distance": 4.574616527542619, "heading": 49.31454748282533, "wrist_angle": -29.451655078336756, "wrist_rotation": 68.40842584514694, "gripper": 55.388728237930394}, "rc-angle-target": {"0": 139.31454748282533, "1": 115.0, "2": 113.0, "3": 103.0, "4": 68.40842584514694}, "rc-pulse-target": {"0": 2087.0, "1": 1737.0, "2": 1755.0, "3": 1644.0, "4": 1260.0, "5": 1669.1690764310442}, "reward": 0.0, "annotation": ""}