{"rc-position-target": {"height": 3.534257414215648, "distance": 4.574616527542619, "heading": 56.81454748282533, "wrist_angle": -36.951655078336756, "wrist_rotation": 70.90842584514694, "gripper": 55.388728237930394}, "rc-angle-target": {"0": 146.81454748282533, "1": 117.0, "2": 110.0, "3": 91.0, "4": 70.90842584514694}, "rc-pulse-target": {"0": 2171.0, "1": 1760.0, "2": 1722.0, "3": 1511.0, "4": 1287.0, "5": 1669.1690764310442}, "reward": 0.0, "annotation": ""}