{"rc-position-target": {"height": 3.334257414215648, "distance": 4.574616527542619, "heading": 53.81454748282533, "wrist_angle": -33.951655078336756, "wrist_rotation": 69.90842584514694, "gripper": 55.388728237930394}, "rc-angle-target": {"0": 143.81454748282533, "1": 116.0, "2": 111.0, "3": 96.0, "4": 69.90842584514694}, "rc-pulse-target": {"0": 2137.0, "1": 1748.0, "2": 1733.0, "3": 1566.0, "4": 1276.0, "5": 1669.1690764310442}, "reward": 0.0, "annotation": ""}