{"rc-position-target": {"height": 3.434257414215648, "distance": 4.574616527542619, "heading": 55.31454748282533, "wrist_angle": -35.451655078336756, "wrist_rotation": 70.40842584514694, "gripper": 55.388728237930394}, "rc-angle-target": {"0": 145.31454748282533, "1": 116.0, "2": 111.0, "3": 93.0, "4": 70.40842584514694}, "rc-pulse-target": {"0": 2154.0, "1": 1748.0, "2": 1733.0, "3": 1533.0, "4": 1282.0, "5": 1669.1690764310442}, "reward": 0.0, "annotation": ""}