{"rc-position-target": {"height": 2.8342574142156476, "distance": 4.574616527542619, "heading": 46.31454748282533, "wrist_angle": -26.451655078336756, "wrist_rotation": 67.40842584514694, "gripper": 55.388728237930394}, "rc-angle-target": {"0": 136.31454748282533, "1": 114.0, "2": 114.0, "3": 108.0, "4": 67.40842584514694}, "rc-pulse-target": {"0": 2054.0, "1": 1726.0, "2": 1766.0, "3": 1700.0, "4": 1248.0, "5": 1669.1690764310442}, "reward": 0.0, "annotation": ""}