{"rc-position-target": {"height": 2.7342574142156475, "distance": 4.574616527542619, "heading": 44.81454748282533, "wrist_angle": -24.951655078336756, "wrist_rotation": 66.90842584514694, "gripper": 55.388728237930394}, "rc-angle-target": {"0": 134.81454748282533, "1": 114.0, "2": 115.0, "3": 110.0, "4": 66.90842584514694}, "rc-pulse-target": {"0": 2037.0, "1": 1726.0, "2": 1777.0, "3": 1722.0, "4": 1243.0, "5": 1669.1690764310442}, "reward": 0.0, "annotation": ""}