{"rc-position-target": {"height": 3.234257414215648, "distance": 4.574616527542619, "heading": 52.31454748282533, "wrist_angle": -32.451655078336756, "wrist_rotation": 69.40842584514694, "gripper": 55.388728237930394}, "rc-angle-target": {"0": 142.31454748282533, "1": 116.0, "2": 112.0, "3": 98.0, "4": 69.40842584514694}, "rc-pulse-target": {"0": 2121.0, "1": 1748.0, "2": 1744.0, "3": 1588.0, "4": 1271.0, "5": 1669.1690764310442}, "reward": 0.0, "annotation": ""}