{"rc-position-target": {"height": 3.134257414215648, "distance": 4.574616527542619, "heading": 50.81454748282533, "wrist_angle": -30.951655078336756, "wrist_rotation": 68.90842584514694, "gripper": 55.388728237930394}, "rc-angle-target": {"0": 140.81454748282533, "1": 115.0, "2": 112.0, "3": 101.0, "4": 68.90842584514694}, "rc-pulse-target": {"0": 2104.0, "1": 1737.0, "2": 1744.0, "3": 1622.0, "4": 1265.0, "5": 1669.1690764310442}, "reward": 0.0, "annotation": ""}