{"rc-position-target": {"height": 2.6342574142156474, "distance": 4.574616527542619, "heading": 43.31454748282533, "wrist_angle": -23.451655078336756, "wrist_rotation": 66.40842584514694, "gripper": 55.388728237930394}, "rc-angle-target": {"0": 133.31454748282533, "1": 113.0, "2": 115.0, "3": 113.0, "4": 66.40842584514694}, "rc-pulse-target": {"0": 2021.0, "1": 1715.0, "2": 1777.0, "3": 1755.0, "4": 1237.0, "5": 1669.1690764310442}, "reward": 0.0, "annotation": ""}