{"rc-position-target": {"height": 2.9342574142156477, "distance": 4.574616527542619, "heading": 47.81454748282533, "wrist_angle": -27.951655078336756, "wrist_rotation": 67.90842584514694, "gripper": 55.388728237930394}, "rc-angle-target": {"0": 137.81454748282533, "1": 115.0, "2": 114.0, "3": 105.0, "4": 67.90842584514694}, "rc-pulse-target": {"0": 2071.0, "1": 1737.0, "2": 1766.0, "3": 1666.0, "4": 1254.0, "5": 1669.1690764310442}, "reward": 0.0, "annotation": ""}