{"rc-position-target": {"height": 2.234257414215647, "distance": 4.574616527542619, "heading": 37.31454748282533, "wrist_angle": -20.913355937155018, "wrist_rotation": 64.40842584514694, "gripper": 55.388728237930394}, "rc-angle-target": {"0": 127.31454748282533, "1": 111.0, "2": 117.0, "3": 120.0, "4": 64.40842584514694}, "rc-pulse-target": {"0": 1954.0, "1": 1693.0, "2": 1800.0, "3": 1833.0, "4": 1215.0, "5": 1669.1690764310442}, "reward": 0.0, "annotation": ""}