{"rc-position-target": {"height": 1.7342574142156466, "distance": 4.574616527542619, "heading": 36.463175576143655, "wrist_angle": -20.913355937155018, "wrist_rotation": 61.90842584514694, "gripper": 55.388728237930394}, "rc-angle-target": {"0": 126.46317557614366, "1": 108.0, "2": 119.0, "3": 125.0, "4": 61.90842584514694}, "rc-pulse-target": {"0": 1945.0, "1": 1660.0, "2": 1822.0, "3": 1888.0, "4": 1187.0, "5": 1669.1690764310442}, "reward": 0.0, "annotation": ""}