{"rc-position-target": {"height": 2.034257414215647, "distance": 4.574616527542619, "heading": 36.463175576143655, "wrist_angle": -20.913355937155018, "wrist_rotation": 63.40842584514694, "gripper": 55.388728237930394}, "rc-angle-target": {"0": 126.46317557614366, "1": 110.0, "2": 118.0, "3": 122.0, "4": 63.40842584514694}, "rc-pulse-target": {"0": 1945.0, "1": 1682.0, "2": 1811.0, "3": 1855.0, "4": 1204.0, "5": 1669.1690764310442}, "reward": 0.0, "annotation": ""}