{"rc-position-target": {"height": 2.5342574142156473, "distance": 4.574616527542619, "heading": 41.81454748282533, "wrist_angle": -21.951655078336756, "wrist_rotation": 65.90842584514694, "gripper": 55.388728237930394}, "rc-angle-target": {"0": 131.81454748282533, "1": 113.0, "2": 116.0, "3": 115.0, "4": 65.90842584514694}, "rc-pulse-target": {"0": 2004.0, "1": 1715.0, "2": 1788.0, "3": 1777.0, "4": 1232.0, "5": 1669.1690764310442}, "reward": 0.0, "annotation": ""}