{"rc-position-target": {"height": 2.334257414215647, "distance": 4.574616527542619, "heading": 38.81454748282533, "wrist_angle": -20.913355937155018, "wrist_rotation": 64.90842584514694, "gripper": 55.388728237930394}, "rc-angle-target": {"0": 128.81454748282533, "1": 112.0, "2": 117.0, "3": 119.0, "4": 64.90842584514694}, "rc-pulse-target": {"0": 1971.0, "1": 1704.0, "2": 1800.0, "3": 1822.0, "4": 1221.0, "5": 1669.1690764310442}, "reward": 0.0, "annotation": ""}