{"rc-position-target": {"height": 2.4342574142156472, "distance": 4.574616527542619, "heading": 40.31454748282533, "wrist_angle": -20.913355937155018, "wrist_rotation": 65.40842584514694, "gripper": 55.388728237930394}, "rc-angle-target": {"0": 130.31454748282533, "1": 112.0, "2": 116.0, "3": 117.0, "4": 65.40842584514694}, "rc-pulse-target": {"0": 1987.0, "1": 1704.0, "2": 1788.0, "3": 1800.0, "4": 1226.0, "5": 1669.1690764310442}, "reward": 0.0, "annotation": ""}