{"rc-position-target": {"height": 1.6342574142156465, "distance": 4.574616527542619, "heading": 36.463175576143655, "wrist_angle": -20.913355937155018, "wrist_rotation": 61.45626605211825, "gripper": 55.388728237930394}, "rc-angle-target": {"0": 126.46317557614366, "1": 107.0, "2": 119.0, "3": 126.0, "4": 61.45626605211825}, "rc-pulse-target": {"0": 1945.0, "1": 1648.0, "2": 1822.0, "3": 1900.0, "4": 1182.0, "5": 1669.1690764310442}, "reward": 0.0, "annotation": ""}