{"rc-position-target": {"height": 2.1820656054191847, "distance": 5.374616527542616, "heading": 48.463175576143655, "wrist_angle": -21.01778868701342, "wrist_rotation": 65.45626605211825, "gripper": 81.38609991785403}, "rc-angle-target": {"0": 138.46317557614367, "1": 101.0, "2": 110.0, "3": 122.0, "4": 65.45626605211825}, "rc-pulse-target": {"0": 2078.0, "1": 1582.0, "2": 1722.0, "3": 1855.0, "4": 1227.0, "5": 1279.2085012321895}, "reward": 0.0, "annotation": ""}