{"rc-position-target": {"height": 2.1820656054191847, "distance": 5.274616527542617, "heading": 46.963175576143655, "wrist_angle": -21.01778868701342, "wrist_rotation": 64.95626605211825, "gripper": 81.38609991785403}, "rc-angle-target": {"0": 136.96317557614367, "1": 102.0, "2": 111.0, "3": 122.0, "4": 64.95626605211825}, "rc-pulse-target": {"0": 2061.0, "1": 1593.0, "2": 1733.0, "3": 1855.0, "4": 1221.0, "5": 1279.2085012321895}, "reward": 0.0, "annotation": ""}