{"rc-position-target": {"height": 1.775968019651248, "distance": 4.7746165275426184, "heading": 39.463175576143655, "wrist_angle": -21.01778868701342, "wrist_rotation": 62.45626605211825, "gripper": 65.3887282379304}, "rc-angle-target": {"0": 129.46317557614367, "1": 105.0, "2": 117.0, "3": 125.0, "4": 62.45626605211825}, "rc-pulse-target": {"0": 1978.0, "1": 1626.0, "2": 1800.0, "3": 1888.0, "4": 1193.0, "5": 1519.1690764310442}, "reward": 0.0, "annotation": ""}