{"rc-position-target": {"height": 1.9759680196512481, "distance": 4.974616527542618, "heading": 42.463175576143655, "wrist_angle": -21.01778868701342, "wrist_rotation": 63.45626605211825, "gripper": 75.3887282379304}, "rc-angle-target": {"0": 132.46317557614367, "1": 104.0, "2": 114.0, "3": 124.0, "4": 63.45626605211825}, "rc-pulse-target": {"0": 2011.0, "1": 1615.0, "2": 1766.0, "3": 1877.0, "4": 1205.0, "5": 1369.1690764310442}, "reward": 0.0, "annotation": ""}