{"rc-position-target": {"height": 1.6759680196512479, "distance": 4.674616527542619, "heading": 37.963175576143655, "wrist_angle": -21.01778868701342, "wrist_rotation": 61.95626605211825, "gripper": 60.388728237930394}, "rc-angle-target": {"0": 127.96317557614366, "1": 106.0, "2": 118.0, "3": 126.0, "4": 61.95626605211825}, "rc-pulse-target": {"0": 1961.0, "1": 1637.0, "2": 1811.0, "3": 1900.0, "4": 1188.0, "5": 1594.1690764310442}, "reward": 0.0, "annotation": ""}