{"rc-position-target": {"height": 1.875968019651248, "distance": 4.874616527542618, "heading": 40.963175576143655, "wrist_angle": -21.01778868701342, "wrist_rotation": 62.95626605211825, "gripper": 70.3887282379304}, "rc-angle-target": {"0": 130.96317557614367, "1": 105.0, "2": 116.0, "3": 124.0, "4": 62.95626605211825}, "rc-pulse-target": {"0": 1995.0, "1": 1626.0, "2": 1788.0, "3": 1877.0, "4": 1199.0, "5": 1444.1690764310442}, "reward": 0.0, "annotation": ""}