{"rc-position-target": {"height": 1.5759680196512478, "distance": 4.574616527542619, "heading": 36.463175576143655, "wrist_angle": -20.913355937155018, "wrist_rotation": 61.45626605211825, "gripper": 55.388728237930394}, "rc-angle-target": {"0": 126.46317557614366, "1": 106.0, "2": 120.0, "3": 127.0, "4": 61.45626605211825}, "rc-pulse-target": {"0": 1945.0, "1": 1637.0, "2": 1833.0, "3": 1911.0, "4": 1182.0, "5": 1669.1690764310442}, "reward": 0.0, "annotation": ""}