{"rc-position-target": {"height": 2.075968019651248, "distance": 5.074616527542617, "heading": 43.963175576143655, "wrist_angle": -21.01778868701342, "wrist_rotation": 63.95626605211825, "gripper": 80.3887282379304}, "rc-angle-target": {"0": 133.96317557614367, "1": 104.0, "2": 113.0, "3": 123.0, "4": 63.95626605211825}, "rc-pulse-target": {"0": 2028.0, "1": 1615.0, "2": 1755.0, "3": 1866.0, "4": 1210.0, "5": 1294.1690764310442}, "reward": 0.0, "annotation": ""}