{"rc-position-target": {"height": 2.1820656054191847, "distance": 5.474616527542616, "heading": 49.963175576143655, "wrist_angle": -21.01778868701342, "wrist_rotation": 65.95626605211825, "gripper": 81.38609991785403}, "rc-angle-target": {"0": 139.96317557614367, "1": 100.0, "2": 109.0, "3": 123.0, "4": 65.95626605211825}, "rc-pulse-target": {"0": 2095.0, "1": 1571.0, "2": 1711.0, "3": 1866.0, "4": 1232.0, "5": 1279.2085012321895}, "reward": 0.0, "annotation": ""}