{"rc-position-target": {"height": 2.1759680196512483, "distance": 5.174616527542617, "heading": 45.463175576143655, "wrist_angle": -21.01778868701342, "wrist_rotation": 64.45626605211825, "gripper": 81.38609991785403}, "rc-angle-target": {"0": 135.46317557614367, "1": 103.0, "2": 112.0, "3": 122.0, "4": 64.45626605211825}, "rc-pulse-target": {"0": 2045.0, "1": 1604.0, "2": 1744.0, "3": 1855.0, "4": 1216.0, "5": 1279.2085012321895}, "reward": 0.0, "annotation": ""}