{"rc-position-target": {"height": 2.1820656054191847, "distance": 6.374616527542613, "heading": 63.463175576143655, "wrist_angle": -21.01778868701342, "wrist_rotation": 70.45626605211825, "gripper": 81.38609991785403}, "rc-angle-target": {"0": 153.46317557614367, "1": 90.0, "2": 100.0, "3": 123.0, "4": 70.45626605211825}, "rc-pulse-target": {"0": 2245.0, "1": 1460.0, "2": 1611.0, "3": 1866.0, "4": 1282.0, "5": 1279.2085012321895}, "reward": 0.0, "annotation": ""}