{"rc-position-target": {"height": 2.1820656054191847, "distance": 5.8746165275426145, "heading": 55.963175576143655, "wrist_angle": -21.01778868701342, "wrist_rotation": 67.95626605211825, "gripper": 81.38609991785403}, "rc-angle-target": {"0": 145.96317557614367, "1": 95.0, "2": 105.0, "3": 123.0, "4": 67.95626605211825}, "rc-pulse-target": {"0": 2161.0, "1": 1515.0, "2": 1666.0, "3": 1866.0, "4": 1255.0, "5": 1279.2085012321895}, "reward": 0.0, "annotation": ""}