{"rc-position-target": {"height": 2.1820656054191847, "distance": 6.274616527542613, "heading": 61.963175576143655, "wrist_angle": -21.01778868701342, "wrist_rotation": 69.95626605211825, "gripper": 81.38609991785403}, "rc-angle-target": {"0": 151.96317557614367, "1": 91.0, "2": 101.0, "3": 123.0, "4": 69.95626605211825}, "rc-pulse-target": {"0": 2228.0, "1": 1471.0, "2": 1622.0, "3": 1866.0, "4": 1277.0, "5": 1279.2085012321895}, "reward": 0.0, "annotation": ""}