{"rc-position-target": {"height": 2.1820656054191847, "distance": 5.774616527542615, "heading": 54.463175576143655, "wrist_angle": -21.01778868701342, "wrist_rotation": 67.45626605211825, "gripper": 81.38609991785403}, "rc-angle-target": {"0": 144.46317557614367, "1": 97.0, "2": 106.0, "3": 123.0, "4": 67.45626605211825}, "rc-pulse-target": {"0": 2145.0, "1": 1537.0, "2": 1677.0, "3": 1866.0, "4": 1249.0, "5": 1279.2085012321895}, "reward": 0.0, "annotation": ""}