{"rc-position-target": {"height": 2.1820656054191847, "distance": 6.474616527542612, "heading": 64.96317557614366, "wrist_angle": -21.01778868701342, "wrist_rotation": 70.95626605211825, "gripper": 81.38609991785403}, "rc-angle-target": {"0": 154.96317557614367, "1": 89.0, "2": 99.0, "3": 123.0, "4": 70.95626605211825}, "rc-pulse-target": {"0": 2261.0, "1": 1448.0, "2": 1600.0, "3": 1866.0, "4": 1288.0, "5": 1279.2085012321895}, "reward": 0.0, "annotation": ""}