{"rc-position-target": {"height": 2.1820656054191847, "distance": 6.074616527542614, "heading": 58.963175576143655, "wrist_angle": -21.01778868701342, "wrist_rotation": 68.95626605211825, "gripper": 81.38609991785403}, "rc-angle-target": {"0": 148.96317557614367, "1": 93.0, "2": 103.0, "3": 123.0, "4": 68.95626605211825}, "rc-pulse-target": {"0": 2195.0, "1": 1493.0, "2": 1644.0, "3": 1866.0, "4": 1266.0, "5": 1279.2085012321895}, "reward": 0.0, "annotation": ""}