{"rc-position-target": {"height": 2.1820656054191847, "distance": 5.674616527542615, "heading": 52.963175576143655, "wrist_angle": -21.01778868701342, "wrist_rotation": 66.95626605211825, "gripper": 81.38609991785403}, "rc-angle-target": {"0": 142.96317557614367, "1": 98.0, "2": 107.0, "3": 123.0, "4": 66.95626605211825}, "rc-pulse-target": {"0": 2128.0, "1": 1548.0, "2": 1688.0, "3": 1866.0, "4": 1243.0, "5": 1279.2085012321895}, "reward": 0.0, "annotation": ""}