{"rc-position-target": {"height": 2.1820656054191847, "distance": 6.1746165275426135, "heading": 60.463175576143655, "wrist_angle": -21.01778868701342, "wrist_rotation": 69.45626605211825, "gripper": 81.38609991785403}, "rc-angle-target": {"0": 150.46317557614367, "1": 92.0, "2": 102.0, "3": 123.0, "4": 69.45626605211825}, "rc-pulse-target": {"0": 2211.0, "1": 1482.0, "2": 1633.0, "3": 1866.0, "4": 1271.0, "5": 1279.2085012321895}, "reward": 0.0, "annotation": ""}