{"rc-position-target": {"height": 2.1820656054191847, "distance": 6.974616527542611, "heading": 72.46317557614366, "wrist_angle": -21.01778868701342, "wrist_rotation": 73.45626605211825, "gripper": 81.38609991785403}, "rc-angle-target": {"0": 162.46317557614367, "1": 84.0, "2": 94.0, "3": 123.0, "4": 73.45626605211825}, "rc-pulse-target": {"0": 2345.0, "1": 1393.0, "2": 1544.0, "3": 1866.0, "4": 1316.0, "5": 1279.2085012321895}, "reward": 0.0, "annotation": ""}