{"rc-position-target": {"height": 2.1820656054191847, "distance": 6.874616527542611, "heading": 70.96317557614366, "wrist_angle": -21.01778868701342, "wrist_rotation": 72.95626605211825, "gripper": 81.38609991785403}, "rc-angle-target": {"0": 160.96317557614367, "1": 85.0, "2": 95.0, "3": 123.0, "4": 72.95626605211825}, "rc-pulse-target": {"0": 2328.0, "1": 1404.0, "2": 1555.0, "3": 1866.0, "4": 1310.0, "5": 1279.2085012321895}, "reward": 0.0, "annotation": ""}