{"rc-position-target": {"height": 2.1820656054191847, "distance": 6.774616527542611, "heading": 69.46317557614366, "wrist_angle": -21.01778868701342, "wrist_rotation": 72.45626605211825, "gripper": 81.38609991785403}, "rc-angle-target": {"0": 159.46317557614367, "1": 86.0, "2": 96.0, "3": 123.0, "4": 72.45626605211825}, "rc-pulse-target": {"0": 2311.0, "1": 1415.0, "2": 1566.0, "3": 1866.0, "4": 1305.0, "5": 1279.2085012321895}, "reward": 0.0, "annotation": ""}