{"rc-position-target": {"height": 2.1820656054191847, "distance": 7.07461652754261, "heading": 73.96317557614366, "wrist_angle": -21.01778868701342, "wrist_rotation": 73.95626605211825, "gripper": 81.38609991785403}, "rc-angle-target": {"0": 163.96317557614367, "1": 83.0, "2": 93.0, "3": 123.0, "4": 73.95626605211825}, "rc-pulse-target": {"0": 2361.0, "1": 1382.0, "2": 1533.0, "3": 1866.0, "4": 1321.0, "5": 1279.2085012321895}, "reward": 0.0, "annotation": ""}