{"rc-position-target": {"height": 2.1820656054191847, "distance": 6.674616527542612, "heading": 67.96317557614366, "wrist_angle": -21.01778868701342, "wrist_rotation": 71.95626605211825, "gripper": 81.38609991785403}, "rc-angle-target": {"0": 157.96317557614367, "1": 87.0, "2": 97.0, "3": 123.0, "4": 71.95626605211825}, "rc-pulse-target": {"0": 2295.0, "1": 1426.0, "2": 1577.0, "3": 1866.0, "4": 1299.0, "5": 1279.2085012321895}, "reward": 0.0, "annotation": ""}