{"rc-position-target": {"height": 2.1820656054191847, "distance": 7.305066251469494, "heading": 78.46317557614366, "wrist_angle": -21.01778868701342, "wrist_rotation": 75.45626605211825, "gripper": 81.38609991785403}, "rc-angle-target": {"0": 168.46317557614367, "1": 81.0, "2": 91.0, "3": 123.0, "4": 75.45626605211825}, "rc-pulse-target": {"0": 2411.0, "1": 1360.0, "2": 1511.0, "3": 1866.0, "4": 1338.0, "5": 1279.2085012321895}, "reward": 0.0, "annotation": ""}