{"rc-position-target": {"height": 2.1820656054191847, "distance": 6.574616527542612, "heading": 66.46317557614366, "wrist_angle": -21.01778868701342, "wrist_rotation": 71.45626605211825, "gripper": 81.38609991785403}, "rc-angle-target": {"0": 156.46317557614367, "1": 88.0, "2": 98.0, "3": 123.0, "4": 71.45626605211825}, "rc-pulse-target": {"0": 2278.0, "1": 1437.0, "2": 1588.0, "3": 1866.0, "4": 1293.0, "5": 1279.2085012321895}, "reward": 0.0, "annotation": ""}