{"rc-position-target": {"height": 2.1820656054191847, "distance": 7.305066251469494, "heading": 79.67494701693812, "wrist_angle": -21.01778868701342, "wrist_rotation": 80.95626605211825, "gripper": 81.38609991785403}, "rc-angle-target": {"0": 169.67494701693812, "1": 81.0, "2": 91.0, "3": 123.0, "4": 80.95626605211825}, "rc-pulse-target": {"0": 2425.0, "1": 1360.0, "2": 1511.0, "3": 1866.0, "4": 1399.0, "5": 1279.2085012321895}, "reward": 0.0, "annotation": ""}