{"rc-position-target": {"height": 2.482065605419185, "distance": 7.005066251469495, "heading": 75.17494701693812, "wrist_angle": -17.5429459215878, "wrist_rotation": 79.72983024981144, "gripper": 66.38609991785403}, "rc-angle-target": {"0": 165.17494701693812, "1": 86.0, "2": 93.0, "3": 124.0, "4": 79.72983024981144}, "rc-pulse-target": {"0": 2375.0, "1": 1415.0, "2": 1533.0, "3": 1877.0, "4": 1385.0, "5": 1504.2085012321895}, "reward": 0.0, "annotation": ""}