{"rc-position-target": {"height": 2.9820656054191854, "distance": 6.505066251469497, "heading": 67.67494701693812, "wrist_angle": -17.5429459215878, "wrist_rotation": 79.29864741919911, "gripper": 41.386099917854025}, "rc-angle-target": {"0": 157.67494701693812, "1": 93.0, "2": 96.0, "3": 120.0, "4": 79.29864741919911}, "rc-pulse-target": {"0": 2291.0, "1": 1493.0, "2": 1566.0, "3": 1833.0, "4": 1381.0, "5": 1879.2085012321895}, "reward": 0.0, "annotation": ""}