{"rc-position-target": {"height": 2.7820656054191852, "distance": 6.705066251469496, "heading": 70.67494701693812, "wrist_angle": -17.5429459215878, "wrist_rotation": 79.29864741919911, "gripper": 51.386099917854025}, "rc-angle-target": {"0": 160.67494701693812, "1": 90.0, "2": 95.0, "3": 122.0, "4": 79.29864741919911}, "rc-pulse-target": {"0": 2325.0, "1": 1460.0, "2": 1555.0, "3": 1855.0, "4": 1381.0, "5": 1729.2085012321895}, "reward": 0.0, "annotation": ""}