{"rc-position-target": {"height": 2.382065605419185, "distance": 7.105066251469495, "heading": 76.67494701693812, "wrist_angle": -18.01778868701342, "wrist_rotation": 80.22983024981144, "gripper": 71.38609991785403}, "rc-angle-target": {"0": 166.67494701693812, "1": 84.0, "2": 92.0, "3": 124.0, "4": 80.22983024981144}, "rc-pulse-target": {"0": 2391.0, "1": 1393.0, "2": 1522.0, "3": 1877.0, "4": 1391.0, "5": 1429.2085012321895}, "reward": 0.0, "annotation": ""}