{"rc-position-target": {"height": 2.582065605419185, "distance": 6.905066251469496, "heading": 73.67494701693812, "wrist_angle": -17.5429459215878, "wrist_rotation": 79.29864741919911, "gripper": 61.386099917854025}, "rc-angle-target": {"0": 163.67494701693812, "1": 87.0, "2": 93.0, "3": 123.0, "4": 79.29864741919911}, "rc-pulse-target": {"0": 2358.0, "1": 1426.0, "2": 1533.0, "3": 1866.0, "4": 1381.0, "5": 1579.2085012321895}, "reward": 0.0, "annotation": ""}