{"rc-position-target": {"height": 3.0820656054191855, "distance": 6.405066251469497, "heading": 66.17494701693812, "wrist_angle": -17.5429459215878, "wrist_rotation": 79.29864741919911, "gripper": 36.386099917854025}, "rc-angle-target": {"0": 156.17494701693812, "1": 94.0, "2": 96.0, "3": 119.0, "4": 79.29864741919911}, "rc-pulse-target": {"0": 2275.0, "1": 1504.0, "2": 1566.0, "3": 1822.0, "4": 1381.0, "5": 1954.2085012321895}, "reward": 0.0, "annotation": ""}