{"rc-position-target": {"height": 2.8820656054191853, "distance": 6.605066251469497, "heading": 69.17494701693812, "wrist_angle": -17.5429459215878, "wrist_rotation": 79.29864741919911, "gripper": 46.386099917854025}, "rc-angle-target": {"0": 159.17494701693812, "1": 91.0, "2": 95.0, "3": 121.0, "4": 79.29864741919911}, "rc-pulse-target": {"0": 2308.0, "1": 1471.0, "2": 1555.0, "3": 1844.0, "4": 1381.0, "5": 1804.2085012321895}, "reward": 0.0, "annotation": ""}