{"rc-position-target": {"height": 2.682065605419185, "distance": 6.805066251469496, "heading": 72.17494701693812, "wrist_angle": -17.5429459215878, "wrist_rotation": 79.29864741919911, "gripper": 56.386099917854025}, "rc-angle-target": {"0": 162.17494701693812, "1": 89.0, "2": 94.0, "3": 123.0, "4": 79.29864741919911}, "rc-pulse-target": {"0": 2341.0, "1": 1448.0, "2": 1544.0, "3": 1866.0, "4": 1381.0, "5": 1654.2085012321895}, "reward": 0.0, "annotation": ""}