{"rc-position-target": {"height": 2.282065605419185, "distance": 7.2050662514694945, "heading": 78.17494701693812, "wrist_angle": -19.51778868701342, "wrist_rotation": 80.72983024981144, "gripper": 76.38609991785403}, "rc-angle-target": {"0": 168.17494701693812, "1": 83.0, "2": 91.0, "3": 124.0, "4": 80.72983024981144}, "rc-pulse-target": {"0": 2408.0, "1": 1382.0, "2": 1511.0, "3": 1877.0, "4": 1396.0, "5": 1354.2085012321895}, "reward": 0.0, "annotation": ""}