{"rc-position-target": {"height": 3.2820656054191857, "distance": 6.205066251469498, "heading": 63.17494701693812, "wrist_angle": -17.5429459215878, "wrist_rotation": 79.29864741919911, "gripper": 36.00904539443312}, "rc-angle-target": {"0": 153.17494701693812, "1": 97.0, "2": 97.0, "3": 117.0, "4": 79.29864741919911}, "rc-pulse-target": {"0": 2241.0, "1": 1537.0, "2": 1577.0, "3": 1800.0, "4": 1381.0, "5": 1959.8643190835032}, "reward": 0.0, "annotation": ""}