{"rc-position-target": {"height": 3.782065605419186, "distance": 5.7050662514695, "heading": 55.67494701693812, "wrist_angle": -17.5429459215878, "wrist_rotation": 79.29864741919911, "gripper": 36.00904539443312}, "rc-angle-target": {"0": 145.67494701693812, "1": 104.0, "2": 99.0, "3": 112.0, "4": 79.29864741919911}, "rc-pulse-target": {"0": 2158.0, "1": 1615.0, "2": 1600.0, "3": 1744.0, "4": 1381.0, "5": 1959.8643190835032}, "reward": 0.0, "annotation": ""}