{"rc-position-target": {"height": 3.682065605419186, "distance": 5.8050662514694995, "heading": 57.17494701693812, "wrist_angle": -17.5429459215878, "wrist_rotation": 79.29864741919911, "gripper": 36.00904539443312}, "rc-angle-target": {"0": 147.17494701693812, "1": 103.0, "2": 99.0, "3": 113.0, "4": 79.29864741919911}, "rc-pulse-target": {"0": 2175.0, "1": 1604.0, "2": 1600.0, "3": 1755.0, "4": 1381.0, "5": 1959.8643190835032}, "reward": 0.0, "annotation": ""}