{"rc-position-target": {"height": 3.482065605419186, "distance": 6.005066251469499, "heading": 60.17494701693812, "wrist_angle": -17.5429459215878, "wrist_rotation": 79.29864741919911, "gripper": 36.00904539443312}, "rc-angle-target": {"0": 150.17494701693812, "1": 100.0, "2": 98.0, "3": 115.0, "4": 79.29864741919911}, "rc-pulse-target": {"0": 2208.0, "1": 1571.0, "2": 1588.0, "3": 1777.0, "4": 1381.0, "5": 1959.8643190835032}, "reward": 0.0, "annotation": ""}