{"rc-position-target": {"height": 3.3820656054191858, "distance": 6.105066251469498, "heading": 61.67494701693812, "wrist_angle": -17.5429459215878, "wrist_rotation": 79.29864741919911, "gripper": 36.00904539443312}, "rc-angle-target": {"0": 151.67494701693812, "1": 99.0, "2": 98.0, "3": 116.0, "4": 79.29864741919911}, "rc-pulse-target": {"0": 2225.0, "1": 1560.0, "2": 1588.0, "3": 1788.0, "4": 1381.0, "5": 1959.8643190835032}, "reward": 0.0, "annotation": ""}