{"rc-position-target": {"height": 3.1820656054191856, "distance": 6.305066251469498, "heading": 64.67494701693812, "wrist_angle": -17.5429459215878, "wrist_rotation": 79.29864741919911, "gripper": 36.00904539443312}, "rc-angle-target": {"0": 154.67494701693812, "1": 96.0, "2": 97.0, "3": 118.0, "4": 79.29864741919911}, "rc-pulse-target": {"0": 2258.0, "1": 1526.0, "2": 1577.0, "3": 1811.0, "4": 1381.0, "5": 1959.8643190835032}, "reward": 0.0, "annotation": ""}