{"rc-position-target": {"height": 3.9820656054191863, "distance": 5.505066251469501, "heading": 53.33678857804591, "wrist_angle": -17.5429459215878, "wrist_rotation": 79.29864741919911, "gripper": 36.00904539443312}, "rc-angle-target": {"0": 143.3367885780459, "1": 107.0, "2": 100.0, "3": 110.0, "4": 79.29864741919911}, "rc-pulse-target": {"0": 2132.0, "1": 1648.0, "2": 1611.0, "3": 1722.0, "4": 1381.0, "5": 1959.8643190835032}, "reward": 0.0, "annotation": ""}