{"rc-position-target": {"height": 3.582065605419186, "distance": 5.905066251469499, "heading": 58.67494701693812, "wrist_angle": -17.5429459215878, "wrist_rotation": 79.29864741919911, "gripper": 36.00904539443312}, "rc-angle-target": {"0": 148.67494701693812, "1": 101.0, "2": 98.0, "3": 114.0, "4": 79.29864741919911}, "rc-pulse-target": {"0": 2191.0, "1": 1582.0, "2": 1588.0, "3": 1766.0, "4": 1381.0, "5": 1959.8643190835032}, "reward": 0.0, "annotation": ""}