{"rc-position-target": {"height": 4.630886648560409, "distance": 5.110078842024603, "heading": 50.33678857804591, "wrist_angle": -20.5429459215878, "wrist_rotation": 79.58796729972978, "gripper": 37.129535049389936}, "rc-angle-target": {"0": 140.3367885780459, "1": 112.0, "2": 99.0, "3": 100.0, "4": 79.58796729972978}, "rc-pulse-target": {"0": 2099.0, "1": 1704.0, "2": 1600.0, "3": 1611.0, "4": 1384.0, "5": 1943.056974259151}, "reward": 0.0, "annotation": ""}