{"rc-position-target": {"height": 4.730886648560409, "distance": 5.210078842024602, "heading": 51.83678857804591, "wrist_angle": -19.0429459215878, "wrist_rotation": 79.58796729972978, "gripper": 37.129535049389936}, "rc-angle-target": {"0": 141.8367885780459, "1": 111.0, "2": 97.0, "3": 101.0, "4": 79.58796729972978}, "rc-pulse-target": {"0": 2115.0, "1": 1693.0, "2": 1577.0, "3": 1622.0, "4": 1384.0, "5": 1943.056974259151}, "reward": 0.0, "annotation": ""}