{"rc-position-target": {"height": 4.4820656054191845, "distance": 5.310078842024602, "heading": 53.33678857804591, "wrist_angle": -17.5429459215878, "wrist_rotation": 79.29864741919911, "gripper": 36.00904539443312}, "rc-angle-target": {"0": 143.3367885780459, "1": 110.0, "2": 98.0, "3": 105.0, "4": 79.29864741919911}, "rc-pulse-target": {"0": 2132.0, "1": 1682.0, "2": 1588.0, "3": 1666.0, "4": 1381.0, "5": 1959.8643190835032}, "reward": 0.0, "annotation": ""}