{"rc-position-target": {"height": 3.630886648560411, "distance": 4.110078842024606, "heading": 42.96297185007148, "wrist_angle": -35.5429459215878, "wrist_rotation": 79.58796729972978, "gripper": 37.129535049389936}, "rc-angle-target": {"0": 132.96297185007148, "1": 123.0, "2": 113.0, "3": 89.0, "4": 79.58796729972978}, "rc-pulse-target": {"0": 2017.0, "1": 1826.0, "2": 1755.0, "3": 1488.0, "4": 1384.0, "5": 1943.056974259151}, "reward": 0.0, "annotation": ""}