{"rc-position-target": {"height": 4.43088664856041, "distance": 4.910078842024603, "heading": 47.33678857804591, "wrist_angle": -23.5429459215878, "wrist_rotation": 79.58796729972978, "gripper": 37.129535049389936}, "rc-angle-target": {"0": 137.3367885780459, "1": 114.0, "2": 102.0, "3": 98.0, "4": 79.58796729972978}, "rc-pulse-target": {"0": 2065.0, "1": 1726.0, "2": 1633.0, "3": 1588.0, "4": 1384.0, "5": 1943.056974259151}, "reward": 0.0, "annotation": ""}