{"rc-position-target": {"height": 4.130886648560411, "distance": 4.610078842024604, "heading": 42.96297185007148, "wrist_angle": -28.0429459215878, "wrist_rotation": 79.58796729972978, "gripper": 37.129535049389936}, "rc-angle-target": {"0": 132.96297185007148, "1": 118.0, "2": 106.0, "3": 95.0, "4": 79.58796729972978}, "rc-pulse-target": {"0": 2017.0, "1": 1771.0, "2": 1677.0, "3": 1555.0, "4": 1384.0, "5": 1943.056974259151}, "reward": 0.0, "annotation": ""}