{"rc-position-target": {"height": 3.730886648560411, "distance": 4.210078842024606, "heading": 42.96297185007148, "wrist_angle": -34.0429459215878, "wrist_rotation": 79.58796729972978, "gripper": 37.129535049389936}, "rc-angle-target": {"0": 132.96297185007148, "1": 122.0, "2": 112.0, "3": 90.0, "4": 79.58796729972978}, "rc-pulse-target": {"0": 2017.0, "1": 1815.0, "2": 1744.0, "3": 1500.0, "4": 1384.0, "5": 1943.056974259151}, "reward": 0.0, "annotation": ""}