{"rc-position-target": {"height": 3.830886648560411, "distance": 4.3100788420246054, "heading": 42.96297185007148, "wrist_angle": -32.5429459215878, "wrist_rotation": 79.58796729972978, "gripper": 37.129535049389936}, "rc-angle-target": {"0": 132.96297185007148, "1": 121.0, "2": 110.0, "3": 91.0, "4": 79.58796729972978}, "rc-pulse-target": {"0": 2017.0, "1": 1804.0, "2": 1722.0, "3": 1511.0, "4": 1384.0, "5": 1943.056974259151}, "reward": 0.0, "annotation": ""}