{"rc-position-target": {"height": 4.230886648560411, "distance": 4.710078842024604, "heading": 44.33678857804591, "wrist_angle": -26.5429459215878, "wrist_rotation": 79.58796729972978, "gripper": 37.129535049389936}, "rc-angle-target": {"0": 134.3367885780459, "1": 117.0, "2": 104.0, "3": 96.0, "4": 79.58796729972978}, "rc-pulse-target": {"0": 2032.0, "1": 1760.0, "2": 1655.0, "3": 1566.0, "4": 1384.0, "5": 1943.056974259151}, "reward": 0.0, "annotation": ""}