{"rc-position-target": {"height": 4.030886648560411, "distance": 4.510078842024605, "heading": 42.96297185007148, "wrist_angle": -29.5429459215878, "wrist_rotation": 79.58796729972978, "gripper": 37.129535049389936}, "rc-angle-target": {"0": 132.96297185007148, "1": 119.0, "2": 107.0, "3": 94.0, "4": 79.58796729972978}, "rc-pulse-target": {"0": 2017.0, "1": 1782.0, "2": 1688.0, "3": 1544.0, "4": 1384.0, "5": 1943.056974259151}, "reward": 0.0, "annotation": ""}