{"rc-position-target": {"height": 3.9308866485604113, "distance": 4.410078842024605, "heading": 42.96297185007148, "wrist_angle": -31.0429459215878, "wrist_rotation": 79.58796729972978, "gripper": 37.129535049389936}, "rc-angle-target": {"0": 132.96297185007148, "1": 120.0, "2": 109.0, "3": 93.0, "4": 79.58796729972978}, "rc-pulse-target": {"0": 2017.0, "1": 1793.0, "2": 1711.0, "3": 1533.0, "4": 1384.0, "5": 1943.056974259151}, "reward": 0.0, "annotation": ""}