{"rc-position-target": {"height": 4.33088664856041, "distance": 4.810078842024604, "heading": 45.83678857804591, "wrist_angle": -25.0429459215878, "wrist_rotation": 79.58796729972978, "gripper": 37.129535049389936}, "rc-angle-target": {"0": 135.8367885780459, "1": 115.0, "2": 103.0, "3": 97.0, "4": 79.58796729972978}, "rc-pulse-target": {"0": 2049.0, "1": 1737.0, "2": 1644.0, "3": 1577.0, "4": 1384.0, "5": 1943.056974259151}, "reward": 0.0, "annotation": ""}