{"rc-position-target": {"height": 4.53088664856041, "distance": 5.010078842024603, "heading": 48.83678857804591, "wrist_angle": -22.0429459215878, "wrist_rotation": 79.58796729972978, "gripper": 37.129535049389936}, "rc-angle-target": {"0": 138.8367885780459, "1": 113.0, "2": 100.0, "3": 99.0, "4": 79.58796729972978}, "rc-pulse-target": {"0": 2082.0, "1": 1715.0, "2": 1611.0, "3": 1600.0, "4": 1384.0, "5": 1943.056974259151}, "reward": 0.0, "annotation": ""}