{"rc-position-target": {"height": 3.2308866485604106, "distance": 3.7100788420246062, "heading": 42.96297185007148, "wrist_angle": -41.5429459215878, "wrist_rotation": 79.58796729972978, "gripper": 37.129535049389936}, "rc-angle-target": {"0": 132.96297185007148, "1": 128.0, "2": 119.0, "3": 84.0, "4": 79.58796729972978}, "rc-pulse-target": {"0": 2017.0, "1": 1882.0, "2": 1822.0, "3": 1433.0, "4": 1384.0, "5": 1943.056974259151}, "reward": 0.0, "annotation": ""}