{"rc-position-target": {"height": 2.9308866485604104, "distance": 3.410078842024606, "heading": 42.96297185007148, "wrist_angle": -46.0429459215878, "wrist_rotation": 79.58796729972978, "gripper": 37.129535049389936}, "rc-angle-target": {"0": 132.96297185007148, "1": 131.0, "2": 123.0, "3": 80.0, "4": 79.58796729972978}, "rc-pulse-target": {"0": 2017.0, "1": 1915.0, "2": 1866.0, "3": 1388.0, "4": 1384.0, "5": 1943.056974259151}, "reward": 0.0, "annotation": ""}