{"rc-position-target": {"height": 3.430886648560411, "distance": 3.9100788420246064, "heading": 42.96297185007148, "wrist_angle": -38.5429459215878, "wrist_rotation": 79.58796729972978, "gripper": 37.129535049389936}, "rc-angle-target": {"0": 132.96297185007148, "1": 125.0, "2": 116.0, "3": 87.0, "4": 79.58796729972978}, "rc-pulse-target": {"0": 2017.0, "1": 1848.0, "2": 1788.0, "3": 1466.0, "4": 1384.0, "5": 1943.056974259151}, "reward": 0.0, "annotation": ""}