{"rc-position-target": {"height": 3.3308866485604107, "distance": 3.8100788420246063, "heading": 42.96297185007148, "wrist_angle": -40.0429459215878, "wrist_rotation": 79.58796729972978, "gripper": 37.129535049389936}, "rc-angle-target": {"0": 132.96297185007148, "1": 126.0, "2": 117.0, "3": 85.0, "4": 79.58796729972978}, "rc-pulse-target": {"0": 2017.0, "1": 1860.0, "2": 1800.0, "3": 1444.0, "4": 1384.0, "5": 1943.056974259151}, "reward": 0.0, "annotation": ""}