{"rc-position-target": {"height": 3.530886648560411, "distance": 4.0100788420246065, "heading": 42.96297185007148, "wrist_angle": -37.0429459215878, "wrist_rotation": 79.58796729972978, "gripper": 37.129535049389936}, "rc-angle-target": {"0": 132.96297185007148, "1": 124.0, "2": 114.0, "3": 88.0, "4": 79.58796729972978}, "rc-pulse-target": {"0": 2017.0, "1": 1837.0, "2": 1766.0, "3": 1477.0, "4": 1384.0, "5": 1943.056974259151}, "reward": 0.0, "annotation": ""}