{"rc-position-target": {"height": 3.0308866485604105, "distance": 3.510078842024606, "heading": 42.96297185007148, "wrist_angle": -44.5429459215878, "wrist_rotation": 79.58796729972978, "gripper": 37.129535049389936}, "rc-angle-target": {"0": 132.96297185007148, "1": 130.0, "2": 122.0, "3": 81.0, "4": 79.58796729972978}, "rc-pulse-target": {"0": 2017.0, "1": 1904.0, "2": 1855.0, "3": 1400.0, "4": 1384.0, "5": 1943.056974259151}, "reward": 0.0, "annotation": ""}