{"rc-position-target": {"height": 2.6892959236029617, "distance": 3.374540619044993, "heading": 41.46297185007148, "wrist_angle": -66.8647900289384, "wrist_rotation": 80.08796729972978, "gripper": 32.129535049389936}, "rc-angle-target": {"0": 131.46297185007148, "1": 131.0, "2": 125.0, "3": 61.0, "4": 80.08796729972978}, "rc-pulse-target": {"0": 2000.0, "1": 1915.0, "2": 1888.0, "3": 1177.0, "4": 1389.0, "5": 2018.0569742591508}, "reward": 0.0, "annotation": ""}