{"rc-position-target": {"height": 2.4513002874918914, "distance": 3.6745406190449934, "heading": 36.96297185007148, "wrist_angle": -62.3647900289384, "wrist_rotation": 81.58796729972978, "gripper": 17.29668737482034}, "rc-angle-target": {"0": 126.96297185007148, "1": 125.0, "2": 124.0, "3": 71.0, "4": 81.58796729972978}, "rc-pulse-target": {"0": 1950.0, "1": 1848.0, "2": 1877.0, "3": 1288.0, "4": 1406.0, "5": 2240.549689377695}, "reward": 0.0, "annotation": ""}