{"rc-position-target": {"height": 2.5892959236029616, "distance": 3.4745406190449932, "heading": 39.96297185007148, "wrist_angle": -65.3647900289384, "wrist_rotation": 80.58796729972978, "gripper": 27.129535049389936}, "rc-angle-target": {"0": 129.96297185007148, "1": 129.0, "2": 125.0, "3": 65.0, "4": 80.58796729972978}, "rc-pulse-target": {"0": 1984.0, "1": 1893.0, "2": 1888.0, "3": 1222.0, "4": 1395.0, "5": 2093.0569742591506}, "reward": 0.0, "annotation": ""}