{"rc-position-target": {"height": 2.4513002874918914, "distance": 3.9745406190449937, "heading": 32.46297185007148, "wrist_angle": -57.8647900289384, "wrist_rotation": 83.08796729972978, "gripper": 17.29668737482034}, "rc-angle-target": {"0": 122.46297185007148, "1": 121.0, "2": 121.0, "3": 77.0, "4": 83.08796729972978}, "rc-pulse-target": {"0": 1900.0, "1": 1804.0, "2": 1844.0, "3": 1355.0, "4": 1423.0, "5": 2240.549689377695}, "reward": 0.0, "annotation": ""}