{"rc-position-target": {"height": 2.7892959236029617, "distance": 3.274540619044993, "heading": 42.96297185007148, "wrist_angle": -67.0429459215878, "wrist_rotation": 79.58796729972978, "gripper": 37.129535049389936}, "rc-angle-target": {"0": 132.96297185007148, "1": 133.0, "2": 125.0, "3": 59.0, "4": 79.58796729972978}, "rc-pulse-target": {"0": 2017.0, "1": 1937.0, "2": 1888.0, "3": 1155.0, "4": 1384.0, "5": 1943.056974259151}, "reward": 0.0, "annotation": ""}