{"rc-position-target": {"height": 2.4513002874918914, "distance": 3.7745406190449935, "heading": 35.46297185007148, "wrist_angle": -60.8647900289384, "wrist_rotation": 82.08796729972978, "gripper": 17.29668737482034}, "rc-angle-target": {"0": 125.46297185007148, "1": 124.0, "2": 123.0, "3": 73.0, "4": 82.08796729972978}, "rc-pulse-target": {"0": 1934.0, "1": 1837.0, "2": 1866.0, "3": 1311.0, "4": 1412.0, "5": 2240.549689377695}, "reward": 0.0, "annotation": ""}