{"rc-position-target": {"height": 2.4892959236029615, "distance": 3.5745406190449933, "heading": 38.46297185007148, "wrist_angle": -63.8647900289384, "wrist_rotation": 81.08796729972978, "gripper": 22.129535049389936}, "rc-angle-target": {"0": 128.46297185007148, "1": 127.0, "2": 124.0, "3": 68.0, "4": 81.08796729972978}, "rc-pulse-target": {"0": 1967.0, "1": 1871.0, "2": 1877.0, "3": 1255.0, "4": 1400.0, "5": 2168.0569742591506}, "reward": 0.0, "annotation": ""}