{"rc-position-target": {"height": 2.4513002874918914, "distance": 3.8745406190449936, "heading": 33.96297185007148, "wrist_angle": -59.3647900289384, "wrist_rotation": 82.58796729972978, "gripper": 17.29668737482034}, "rc-angle-target": {"0": 123.96297185007148, "1": 122.0, "2": 122.0, "3": 75.0, "4": 82.58796729972978}, "rc-pulse-target": {"0": 1917.0, "1": 1815.0, "2": 1855.0, "3": 1333.0, "4": 1417.0, "5": 2240.549689377695}, "reward": 0.0, "annotation": ""}