{"rc-position-target": {"height": 2.4513002874918914, "distance": 4.074540619044994, "heading": 30.962971850071483, "wrist_angle": -56.3647900289384, "wrist_rotation": 83.58796729972978, "gripper": 17.29668737482034}, "rc-angle-target": {"0": 120.96297185007148, "1": 119.0, "2": 120.0, "3": 79.0, "4": 83.58796729972978}, "rc-pulse-target": {"0": 1884.0, "1": 1782.0, "2": 1833.0, "3": 1377.0, "4": 1428.0, "5": 2240.549689377695}, "reward": 0.0, "annotation": ""}