{"rc-position-target": {"height": 2.4513002874918914, "distance": 4.574540619044992, "heading": 23.462971850071483, "wrist_angle": -48.8647900289384, "wrist_rotation": 84.67669891071986, "gripper": 17.29668737482034}, "rc-angle-target": {"0": 113.46297185007148, "1": 112.0, "2": 116.0, "3": 89.0, "4": 84.67669891071986}, "rc-pulse-target": {"0": 1800.0, "1": 1704.0, "2": 1788.0, "3": 1488.0, "4": 1440.0, "5": 2240.549689377695}, "reward": 0.0, "annotation": ""}