{"rc-position-target": {"height": 2.4513002874918914, "distance": 4.774540619044991, "heading": 20.462971850071483, "wrist_angle": -45.8647900289384, "wrist_rotation": 84.67669891071986, "gripper": 17.29668737482034}, "rc-angle-target": {"0": 110.46297185007148, "1": 110.0, "2": 114.0, "3": 93.0, "4": 84.67669891071986}, "rc-pulse-target": {"0": 1767.0, "1": 1682.0, "2": 1766.0, "3": 1533.0, "4": 1440.0, "5": 2240.549689377695}, "reward": 0.0, "annotation": ""}