{"rc-position-target": {"height": 2.4513002874918914, "distance": 4.274540619044993, "heading": 27.962971850071483, "wrist_angle": -53.3647900289384, "wrist_rotation": 84.58796729972978, "gripper": 17.29668737482034}, "rc-angle-target": {"0": 117.96297185007148, "1": 116.0, "2": 119.0, "3": 83.0, "4": 84.58796729972978}, "rc-pulse-target": {"0": 1850.0, "1": 1748.0, "2": 1822.0, "3": 1422.0, "4": 1439.0, "5": 2240.549689377695}, "reward": 0.0, "annotation": ""}