{"rc-position-target": {"height": 2.4513002874918914, "distance": 4.474540619044992, "heading": 24.962971850071483, "wrist_angle": -50.3647900289384, "wrist_rotation": 84.67669891071986, "gripper": 17.29668737482034}, "rc-angle-target": {"0": 114.96297185007148, "1": 114.0, "2": 117.0, "3": 87.0, "4": 84.67669891071986}, "rc-pulse-target": {"0": 1817.0, "1": 1726.0, "2": 1800.0, "3": 1466.0, "4": 1440.0, "5": 2240.549689377695}, "reward": 0.0, "annotation": ""}