{"rc-position-target": {"height": 2.4513002874918914, "distance": 4.174540619044993, "heading": 29.462971850071483, "wrist_angle": -54.8647900289384, "wrist_rotation": 84.08796729972978, "gripper": 17.29668737482034}, "rc-angle-target": {"0": 119.46297185007148, "1": 118.0, "2": 120.0, "3": 81.0, "4": 84.08796729972978}, "rc-pulse-target": {"0": 1867.0, "1": 1771.0, "2": 1833.0, "3": 1400.0, "4": 1434.0, "5": 2240.549689377695}, "reward": 0.0, "annotation": ""}