{"rc-position-target": {"height": 2.4513002874918914, "distance": 4.374540619044993, "heading": 26.462971850071483, "wrist_angle": -51.8647900289384, "wrist_rotation": 84.67669891071986, "gripper": 17.29668737482034}, "rc-angle-target": {"0": 116.46297185007148, "1": 115.0, "2": 118.0, "3": 85.0, "4": 84.67669891071986}, "rc-pulse-target": {"0": 1834.0, "1": 1737.0, "2": 1811.0, "3": 1444.0, "4": 1440.0, "5": 2240.549689377695}, "reward": 0.0, "annotation": ""}