{"rc-position-target": {"height": 2.4513002874918914, "distance": 4.674540619044992, "heading": 21.962971850071483, "wrist_angle": -47.3647900289384, "wrist_rotation": 84.67669891071986, "gripper": 17.29668737482034}, "rc-angle-target": {"0": 111.96297185007148, "1": 111.0, "2": 115.0, "3": 91.0, "4": 84.67669891071986}, "rc-pulse-target": {"0": 1784.0, "1": 1693.0, "2": 1777.0, "3": 1511.0, "4": 1440.0, "5": 2240.549689377695}, "reward": 0.0, "annotation": ""}