{"rc-position-target": {"height": 2.4513002874918914, "distance": 4.783590259614293, "heading": 14.462971850071483, "wrist_angle": -39.8647900289384, "wrist_rotation": 84.67669891071986, "gripper": 17.29668737482034}, "rc-angle-target": {"0": 104.46297185007148, "1": 110.0, "2": 114.0, "3": 99.0, "4": 84.67669891071986}, "rc-pulse-target": {"0": 1700.0, "1": 1682.0, "2": 1766.0, "3": 1600.0, "4": 1440.0, "5": 2240.549689377695}, "reward": 0.0, "annotation": ""}