{"rc-position-target": {"height": 4.765645153301127, "distance": 5.499999999999998, "heading": 7.432381918306902, "wrist_angle": -37.5, "wrist_rotation": 77.5, "gripper": 75.0}, "rc-angle-target": {"0": 97.4323819183069, "1": 108.0, "2": 94.0, "3": 83.0, "4": 77.5}, "rc-pulse-target": {"0": 1622.0, "1": 1660.0, "2": 1544.0, "3": 1422.0, "4": 1361.0, "5": 1375.0}, "reward": 0.0, "annotation": ""}