{"rc-position-target": {"height": 4.765645153301127, "distance": 5.599999999999998, "heading": 7.432381918306902, "wrist_angle": -36.0, "wrist_rotation": 78.0, "gripper": 70.0}, "rc-angle-target": {"0": 97.4323819183069, "1": 107.0, "2": 94.0, "3": 85.0, "4": 78.0}, "rc-pulse-target": {"0": 1622.0, "1": 1648.0, "2": 1544.0, "3": 1444.0, "4": 1366.0, "5": 1450.0}, "reward": 0.0, "annotation": ""}