{"rc-position-target": {"height": 4.765645153301127, "distance": 5.399999999999999, "heading": 6.0, "wrist_angle": -39.0, "wrist_rotation": 77.0, "gripper": 80.0}, "rc-angle-target": {"0": 96.0, "1": 109.0, "2": 95.0, "3": 82.0, "4": 77.0}, "rc-pulse-target": {"0": 1606.0, "1": 1671.0, "2": 1555.0, "3": 1411.0, "4": 1355.0, "5": 1300.0}, "reward": 0.0, "annotation": ""}