{"rc-position-target": {"height": 4.765645153301127, "distance": 5.799999999999997, "heading": 7.432381918306902, "wrist_angle": -33.0, "wrist_rotation": 79.0, "gripper": 60.0}, "rc-angle-target": {"0": 97.4323819183069, "1": 105.0, "2": 92.0, "3": 89.0, "4": 79.0}, "rc-pulse-target": {"0": 1622.0, "1": 1626.0, "2": 1522.0, "3": 1488.0, "4": 1377.0, "5": 1600.0}, "reward": 0.0, "annotation": ""}