{"rc-position-target": {"height": 4.765645153301127, "distance": 5.899999999999997, "heading": 7.432381918306902, "wrist_angle": -31.5, "wrist_rotation": 79.5, "gripper": 55.0}, "rc-angle-target": {"0": 97.4323819183069, "1": 104.0, "2": 91.0, "3": 90.0, "4": 79.5}, "rc-pulse-target": {"0": 1622.0, "1": 1615.0, "2": 1511.0, "3": 1500.0, "4": 1383.0, "5": 1675.0}, "reward": 0.0, "annotation": ""}