{"rc-position-target": {"height": 4.765645153301127, "distance": 5.6999999999999975, "heading": 7.432381918306902, "wrist_angle": -34.5, "wrist_rotation": 78.5, "gripper": 65.0}, "rc-angle-target": {"0": 97.4323819183069, "1": 106.0, "2": 93.0, "3": 87.0, "4": 78.5}, "rc-pulse-target": {"0": 1622.0, "1": 1637.0, "2": 1533.0, "3": 1466.0, "4": 1372.0, "5": 1525.0}, "reward": 0.0, "annotation": ""}