{"rc-position-target": {"height": 4.765645153301127, "distance": 6.399999999999995, "heading": 7.432381918306902, "wrist_angle": -24.0, "wrist_rotation": 82.0, "gripper": 38.287634802415006}, "rc-angle-target": {"0": 97.4323819183069, "1": 99.0, "2": 87.0, "3": 99.0, "4": 82.0}, "rc-pulse-target": {"0": 1622.0, "1": 1560.0, "2": 1466.0, "3": 1600.0, "4": 1411.0, "5": 1925.685477963775}, "reward": 0.0, "annotation": ""}