{"rc-position-target": {"height": 4.765645153301127, "distance": 6.799999999999994, "heading": 7.432381918306902, "wrist_angle": -18.0, "wrist_rotation": 84.0, "gripper": 38.287634802415006}, "rc-angle-target": {"0": 97.4323819183069, "1": 95.0, "2": 83.0, "3": 105.0, "4": 84.0}, "rc-pulse-target": {"0": 1622.0, "1": 1515.0, "2": 1422.0, "3": 1666.0, "4": 1433.0, "5": 1925.685477963775}, "reward": 0.0, "annotation": ""}