{"rc-position-target": {"height": 4.765645153301127, "distance": 6.699999999999994, "heading": 7.432381918306902, "wrist_angle": -19.5, "wrist_rotation": 83.5, "gripper": 38.287634802415006}, "rc-angle-target": {"0": 97.4323819183069, "1": 96.0, "2": 84.0, "3": 103.0, "4": 83.5}, "rc-pulse-target": {"0": 1622.0, "1": 1526.0, "2": 1433.0, "3": 1644.0, "4": 1427.0, "5": 1925.685477963775}, "reward": 0.0, "annotation": ""}