{"rc-position-target": {"height": 4.765645153301127, "distance": 6.599999999999994, "heading": 7.432381918306902, "wrist_angle": -21.0, "wrist_rotation": 83.0, "gripper": 38.287634802415006}, "rc-angle-target": {"0": 97.4323819183069, "1": 97.0, "2": 85.0, "3": 102.0, "4": 83.0}, "rc-pulse-target": {"0": 1622.0, "1": 1537.0, "2": 1444.0, "3": 1633.0, "4": 1422.0, "5": 1925.685477963775}, "reward": 0.0, "annotation": ""}