{"rc-position-target": {"height": 4.765645153301127, "distance": 6.199999999999996, "heading": 7.432381918306902, "wrist_angle": -27.0, "wrist_rotation": 81.0, "gripper": 40.0}, "rc-angle-target": {"0": 97.4323819183069, "1": 101.0, "2": 89.0, "3": 95.0, "4": 81.0}, "rc-pulse-target": {"0": 1622.0, "1": 1582.0, "2": 1488.0, "3": 1555.0, "4": 1400.0, "5": 1900.0}, "reward": 0.0, "annotation": ""}