{"rc-position-target": {"height": 4.765645153301127, "distance": 6.899999999999993, "heading": 7.432381918306902, "wrist_angle": -16.5, "wrist_rotation": 84.5, "gripper": 38.287634802415006}, "rc-angle-target": {"0": 97.4323819183069, "1": 94.0, "2": 82.0, "3": 107.0, "4": 84.5}, "rc-pulse-target": {"0": 1622.0, "1": 1504.0, "2": 1411.0, "3": 1688.0, "4": 1438.0, "5": 1925.685477963775}, "reward": 0.0, "annotation": ""}