{"rc-position-target": {"height": 4.765645153301127, "distance": 6.299999999999995, "heading": 7.432381918306902, "wrist_angle": -25.5, "wrist_rotation": 81.5, "gripper": 38.287634802415006}, "rc-angle-target": {"0": 97.4323819183069, "1": 100.0, "2": 88.0, "3": 97.0, "4": 81.5}, "rc-pulse-target": {"0": 1622.0, "1": 1571.0, "2": 1477.0, "3": 1577.0, "4": 1405.0, "5": 1925.685477963775}, "reward": 0.0, "annotation": ""}