{"rc-position-target": {"height": 4.765645153301127, "distance": 6.099999999999996, "heading": 7.432381918306902, "wrist_angle": -28.5, "wrist_rotation": 80.5, "gripper": 45.0}, "rc-angle-target": {"0": 97.4323819183069, "1": 102.0, "2": 89.0, "3": 94.0, "4": 80.5}, "rc-pulse-target": {"0": 1622.0, "1": 1593.0, "2": 1488.0, "3": 1544.0, "4": 1394.0, "5": 1825.0}, "reward": 0.0, "annotation": ""}