{"rc-position-target": {"height": 4.765645153301127, "distance": 6.999999999999993, "heading": 7.432381918306902, "wrist_angle": -15.0, "wrist_rotation": 85.0, "gripper": 38.287634802415006}, "rc-angle-target": {"0": 97.4323819183069, "1": 93.0, "2": 81.0, "3": 108.0, "4": 85.0}, "rc-pulse-target": {"0": 1622.0, "1": 1493.0, "2": 1400.0, "3": 1700.0, "4": 1444.0, "5": 1925.685477963775}, "reward": 0.0, "annotation": ""}