{"rc-position-target": {"height": 4.765645153301127, "distance": 7.3999999999999915, "heading": 7.432381918306902, "wrist_angle": -9.0, "wrist_rotation": 87.0, "gripper": 38.287634802415006}, "rc-angle-target": {"0": 97.4323819183069, "1": 89.0, "2": 77.0, "3": 114.0, "4": 87.0}, "rc-pulse-target": {"0": 1622.0, "1": 1448.0, "2": 1355.0, "3": 1766.0, "4": 1466.0, "5": 1925.685477963775}, "reward": 0.0, "annotation": ""}