{"rc-position-target": {"height": 4.765645153301127, "distance": 7.528829880354353, "heading": 7.432381918306902, "wrist_angle": -8.368020570536515, "wrist_rotation": 89.42699986218976, "gripper": 38.287634802415006}, "rc-angle-target": {"0": 97.4323819183069, "1": 87.0, "2": 76.0, "3": 115.0, "4": 89.42699986218976}, "rc-pulse-target": {"0": 1622.0, "1": 1426.0, "2": 1344.0, "3": 1777.0, "4": 1493.0, "5": 1925.685477963775}, "reward": 0.0, "annotation": ""}