{"rc-position-target": {"height": 4.765645153301127, "distance": 7.199999999999992, "heading": 7.432381918306902, "wrist_angle": -12.0, "wrist_rotation": 86.0, "gripper": 38.287634802415006}, "rc-angle-target": {"0": 97.4323819183069, "1": 91.0, "2": 79.0, "3": 111.0, "4": 86.0}, "rc-pulse-target": {"0": 1622.0, "1": 1471.0, "2": 1377.0, "3": 1733.0, "4": 1455.0, "5": 1925.685477963775}, "reward": 0.0, "annotation": ""}