{"rc-position-target": {"height": 4.765645153301127, "distance": 7.299999999999992, "heading": 7.432381918306902, "wrist_angle": -10.5, "wrist_rotation": 86.5, "gripper": 38.287634802415006}, "rc-angle-target": {"0": 97.4323819183069, "1": 90.0, "2": 78.0, "3": 113.0, "4": 86.5}, "rc-pulse-target": {"0": 1622.0, "1": 1460.0, "2": 1366.0, "3": 1755.0, "4": 1461.0, "5": 1925.685477963775}, "reward": 0.0, "annotation": ""}