{"rc-position-target": {"height": 4.765645153301127, "distance": 7.0999999999999925, "heading": 7.432381918306902, "wrist_angle": -13.5, "wrist_rotation": 85.5, "gripper": 38.287634802415006}, "rc-angle-target": {"0": 97.4323819183069, "1": 92.0, "2": 80.0, "3": 110.0, "4": 85.5}, "rc-pulse-target": {"0": 1622.0, "1": 1482.0, "2": 1388.0, "3": 1722.0, "4": 1450.0, "5": 1925.685477963775}, "reward": 0.0, "annotation": ""}