{"rc-position-target": {"height": 4.165645153301129, "distance": 7.397845099148425, "heading": 16.432381918306902, "wrist_angle": -17.368020570536515, "wrist_rotation": 86.42699986218976, "gripper": 65.08162871270441}, "rc-angle-target": {"0": 106.4323819183069, "1": 88.0, "2": 81.0, "3": 111.0, "4": 86.42699986218976}, "rc-pulse-target": {"0": 1722.0, "1": 1437.0, "2": 1400.0, "3": 1733.0, "4": 1460.0, "5": 1523.7755693094336}, "reward": 0.0, "annotation": ""}