{"rc-position-target": {"height": 4.365645153301128, "distance": 7.397845099148425, "heading": 13.432381918306902, "wrist_angle": -14.368020570536515, "wrist_rotation": 87.42699986218976, "gripper": 58.287634802415006}, "rc-angle-target": {"0": 103.4323819183069, "1": 88.0, "2": 80.0, "3": 112.0, "4": 87.42699986218976}, "rc-pulse-target": {"0": 1689.0, "1": 1437.0, "2": 1388.0, "3": 1744.0, "4": 1471.0, "5": 1625.685477963775}, "reward": 0.0, "annotation": ""}