{"rc-position-target": {"height": 3.865645153301129, "distance": 7.397845099148425, "heading": 20.932381918306902, "wrist_angle": -21.868020570536515, "wrist_rotation": 84.92699986218976, "gripper": 65.08162871270441}, "rc-angle-target": {"0": 110.9323819183069, "1": 87.0, "2": 83.0, "3": 108.0, "4": 84.92699986218976}, "rc-pulse-target": {"0": 1772.0, "1": 1426.0, "2": 1422.0, "3": 1700.0, "4": 1443.0, "5": 1523.7755693094336}, "reward": 0.0, "annotation": ""}