{"rc-position-target": {"height": 4.665645153301127, "distance": 7.428829880354353, "heading": 8.932381918306902, "wrist_angle": -9.868020570536515, "wrist_rotation": 88.92699986218976, "gripper": 43.287634802415006}, "rc-angle-target": {"0": 98.9323819183069, "1": 88.0, "2": 78.0, "3": 114.0, "4": 88.92699986218976}, "rc-pulse-target": {"0": 1639.0, "1": 1437.0, "2": 1366.0, "3": 1766.0, "4": 1488.0, "5": 1850.685477963775}, "reward": 0.0, "annotation": ""}