{"rc-position-target": {"height": 4.565645153301127, "distance": 7.397845099148425, "heading": 10.432381918306902, "wrist_angle": -11.368020570536515, "wrist_rotation": 88.42699986218976, "gripper": 48.287634802415006}, "rc-angle-target": {"0": 100.4323819183069, "1": 88.0, "2": 79.0, "3": 113.0, "4": 88.42699986218976}, "rc-pulse-target": {"0": 1655.0, "1": 1437.0, "2": 1377.0, "3": 1755.0, "4": 1482.0, "5": 1775.685477963775}, "reward": 0.0, "annotation": ""}