{"rc-position-target": {"height": 4.465645153301128, "distance": 7.397845099148425, "heading": 11.932381918306902, "wrist_angle": -12.868020570536515, "wrist_rotation": 87.92699986218976, "gripper": 53.287634802415006}, "rc-angle-target": {"0": 101.9323819183069, "1": 88.0, "2": 79.0, "3": 113.0, "4": 87.92699986218976}, "rc-pulse-target": {"0": 1672.0, "1": 1437.0, "2": 1377.0, "3": 1755.0, "4": 1476.0, "5": 1700.685477963775}, "reward": 0.0, "annotation": ""}