{"rc-position-target": {"height": 3.965645153301129, "distance": 7.397845099148425, "heading": 19.432381918306902, "wrist_angle": -20.368020570536515, "wrist_rotation": 85.42699986218976, "gripper": 65.08162871270441}, "rc-angle-target": {"0": 109.4323819183069, "1": 87.0, "2": 82.0, "3": 109.0, "4": 85.42699986218976}, "rc-pulse-target": {"0": 1755.0, "1": 1426.0, "2": 1411.0, "3": 1711.0, "4": 1449.0, "5": 1523.7755693094336}, "reward": 0.0, "annotation": ""}