{"rc-position-target": {"height": 4.065645153301129, "distance": 7.397845099148425, "heading": 17.932381918306902, "wrist_angle": -18.868020570536515, "wrist_rotation": 85.92699986218976, "gripper": 65.08162871270441}, "rc-angle-target": {"0": 107.9323819183069, "1": 87.0, "2": 82.0, "3": 110.0, "4": 85.92699986218976}, "rc-pulse-target": {"0": 1739.0, "1": 1426.0, "2": 1411.0, "3": 1722.0, "4": 1454.0, "5": 1523.7755693094336}, "reward": 0.0, "annotation": ""}