{"rc-position-target": {"height": 4.265645153301128, "distance": 7.397845099148425, "heading": 14.932381918306902, "wrist_angle": -15.868020570536515, "wrist_rotation": 86.92699986218976, "gripper": 63.287634802415006}, "rc-angle-target": {"0": 104.9323819183069, "1": 88.0, "2": 80.0, "3": 111.0, "4": 86.92699986218976}, "rc-pulse-target": {"0": 1705.0, "1": 1437.0, "2": 1388.0, "3": 1733.0, "4": 1465.0, "5": 1550.685477963775}, "reward": 0.0, "annotation": ""}