{"rc-position-target": {"height": 3.2656451533011284, "distance": 7.397845099148425, "heading": 26.716247390310173, "wrist_angle": -30.868020570536515, "wrist_rotation": 81.92699986218976, "gripper": 65.08162871270441}, "rc-angle-target": {"0": 116.71624739031017, "1": 85.0, "2": 86.0, "3": 104.0, "4": 81.92699986218976}, "rc-pulse-target": {"0": 1836.0, "1": 1404.0, "2": 1455.0, "3": 1655.0, "4": 1410.0, "5": 1523.7755693094336}, "reward": 0.0, "annotation": ""}