{"rc-position-target": {"height": 3.5656451533011286, "distance": 7.397845099148425, "heading": 25.432381918306902, "wrist_angle": -26.368020570536515, "wrist_rotation": 83.42699986218976, "gripper": 65.08162871270441}, "rc-angle-target": {"0": 115.4323819183069, "1": 86.0, "2": 84.0, "3": 106.0, "4": 83.42699986218976}, "rc-pulse-target": {"0": 1822.0, "1": 1415.0, "2": 1433.0, "3": 1677.0, "4": 1426.0, "5": 1523.7755693094336}, "reward": 0.0, "annotation": ""}