{"rc-position-target": {"height": 3.6656451533011287, "distance": 7.397845099148425, "heading": 23.932381918306902, "wrist_angle": -24.868020570536515, "wrist_rotation": 83.92699986218976, "gripper": 65.08162871270441}, "rc-angle-target": {"0": 113.9323819183069, "1": 86.0, "2": 84.0, "3": 107.0, "4": 83.92699986218976}, "rc-pulse-target": {"0": 1805.0, "1": 1415.0, "2": 1433.0, "3": 1688.0, "4": 1432.0, "5": 1523.7755693094336}, "reward": 0.0, "annotation": ""}