{"rc-position-target": {"height": 3.4656451533011285, "distance": 7.397845099148425, "heading": 26.716247390310173, "wrist_angle": -27.868020570536515, "wrist_rotation": 82.92699986218976, "gripper": 65.08162871270441}, "rc-angle-target": {"0": 116.71624739031017, "1": 86.0, "2": 85.0, "3": 106.0, "4": 82.92699986218976}, "rc-pulse-target": {"0": 1836.0, "1": 1415.0, "2": 1444.0, "3": 1677.0, "4": 1421.0, "5": 1523.7755693094336}, "reward": 0.0, "annotation": ""}