{"rc-position-target": {"height": 3.392992681216903, "distance": 6.997845099148426, "heading": 20.716247390310173, "wrist_angle": -67.96158271599919, "wrist_rotation": 77.61274808128098, "gripper": 73.35473439254106}, "rc-angle-target": {"0": 110.71624739031017, "1": 89.0, "2": 89.0, "3": 66.0, "4": 77.61274808128098}, "rc-pulse-target": {"0": 1770.0, "1": 1448.0, "2": 1488.0, "3": 1233.0, "4": 1362.0, "5": 1399.6789841118841}, "reward": 0.0, "annotation": ""}