{"rc-position-target": {"height": 3.2756091667662393, "distance": 7.1978450991484255, "heading": 23.716247390310173, "wrist_angle": -67.96158271599919, "wrist_rotation": 76.61274808128098, "gripper": 73.35473439254106}, "rc-angle-target": {"0": 113.71624739031017, "1": 87.0, "2": 88.0, "3": 67.0, "4": 76.61274808128098}, "rc-pulse-target": {"0": 1803.0, "1": 1426.0, "2": 1477.0, "3": 1244.0, "4": 1351.0, "5": 1399.6789841118841}, "reward": 0.0, "annotation": ""}