{"rc-position-target": {"height": 3.3756091667662393, "distance": 7.097845099148426, "heading": 22.216247390310173, "wrist_angle": -67.96158271599919, "wrist_rotation": 77.11274808128098, "gripper": 73.35473439254106}, "rc-angle-target": {"0": 112.21624739031017, "1": 88.0, "2": 88.0, "3": 66.0, "4": 77.11274808128098}, "rc-pulse-target": {"0": 1786.0, "1": 1437.0, "2": 1477.0, "3": 1233.0, "4": 1356.0, "5": 1399.6789841118841}, "reward": 0.0, "annotation": ""}