{"rc-position-target": {"height": 3.392992681216903, "distance": 6.797845099148427, "heading": 17.716247390310173, "wrist_angle": -67.96158271599919, "wrist_rotation": 78.61274808128098, "gripper": 73.35473439254106}, "rc-angle-target": {"0": 107.71624739031017, "1": 91.0, "2": 91.0, "3": 66.0, "4": 78.61274808128098}, "rc-pulse-target": {"0": 1736.0, "1": 1471.0, "2": 1511.0, "3": 1233.0, "4": 1373.0, "5": 1399.6789841118841}, "reward": 0.0, "annotation": ""}