{"rc-position-target": {"height": 3.392992681216903, "distance": 6.897845099148427, "heading": 19.216247390310173, "wrist_angle": -67.96158271599919, "wrist_rotation": 78.11274808128098, "gripper": 73.35473439254106}, "rc-angle-target": {"0": 109.21624739031017, "1": 90.0, "2": 90.0, "3": 66.0, "4": 78.11274808128098}, "rc-pulse-target": {"0": 1753.0, "1": 1460.0, "2": 1500.0, "3": 1233.0, "4": 1367.0, "5": 1399.6789841118841}, "reward": 0.0, "annotation": ""}