{"rc-position-target": {"height": 3.392992681216903, "distance": 6.397845099148428, "heading": 11.716247390310173, "wrist_angle": -67.96158271599919, "wrist_rotation": 78.78846126799438, "gripper": 73.35473439254106}, "rc-angle-target": {"0": 101.71624739031017, "1": 95.0, "2": 95.0, "3": 66.0, "4": 78.78846126799438}, "rc-pulse-target": {"0": 1670.0, "1": 1515.0, "2": 1555.0, "3": 1233.0, "4": 1375.0, "5": 1399.6789841118841}, "reward": 0.0, "annotation": ""}