{"rc-position-target": {"height": 3.175609166766239, "distance": 7.297845099148425, "heading": 25.216247390310173, "wrist_angle": -67.96158271599919, "wrist_rotation": 76.11274808128098, "gripper": 70.08162871270441}, "rc-angle-target": {"0": 115.21624739031017, "1": 86.0, "2": 87.0, "3": 68.0, "4": 76.11274808128098}, "rc-pulse-target": {"0": 1820.0, "1": 1415.0, "2": 1466.0, "3": 1255.0, "4": 1345.0, "5": 1448.7755693094336}, "reward": 0.0, "annotation": ""}