{"rc-position-target": {"height": 3.392992681216903, "distance": 5.99784509914843, "heading": 5.716247390310173, "wrist_angle": -67.96158271599919, "wrist_rotation": 78.78846126799438, "gripper": 73.35473439254106}, "rc-angle-target": {"0": 95.71624739031017, "1": 100.0, "2": 99.0, "3": 65.0, "4": 78.78846126799438}, "rc-pulse-target": {"0": 1603.0, "1": 1571.0, "2": 1600.0, "3": 1222.0, "4": 1375.0, "5": 1399.6789841118841}, "reward": 0.0, "annotation": ""}