{"rc-position-target": {"height": 3.392992681216903, "distance": 5.697845099148431, "heading": 1.2162473903101727, "wrist_angle": -67.96158271599919, "wrist_rotation": 78.78846126799438, "gripper": 73.35473439254106}, "rc-angle-target": {"0": 91.21624739031017, "1": 103.0, "2": 101.0, "3": 65.0, "4": 78.78846126799438}, "rc-pulse-target": {"0": 1553.0, "1": 1604.0, "2": 1622.0, "3": 1222.0, "4": 1375.0, "5": 1399.6789841118841}, "reward": 0.0, "annotation": ""}