{"rc-position-target": {"height": 3.392992681216903, "distance": 6.097845099148429, "heading": 7.216247390310173, "wrist_angle": -67.96158271599919, "wrist_rotation": 78.78846126799438, "gripper": 73.35473439254106}, "rc-angle-target": {"0": 97.21624739031017, "1": 99.0, "2": 98.0, "3": 66.0, "4": 78.78846126799438}, "rc-pulse-target": {"0": 1620.0, "1": 1560.0, "2": 1588.0, "3": 1233.0, "4": 1375.0, "5": 1399.6789841118841}, "reward": 0.0, "annotation": ""}