{"rc-position-target": {"height": 3.1929926812169027, "distance": 5.442346137355768, "heading": -64.78375260968983, "wrist_angle": -64.96158271599919, "wrist_rotation": 77.78846126799438, "gripper": 80.02615805519396}, "rc-angle-target": {"0": 25.216247390310173, "1": 105.0, "2": 105.0, "3": 69.0, "4": 77.78846126799438}, "rc-pulse-target": {"0": 820.0, "1": 1626.0, "2": 1666.0, "3": 1266.0, "4": 1364.0, "5": 1299.6076291720906}, "reward": 0.0, "annotation": ""}