{"rc-position-target": {"height": 3.292992681216903, "distance": 5.542346137355768, "heading": -66.28375260968983, "wrist_angle": -66.46158271599919, "wrist_rotation": 78.28846126799438, "gripper": 78.35473439254106}, "rc-angle-target": {"0": 23.716247390310173, "1": 104.0, "2": 103.0, "3": 67.0, "4": 78.28846126799438}, "rc-pulse-target": {"0": 803.0, "1": 1615.0, "2": 1644.0, "3": 1244.0, "4": 1369.0, "5": 1324.6789841118841}, "reward": 0.0, "annotation": ""}