{"rc-position-target": {"height": 2.6929926812169023, "distance": 4.94234613735577, "heading": -57.28375260968983, "wrist_angle": -62.5312192673201, "wrist_rotation": 75.37826686300389, "gripper": 80.02615805519396}, "rc-angle-target": {"0": 32.71624739031017, "1": 109.0, "2": 112.0, "3": 75.0, "4": 75.37826686300389}, "rc-pulse-target": {"0": 903.0, "1": 1671.0, "2": 1744.0, "3": 1333.0, "4": 1337.0, "5": 1299.6076291720906}, "reward": 0.0, "annotation": ""}