{"rc-position-target": {"height": 3.0929926812169026, "distance": 5.342346137355769, "heading": -63.28375260968983, "wrist_angle": -63.461582715999185, "wrist_rotation": 77.28846126799438, "gripper": 80.02615805519396}, "rc-angle-target": {"0": 26.716247390310173, "1": 106.0, "2": 106.0, "3": 71.0, "4": 77.28846126799438}, "rc-pulse-target": {"0": 836.0, "1": 1637.0, "2": 1677.0, "3": 1288.0, "4": 1358.0, "5": 1299.6076291720906}, "reward": 0.0, "annotation": ""}