{"rc-position-target": {"height": 2.8929926812169025, "distance": 5.142346137355769, "heading": -60.28375260968983, "wrist_angle": -62.5312192673201, "wrist_rotation": 76.28846126799438, "gripper": 80.02615805519396}, "rc-angle-target": {"0": 29.716247390310173, "1": 107.0, "2": 109.0, "3": 73.0, "4": 76.28846126799438}, "rc-pulse-target": {"0": 870.0, "1": 1648.0, "2": 1711.0, "3": 1311.0, "4": 1347.0, "5": 1299.6076291720906}, "reward": 0.0, "annotation": ""}