{"rc-position-target": {"height": 2.7929926812169024, "distance": 5.04234613735577, "heading": -58.78375260968983, "wrist_angle": -62.5312192673201, "wrist_rotation": 75.78846126799438, "gripper": 80.02615805519396}, "rc-angle-target": {"0": 31.216247390310173, "1": 108.0, "2": 110.0, "3": 74.0, "4": 75.78846126799438}, "rc-pulse-target": {"0": 886.0, "1": 1660.0, "2": 1722.0, "3": 1322.0, "4": 1342.0, "5": 1299.6076291720906}, "reward": 0.0, "annotation": ""}