{"rc-position-target": {"height": 2.493103668217434, "distance": 4.2423461373557725, "heading": -46.78375260968983, "wrist_angle": -62.5312192673201, "wrist_rotation": 75.37826686300389, "gripper": 80.02615805519396}, "rc-angle-target": {"0": 43.21624739031017, "1": 117.0, "2": 119.0, "3": 74.0, "4": 75.37826686300389}, "rc-pulse-target": {"0": 1020.0, "1": 1760.0, "2": 1822.0, "3": 1322.0, "4": 1337.0, "5": 1299.6076291720906}, "reward": 0.0, "annotation": ""}