{"rc-position-target": {"height": 2.592992681216902, "distance": 4.84234613735577, "heading": -55.78375260968983, "wrist_angle": -62.5312192673201, "wrist_rotation": 75.37826686300389, "gripper": 80.02615805519396}, "rc-angle-target": {"0": 34.21624739031017, "1": 110.0, "2": 113.0, "3": 75.0, "4": 75.37826686300389}, "rc-pulse-target": {"0": 920.0, "1": 1682.0, "2": 1755.0, "3": 1333.0, "4": 1337.0, "5": 1299.6076291720906}, "reward": 0.0, "annotation": ""}