{"rc-position-target": {"height": 2.493103668217434, "distance": 4.442346137355772, "heading": -49.78375260968983, "wrist_angle": -62.5312192673201, "wrist_rotation": 75.37826686300389, "gripper": 80.02615805519396}, "rc-angle-target": {"0": 40.21624739031017, "1": 114.0, "2": 117.0, "3": 75.0, "4": 75.37826686300389}, "rc-pulse-target": {"0": 986.0, "1": 1726.0, "2": 1800.0, "3": 1333.0, "4": 1337.0, "5": 1299.6076291720906}, "reward": 0.0, "annotation": ""}