{"rc-position-target": {"height": 2.493103668217434, "distance": 3.942346137355773, "heading": -42.28375260968983, "wrist_angle": -62.5312192673201, "wrist_rotation": 75.37826686300389, "gripper": 80.02615805519396}, "rc-angle-target": {"0": 47.71624739031017, "1": 121.0, "2": 121.0, "3": 72.0, "4": 75.37826686300389}, "rc-pulse-target": {"0": 1070.0, "1": 1804.0, "2": 1844.0, "3": 1300.0, "4": 1337.0, "5": 1299.6076291720906}, "reward": 0.0, "annotation": ""}