{"rc-position-target": {"height": 2.493103668217434, "distance": 4.542346137355771, "heading": -51.28375260968983, "wrist_angle": -62.5312192673201, "wrist_rotation": 75.37826686300389, "gripper": 80.02615805519396}, "rc-angle-target": {"0": 38.71624739031017, "1": 113.0, "2": 116.0, "3": 75.0, "4": 75.37826686300389}, "rc-pulse-target": {"0": 970.0, "1": 1715.0, "2": 1788.0, "3": 1333.0, "4": 1337.0, "5": 1299.6076291720906}, "reward": 0.0, "annotation": ""}