{"rc-position-target": {"height": 2.493103668217434, "distance": 4.642346137355771, "heading": -52.78375260968983, "wrist_angle": -62.5312192673201, "wrist_rotation": 75.37826686300389, "gripper": 80.02615805519396}, "rc-angle-target": {"0": 37.21624739031017, "1": 112.0, "2": 115.0, "3": 76.0, "4": 75.37826686300389}, "rc-pulse-target": {"0": 953.0, "1": 1704.0, "2": 1777.0, "3": 1344.0, "4": 1337.0, "5": 1299.6076291720906}, "reward": 0.0, "annotation": ""}