{"rc-position-target": {"height": 2.493103668217434, "distance": 4.142346137355773, "heading": -45.28375260968983, "wrist_angle": -62.5312192673201, "wrist_rotation": 75.37826686300389, "gripper": 80.02615805519396}, "rc-angle-target": {"0": 44.71624739031017, "1": 118.0, "2": 120.0, "3": 73.0, "4": 75.37826686300389}, "rc-pulse-target": {"0": 1036.0, "1": 1771.0, "2": 1833.0, "3": 1311.0, "4": 1337.0, "5": 1299.6076291720906}, "reward": 0.0, "annotation": ""}