{"rc-position-target": {"height": 2.493103668217434, "distance": 3.4423461373557727, "heading": -34.78375260968983, "wrist_angle": -62.5312192673201, "wrist_rotation": 75.37826686300389, "gripper": 80.02615805519396}, "rc-angle-target": {"0": 55.21624739031017, "1": 129.0, "2": 125.0, "3": 68.0, "4": 75.37826686300389}, "rc-pulse-target": {"0": 1153.0, "1": 1893.0, "2": 1888.0, "3": 1255.0, "4": 1337.0, "5": 1299.6076291720906}, "reward": 0.0, "annotation": ""}