{"rc-position-target": {"height": 2.493103668217434, "distance": 3.5423461373557728, "heading": -36.28375260968983, "wrist_angle": -62.5312192673201, "wrist_rotation": 75.37826686300389, "gripper": 80.02615805519396}, "rc-angle-target": {"0": 53.71624739031017, "1": 128.0, "2": 125.0, "3": 69.0, "4": 75.37826686300389}, "rc-pulse-target": {"0": 1136.0, "1": 1882.0, "2": 1888.0, "3": 1266.0, "4": 1337.0, "5": 1299.6076291720906}, "reward": 0.0, "annotation": ""}