{"rc-position-target": {"height": 2.493103668217434, "distance": 3.3423461373557726, "heading": -33.28375260968983, "wrist_angle": -62.5312192673201, "wrist_rotation": 75.37826686300389, "gripper": 80.02615805519396}, "rc-angle-target": {"0": 56.71624739031017, "1": 131.0, "2": 126.0, "3": 67.0, "4": 75.37826686300389}, "rc-pulse-target": {"0": 1170.0, "1": 1915.0, "2": 1900.0, "3": 1244.0, "4": 1337.0, "5": 1299.6076291720906}, "reward": 0.0, "annotation": ""}