{"rc-position-target": {"height": 2.493103668217434, "distance": 3.642346137355773, "heading": -37.78375260968983, "wrist_angle": -62.5312192673201, "wrist_rotation": 75.37826686300389, "gripper": 80.02615805519396}, "rc-angle-target": {"0": 52.21624739031017, "1": 126.0, "2": 124.0, "3": 70.0, "4": 75.37826686300389}, "rc-pulse-target": {"0": 1120.0, "1": 1860.0, "2": 1877.0, "3": 1277.0, "4": 1337.0, "5": 1299.6076291720906}, "reward": 0.0, "annotation": ""}