{"rc-position-target": {"height": 2.493103668217434, "distance": 3.842346137355773, "heading": -40.78375260968983, "wrist_angle": -62.5312192673201, "wrist_rotation": 75.37826686300389, "gripper": 80.02615805519396}, "rc-angle-target": {"0": 49.21624739031017, "1": 123.0, "2": 122.0, "3": 71.0, "4": 75.37826686300389}, "rc-pulse-target": {"0": 1086.0, "1": 1826.0, "2": 1855.0, "3": 1288.0, "4": 1337.0, "5": 1299.6076291720906}, "reward": 0.0, "annotation": ""}