{"rc-position-target": {"height": 2.493103668217434, "distance": 3.742346137355773, "heading": -39.28375260968983, "wrist_angle": -62.5312192673201, "wrist_rotation": 75.37826686300389, "gripper": 80.02615805519396}, "rc-angle-target": {"0": 50.71624739031017, "1": 124.0, "2": 123.0, "3": 71.0, "4": 75.37826686300389}, "rc-pulse-target": {"0": 1103.0, "1": 1837.0, "2": 1866.0, "3": 1288.0, "4": 1337.0, "5": 1299.6076291720906}, "reward": 0.0, "annotation": ""}