{"rc-position-target": {"height": 2.493103668217434, "distance": 3.20074143906452, "heading": -30.283752609689827, "wrist_angle": -62.5312192673201, "wrist_rotation": 75.37826686300389, "gripper": 80.02615805519396}, "rc-angle-target": {"0": 59.71624739031017, "1": 133.0, "2": 127.0, "3": 66.0, "4": 75.37826686300389}, "rc-pulse-target": {"0": 1203.0, "1": 1937.0, "2": 1911.0, "3": 1233.0, "4": 1337.0, "5": 1299.6076291720906}, "reward": 0.0, "annotation": ""}