{"rc-position-target": {"height": 2.393103668217434, "distance": 3.30074143906452, "heading": -4.783752609689827, "wrist_angle": -61.0312192673201, "wrist_rotation": 74.87826686300389, "gripper": 75.02615805519396}, "rc-angle-target": {"0": 85.21624739031017, "1": 131.0, "2": 127.0, "3": 69.0, "4": 74.87826686300389}, "rc-pulse-target": {"0": 1486.0, "1": 1915.0, "2": 1911.0, "3": 1266.0, "4": 1331.0, "5": 1374.6076291720906}, "reward": 0.0, "annotation": ""}