{"rc-position-target": {"height": 2.2931036682174337, "distance": 3.4007414390645203, "heading": -6.283752609689827, "wrist_angle": -59.5312192673201, "wrist_rotation": 74.37826686300389, "gripper": 70.57314592776414}, "rc-angle-target": {"0": 83.71624739031017, "1": 129.0, "2": 127.0, "3": 73.0, "4": 74.37826686300389}, "rc-pulse-target": {"0": 1470.0, "1": 1893.0, "2": 1911.0, "3": 1311.0, "4": 1326.0, "5": 1441.402811083538}, "reward": 0.0, "annotation": ""}