{"rc-position-target": {"height": 2.255571237093128, "distance": 3.5007414390645204, "heading": -7.783752609689827, "wrist_angle": -58.0312192673201, "wrist_rotation": 73.87826686300389, "gripper": 70.57314592776414}, "rc-angle-target": {"0": 82.21624739031017, "1": 127.0, "2": 126.0, "3": 76.0, "4": 73.87826686300389}, "rc-pulse-target": {"0": 1453.0, "1": 1871.0, "2": 1900.0, "3": 1344.0, "4": 1320.0, "5": 1441.402811083538}, "reward": 0.0, "annotation": ""}