{"rc-position-target": {"height": 2.255571237093128, "distance": 3.6007414390645205, "heading": -9.283752609689827, "wrist_angle": -56.5312192673201, "wrist_rotation": 73.37826686300389, "gripper": 70.57314592776414}, "rc-angle-target": {"0": 80.71624739031017, "1": 125.0, "2": 125.0, "3": 78.0, "4": 73.37826686300389}, "rc-pulse-target": {"0": 1436.0, "1": 1848.0, "2": 1888.0, "3": 1366.0, "4": 1315.0, "5": 1441.402811083538}, "reward": 0.0, "annotation": ""}