{"rc-position-target": {"height": 2.255571237093128, "distance": 4.10074143906452, "heading": -16.783752609689827, "wrist_angle": -49.0312192673201, "wrist_rotation": 71.74795685334728, "gripper": 70.57314592776414}, "rc-angle-target": {"0": 73.21624739031017, "1": 118.0, "2": 121.0, "3": 89.0, "4": 71.74795685334728}, "rc-pulse-target": {"0": 1353.0, "1": 1771.0, "2": 1844.0, "3": 1488.0, "4": 1297.0, "5": 1441.402811083538}, "reward": 0.0, "annotation": ""}