{"rc-position-target": {"height": 2.255571237093128, "distance": 4.400741439064519, "heading": -21.283752609689827, "wrist_angle": -44.5312192673201, "wrist_rotation": 71.74795685334728, "gripper": 70.57314592776414}, "rc-angle-target": {"0": 68.71624739031017, "1": 113.0, "2": 118.0, "3": 95.0, "4": 71.74795685334728}, "rc-pulse-target": {"0": 1303.0, "1": 1715.0, "2": 1811.0, "3": 1555.0, "4": 1297.0, "5": 1441.402811083538}, "reward": 0.0, "annotation": ""}