{"rc-position-target": {"height": 2.255571237093128, "distance": 4.00074143906452, "heading": -15.283752609689827, "wrist_angle": -50.5312192673201, "wrist_rotation": 71.74795685334728, "gripper": 70.57314592776414}, "rc-angle-target": {"0": 74.71624739031017, "1": 119.0, "2": 122.0, "3": 87.0, "4": 71.74795685334728}, "rc-pulse-target": {"0": 1370.0, "1": 1782.0, "2": 1855.0, "3": 1466.0, "4": 1297.0, "5": 1441.402811083538}, "reward": 0.0, "annotation": ""}