{"rc-position-target": {"height": 2.255571237093128, "distance": 4.600741439064518, "heading": -24.283752609689827, "wrist_angle": -41.5312192673201, "wrist_rotation": 71.74795685334728, "gripper": 70.57314592776414}, "rc-angle-target": {"0": 65.71624739031017, "1": 111.0, "2": 117.0, "3": 99.0, "4": 71.74795685334728}, "rc-pulse-target": {"0": 1270.0, "1": 1693.0, "2": 1800.0, "3": 1600.0, "4": 1297.0, "5": 1441.402811083538}, "reward": 0.0, "annotation": ""}