{"rc-position-target": {"height": 2.255571237093128, "distance": 4.300741439064519, "heading": -19.783752609689827, "wrist_angle": -46.0312192673201, "wrist_rotation": 71.74795685334728, "gripper": 70.57314592776414}, "rc-angle-target": {"0": 70.21624739031017, "1": 115.0, "2": 119.0, "3": 93.0, "4": 71.74795685334728}, "rc-pulse-target": {"0": 1320.0, "1": 1737.0, "2": 1822.0, "3": 1533.0, "4": 1297.0, "5": 1441.402811083538}, "reward": 0.0, "annotation": ""}