{"rc-position-target": {"height": 2.255571237093128, "distance": 4.20074143906452, "heading": -18.283752609689827, "wrist_angle": -47.5312192673201, "wrist_rotation": 71.74795685334728, "gripper": 70.57314592776414}, "rc-angle-target": {"0": 71.71624739031017, "1": 116.0, "2": 120.0, "3": 91.0, "4": 71.74795685334728}, "rc-pulse-target": {"0": 1336.0, "1": 1748.0, "2": 1833.0, "3": 1511.0, "4": 1297.0, "5": 1441.402811083538}, "reward": 0.0, "annotation": ""}