{"rc-position-target": {"height": 2.255571237093128, "distance": 3.7007414390645206, "heading": -10.783752609689827, "wrist_angle": -55.0312192673201, "wrist_rotation": 72.87826686300389, "gripper": 70.57314592776414}, "rc-angle-target": {"0": 79.21624739031017, "1": 124.0, "2": 125.0, "3": 80.0, "4": 72.87826686300389}, "rc-pulse-target": {"0": 1420.0, "1": 1837.0, "2": 1888.0, "3": 1388.0, "4": 1309.0, "5": 1441.402811083538}, "reward": 0.0, "annotation": ""}