{"rc-position-target": {"height": 2.255571237093128, "distance": 4.500741439064519, "heading": -22.783752609689827, "wrist_angle": -43.0312192673201, "wrist_rotation": 71.74795685334728, "gripper": 70.57314592776414}, "rc-angle-target": {"0": 67.21624739031017, "1": 112.0, "2": 118.0, "3": 97.0, "4": 71.74795685334728}, "rc-pulse-target": {"0": 1286.0, "1": 1704.0, "2": 1811.0, "3": 1577.0, "4": 1297.0, "5": 1441.402811083538}, "reward": 0.0, "annotation": ""}