{"rc-position-target": {"height": 2.255571237093128, "distance": 3.9007414390645208, "heading": -13.783752609689827, "wrist_angle": -52.0312192673201, "wrist_rotation": 71.87826686300389, "gripper": 70.57314592776414}, "rc-angle-target": {"0": 76.21624739031017, "1": 121.0, "2": 123.0, "3": 85.0, "4": 71.87826686300389}, "rc-pulse-target": {"0": 1386.0, "1": 1804.0, "2": 1866.0, "3": 1444.0, "4": 1298.0, "5": 1441.402811083538}, "reward": 0.0, "annotation": ""}