{"rc-position-target": {"height": 2.255571237093128, "distance": 3.8007414390645207, "heading": -12.283752609689827, "wrist_angle": -53.5312192673201, "wrist_rotation": 72.37826686300389, "gripper": 70.57314592776414}, "rc-angle-target": {"0": 77.71624739031017, "1": 122.0, "2": 124.0, "3": 82.0, "4": 72.37826686300389}, "rc-pulse-target": {"0": 1403.0, "1": 1815.0, "2": 1877.0, "3": 1411.0, "4": 1304.0, "5": 1441.402811083538}, "reward": 0.0, "annotation": ""}