{"rc-position-target": {"height": 2.255571237093128, "distance": 5.000741439064517, "heading": -30.283752609689827, "wrist_angle": -35.5312192673201, "wrist_rotation": 71.74795685334728, "gripper": 70.57314592776414}, "rc-angle-target": {"0": 59.71624739031017, "1": 106.0, "2": 113.0, "3": 106.0, "4": 71.74795685334728}, "rc-pulse-target": {"0": 1203.0, "1": 1637.0, "2": 1755.0, "3": 1677.0, "4": 1297.0, "5": 1441.402811083538}, "reward": 0.0, "annotation": ""}