{"rc-position-target": {"height": 2.255571237093128, "distance": 5.200741439064516, "heading": -33.28375260968983, "wrist_angle": -32.89822635287388, "wrist_rotation": 71.74795685334728, "gripper": 70.57314592776414}, "rc-angle-target": {"0": 56.71624739031017, "1": 103.0, "2": 111.0, "3": 109.0, "4": 71.74795685334728}, "rc-pulse-target": {"0": 1170.0, "1": 1604.0, "2": 1733.0, "3": 1711.0, "4": 1297.0, "5": 1441.402811083538}, "reward": 0.0, "annotation": ""}