{"rc-position-target": {"height": 2.255571237093128, "distance": 4.800741439064518, "heading": -27.283752609689827, "wrist_angle": -38.5312192673201, "wrist_rotation": 71.74795685334728, "gripper": 70.57314592776414}, "rc-angle-target": {"0": 62.71624739031017, "1": 108.0, "2": 115.0, "3": 103.0, "4": 71.74795685334728}, "rc-pulse-target": {"0": 1236.0, "1": 1660.0, "2": 1777.0, "3": 1644.0, "4": 1297.0, "5": 1441.402811083538}, "reward": 0.0, "annotation": ""}