{"rc-position-target": {"height": 2.255571237093128, "distance": 4.900741439064517, "heading": -28.783752609689827, "wrist_angle": -37.0312192673201, "wrist_rotation": 71.74795685334728, "gripper": 70.57314592776414}, "rc-angle-target": {"0": 61.21624739031017, "1": 107.0, "2": 114.0, "3": 104.0, "4": 71.74795685334728}, "rc-pulse-target": {"0": 1220.0, "1": 1648.0, "2": 1766.0, "3": 1655.0, "4": 1297.0, "5": 1441.402811083538}, "reward": 0.0, "annotation": ""}