{"rc-position-target": {"height": 2.255571237093128, "distance": 4.700741439064518, "heading": -25.783752609689827, "wrist_angle": -40.0312192673201, "wrist_rotation": 71.74795685334728, "gripper": 70.57314592776414}, "rc-angle-target": {"0": 64.21624739031017, "1": 110.0, "2": 116.0, "3": 101.0, "4": 71.74795685334728}, "rc-pulse-target": {"0": 1253.0, "1": 1682.0, "2": 1788.0, "3": 1622.0, "4": 1297.0, "5": 1441.402811083538}, "reward": 0.0, "annotation": ""}