{"rc-position-target": {"height": 2.255571237093128, "distance": 5.500741439064515, "heading": -37.78375260968983, "wrist_angle": -32.89822635287388, "wrist_rotation": 71.74795685334728, "gripper": 70.57314592776414}, "rc-angle-target": {"0": 52.21624739031017, "1": 100.0, "2": 108.0, "3": 110.0, "4": 71.74795685334728}, "rc-pulse-target": {"0": 1120.0, "1": 1571.0, "2": 1700.0, "3": 1722.0, "4": 1297.0, "5": 1441.402811083538}, "reward": 0.0, "annotation": ""}