{"rc-position-target": {"height": 2.255571237093128, "distance": 5.1007414390645165, "heading": -31.783752609689827, "wrist_angle": -34.0312192673201, "wrist_rotation": 71.74795685334728, "gripper": 70.57314592776414}, "rc-angle-target": {"0": 58.21624739031017, "1": 105.0, "2": 112.0, "3": 108.0, "4": 71.74795685334728}, "rc-pulse-target": {"0": 1186.0, "1": 1626.0, "2": 1744.0, "3": 1700.0, "4": 1297.0, "5": 1441.402811083538}, "reward": 0.0, "annotation": ""}