{"rc-position-target": {"height": 2.255571237093128, "distance": 5.700741439064514, "heading": -40.78375260968983, "wrist_angle": -32.89822635287388, "wrist_rotation": 71.74795685334728, "gripper": 70.57314592776414}, "rc-angle-target": {"0": 49.21624739031017, "1": 98.0, "2": 107.0, "3": 110.0, "4": 71.74795685334728}, "rc-pulse-target": {"0": 1086.0, "1": 1548.0, "2": 1688.0, "3": 1722.0, "4": 1297.0, "5": 1441.402811083538}, "reward": 0.0, "annotation": ""}