{"rc-position-target": {"height": 2.255571237093128, "distance": 6.90074143906451, "heading": -58.78375260968983, "wrist_angle": -32.89822635287388, "wrist_rotation": 71.74795685334728, "gripper": 70.57314592776414}, "rc-angle-target": {"0": 31.216247390310173, "1": 86.0, "2": 95.0, "3": 111.0, "4": 71.74795685334728}, "rc-pulse-target": {"0": 886.0, "1": 1415.0, "2": 1555.0, "3": 1733.0, "4": 1297.0, "5": 1441.402811083538}, "reward": 0.0, "annotation": ""}