{"rc-position-target": {"height": 3.155571237093129, "distance": 7.649879683231658, "heading": -57.09399218229366, "wrist_angle": -33.48013327197449, "wrist_rotation": 76.24795685334728, "gripper": 37.68064540303069}, "rc-angle-target": {"0": 32.90600781770634, "1": 82.0, "2": 83.0, "3": 102.0, "4": 76.24795685334728}, "rc-pulse-target": {"0": 905.0, "1": 1371.0, "2": 1422.0, "3": 1633.0, "4": 1347.0, "5": 1934.7903189545395}, "reward": 0.0, "annotation": ""}