{"rc-position-target": {"height": 2.7555712370931285, "distance": 7.542694354909125, "heading": -63.09399218229366, "wrist_angle": -33.48013327197449, "wrist_rotation": 74.24795685334728, "gripper": 45.573145927764145}, "rc-angle-target": {"0": 26.90600781770634, "1": 82.0, "2": 86.0, "3": 106.0, "4": 74.24795685334728}, "rc-pulse-target": {"0": 838.0, "1": 1371.0, "2": 1455.0, "3": 1677.0, "4": 1324.0, "5": 1816.402811083538}, "reward": 0.0, "annotation": ""}