{"rc-position-target": {"height": 3.0555712370931287, "distance": 7.649879683231658, "heading": -58.59399218229366, "wrist_angle": -33.48013327197449, "wrist_rotation": 75.74795685334728, "gripper": 37.68064540303069}, "rc-angle-target": {"0": 31.40600781770634, "1": 82.0, "2": 84.0, "3": 103.0, "4": 75.74795685334728}, "rc-pulse-target": {"0": 888.0, "1": 1371.0, "2": 1433.0, "3": 1644.0, "4": 1341.0, "5": 1934.7903189545395}, "reward": 0.0, "annotation": ""}