{"rc-position-target": {"height": 2.6555712370931284, "distance": 7.442694354909126, "heading": -64.59399218229366, "wrist_angle": -33.48013327197449, "wrist_rotation": 73.74795685334728, "gripper": 50.573145927764145}, "rc-angle-target": {"0": 25.40600781770634, "1": 82.0, "2": 88.0, "3": 106.0, "4": 73.74795685334728}, "rc-pulse-target": {"0": 822.0, "1": 1371.0, "2": 1477.0, "3": 1677.0, "4": 1319.0, "5": 1741.402811083538}, "reward": 0.0, "annotation": ""}