{"rc-position-target": {"height": 2.355571237093128, "distance": 7.142694354909127, "heading": -69.09399218229366, "wrist_angle": -33.48013327197449, "wrist_rotation": 72.24795685334728, "gripper": 65.57314592776414}, "rc-angle-target": {"0": 20.90600781770634, "1": 84.0, "2": 92.0, "3": 109.0, "4": 72.24795685334728}, "rc-pulse-target": {"0": 772.0, "1": 1393.0, "2": 1522.0, "3": 1711.0, "4": 1302.0, "5": 1516.402811083538}, "reward": 0.0, "annotation": ""}