{"rc-position-target": {"height": 2.455571237093128, "distance": 7.242694354909126, "heading": -67.59399218229366, "wrist_angle": -33.48013327197449, "wrist_rotation": 72.74795685334728, "gripper": 60.573145927764145}, "rc-angle-target": {"0": 22.40600781770634, "1": 83.0, "2": 90.0, "3": 108.0, "4": 72.74795685334728}, "rc-pulse-target": {"0": 788.0, "1": 1382.0, "2": 1500.0, "3": 1700.0, "4": 1308.0, "5": 1591.402811083538}, "reward": 0.0, "annotation": ""}