{"rc-position-target": {"height": 2.8555712370931285, "distance": 7.642694354909125, "heading": -61.59399218229366, "wrist_angle": -33.48013327197449, "wrist_rotation": 74.74795685334728, "gripper": 40.573145927764145}, "rc-angle-target": {"0": 28.40600781770634, "1": 81.0, "2": 85.0, "3": 105.0, "4": 74.74795685334728}, "rc-pulse-target": {"0": 855.0, "1": 1360.0, "2": 1444.0, "3": 1666.0, "4": 1330.0, "5": 1891.402811083538}, "reward": 0.0, "annotation": ""}