{"rc-position-target": {"height": 2.5555712370931283, "distance": 7.342694354909126, "heading": -66.09399218229366, "wrist_angle": -33.48013327197449, "wrist_rotation": 73.24795685334728, "gripper": 55.573145927764145}, "rc-angle-target": {"0": 23.90600781770634, "1": 83.0, "2": 89.0, "3": 107.0, "4": 73.24795685334728}, "rc-pulse-target": {"0": 805.0, "1": 1382.0, "2": 1488.0, "3": 1688.0, "4": 1313.0, "5": 1666.402811083538}, "reward": 0.0, "annotation": ""}