{"rc-position-target": {"height": 2.9555712370931286, "distance": 7.649879683231658, "heading": -60.09399218229366, "wrist_angle": -33.48013327197449, "wrist_rotation": 75.24795685334728, "gripper": 37.68064540303069}, "rc-angle-target": {"0": 29.90600781770634, "1": 81.0, "2": 84.0, "3": 104.0, "4": 75.24795685334728}, "rc-pulse-target": {"0": 872.0, "1": 1360.0, "2": 1433.0, "3": 1655.0, "4": 1336.0, "5": 1934.7903189545395}, "reward": 0.0, "annotation": ""}