{"rc-position-target": {"height": 3.9555712370931295, "distance": 7.649879683231658, "heading": -45.09399218229366, "wrist_angle": -33.48013327197449, "wrist_rotation": 78.86571915234848, "gripper": 37.68064540303069}, "rc-angle-target": {"0": 44.90600781770634, "1": 85.0, "2": 80.0, "3": 96.0, "4": 78.86571915234848}, "rc-pulse-target": {"0": 1038.0, "1": 1404.0, "2": 1388.0, "3": 1566.0, "4": 1376.0, "5": 1934.7903189545395}, "reward": 0.0, "annotation": ""}