{"rc-position-target": {"height": 3.255571237093129, "distance": 7.649879683231658, "heading": -55.59399218229366, "wrist_angle": -33.48013327197449, "wrist_rotation": 76.74795685334728, "gripper": 37.68064540303069}, "rc-angle-target": {"0": 34.40600781770634, "1": 83.0, "2": 83.0, "3": 101.0, "4": 76.74795685334728}, "rc-pulse-target": {"0": 922.0, "1": 1382.0, "2": 1422.0, "3": 1622.0, "4": 1352.0, "5": 1934.7903189545395}, "reward": 0.0, "annotation": ""}