{"rc-position-target": {"height": 3.6555712370931293, "distance": 7.649879683231658, "heading": -49.59399218229366, "wrist_angle": -33.48013327197449, "wrist_rotation": 78.74795685334728, "gripper": 37.68064540303069}, "rc-angle-target": {"0": 40.40600781770634, "1": 84.0, "2": 81.0, "3": 98.0, "4": 78.74795685334728}, "rc-pulse-target": {"0": 988.0, "1": 1393.0, "2": 1400.0, "3": 1588.0, "4": 1374.0, "5": 1934.7903189545395}, "reward": 0.0, "annotation": ""}