{"rc-position-target": {"height": 3.555571237093129, "distance": 7.649879683231658, "heading": -51.09399218229366, "wrist_angle": -33.48013327197449, "wrist_rotation": 78.24795685334728, "gripper": 37.68064540303069}, "rc-angle-target": {"0": 38.90600781770634, "1": 84.0, "2": 82.0, "3": 99.0, "4": 78.24795685334728}, "rc-pulse-target": {"0": 972.0, "1": 1393.0, "2": 1411.0, "3": 1600.0, "4": 1369.0, "5": 1934.7903189545395}, "reward": 0.0, "annotation": ""}