{"rc-position-target": {"height": 3.455571237093129, "distance": 7.649879683231658, "heading": -52.59399218229366, "wrist_angle": -33.48013327197449, "wrist_rotation": 77.74795685334728, "gripper": 37.68064540303069}, "rc-angle-target": {"0": 37.40600781770634, "1": 83.0, "2": 82.0, "3": 100.0, "4": 77.74795685334728}, "rc-pulse-target": {"0": 955.0, "1": 1382.0, "2": 1411.0, "3": 1611.0, "4": 1363.0, "5": 1934.7903189545395}, "reward": 0.0, "annotation": ""}