{"rc-position-target": {"height": 3.8555712370931294, "distance": 7.649879683231658, "heading": -46.59399218229366, "wrist_angle": -33.48013327197449, "wrist_rotation": 78.86571915234848, "gripper": 37.68064540303069}, "rc-angle-target": {"0": 43.40600781770634, "1": 84.0, "2": 80.0, "3": 97.0, "4": 78.86571915234848}, "rc-pulse-target": {"0": 1022.0, "1": 1393.0, "2": 1388.0, "3": 1577.0, "4": 1376.0, "5": 1934.7903189545395}, "reward": 0.0, "annotation": ""}