{"rc-position-target": {"height": 3.355571237093129, "distance": 7.649879683231658, "heading": -54.09399218229366, "wrist_angle": -33.48013327197449, "wrist_rotation": 77.24795685334728, "gripper": 37.68064540303069}, "rc-angle-target": {"0": 35.90600781770634, "1": 83.0, "2": 83.0, "3": 101.0, "4": 77.24795685334728}, "rc-pulse-target": {"0": 938.0, "1": 1382.0, "2": 1422.0, "3": 1622.0, "4": 1358.0, "5": 1934.7903189545395}, "reward": 0.0, "annotation": ""}