{"rc-position-target": {"height": 3.7555712370931293, "distance": 7.649879683231658, "heading": -48.09399218229366, "wrist_angle": -33.48013327197449, "wrist_rotation": 78.86571915234848, "gripper": 37.68064540303069}, "rc-angle-target": {"0": 41.90600781770634, "1": 84.0, "2": 81.0, "3": 98.0, "4": 78.86571915234848}, "rc-pulse-target": {"0": 1005.0, "1": 1393.0, "2": 1400.0, "3": 1588.0, "4": 1376.0, "5": 1934.7903189545395}, "reward": 0.0, "annotation": ""}