{"rc-position-target": {"height": 3.9204551476745197, "distance": 7.549879683231659, "heading": -31.59399218229366, "wrist_angle": -34.98013327197449, "wrist_rotation": 79.36571915234848, "gripper": 42.68064540303069}, "rc-angle-target": {"0": 58.40600781770634, "1": 85.0, "2": 81.0, "3": 95.0, "4": 79.36571915234848}, "rc-pulse-target": {"0": 1188.0, "1": 1404.0, "2": 1400.0, "3": 1555.0, "4": 1381.0, "5": 1859.7903189545395}, "reward": 0.0, "annotation": ""}