{"rc-position-target": {"height": 3.8204551476745197, "distance": 7.449879683231659, "heading": -33.09399218229366, "wrist_angle": -36.48013327197449, "wrist_rotation": 79.86571915234848, "gripper": 47.68064540303069}, "rc-angle-target": {"0": 56.90600781770634, "1": 86.0, "2": 82.0, "3": 94.0, "4": 79.86571915234848}, "rc-pulse-target": {"0": 1172.0, "1": 1415.0, "2": 1411.0, "3": 1544.0, "4": 1387.0, "5": 1784.7903189545395}, "reward": 0.0, "annotation": ""}