{"rc-position-target": {"height": 4.02045514767452, "distance": 7.649879683231658, "heading": -37.59399218229366, "wrist_angle": -33.48013327197449, "wrist_rotation": 78.86571915234848, "gripper": 37.68064540303069}, "rc-angle-target": {"0": 52.40600781770634, "1": 85.0, "2": 79.0, "3": 95.0, "4": 78.86571915234848}, "rc-pulse-target": {"0": 1122.0, "1": 1404.0, "2": 1377.0, "3": 1555.0, "4": 1376.0, "5": 1934.7903189545395}, "reward": 0.0, "annotation": ""}