{"rc-position-target": {"height": 3.4204551476745193, "distance": 7.04987968323166, "heading": -39.09399218229366, "wrist_angle": -42.48013327197449, "wrist_rotation": 81.86571915234848, "gripper": 65.66719971824119}, "rc-angle-target": {"0": 50.90600781770634, "1": 89.0, "2": 88.0, "3": 91.0, "4": 81.86571915234848}, "rc-pulse-target": {"0": 1105.0, "1": 1448.0, "2": 1477.0, "3": 1511.0, "4": 1409.0, "5": 1514.992004226382}, "reward": 0.0, "annotation": ""}