{"rc-position-target": {"height": 3.5204551476745194, "distance": 7.14987968323166, "heading": -37.59399218229366, "wrist_angle": -40.98013327197449, "wrist_rotation": 81.36571915234848, "gripper": 62.68064540303069}, "rc-angle-target": {"0": 52.40600781770634, "1": 88.0, "2": 87.0, "3": 92.0, "4": 81.36571915234848}, "rc-pulse-target": {"0": 1122.0, "1": 1437.0, "2": 1466.0, "3": 1522.0, "4": 1404.0, "5": 1559.7903189545395}, "reward": 0.0, "annotation": ""}