{"rc-position-target": {"height": 3.020455147674519, "distance": 6.649879683231662, "heading": -45.09399218229366, "wrist_angle": -48.48013327197449, "wrist_rotation": 83.86571915234848, "gripper": 65.66719971824119}, "rc-angle-target": {"0": 44.90600781770634, "1": 92.0, "2": 94.0, "3": 89.0, "4": 83.86571915234848}, "rc-pulse-target": {"0": 1038.0, "1": 1482.0, "2": 1544.0, "3": 1488.0, "4": 1431.0, "5": 1514.992004226382}, "reward": 0.0, "annotation": ""}