{"rc-position-target": {"height": 3.320455147674519, "distance": 6.949879683231661, "heading": -40.59399218229366, "wrist_angle": -43.98013327197449, "wrist_rotation": 82.36571915234848, "gripper": 65.66719971824119}, "rc-angle-target": {"0": 49.40600781770634, "1": 90.0, "2": 90.0, "3": 91.0, "4": 82.36571915234848}, "rc-pulse-target": {"0": 1088.0, "1": 1460.0, "2": 1500.0, "3": 1511.0, "4": 1415.0, "5": 1514.992004226382}, "reward": 0.0, "annotation": ""}