{"rc-position-target": {"height": 3.6204551476745195, "distance": 7.24987968323166, "heading": -36.09399218229366, "wrist_angle": -39.48013327197449, "wrist_rotation": 80.86571915234848, "gripper": 57.68064540303069}, "rc-angle-target": {"0": 53.90600781770634, "1": 88.0, "2": 85.0, "3": 93.0, "4": 80.86571915234848}, "rc-pulse-target": {"0": 1138.0, "1": 1437.0, "2": 1444.0, "3": 1533.0, "4": 1398.0, "5": 1634.7903189545395}, "reward": 0.0, "annotation": ""}