{"rc-position-target": {"height": 2.8204551476745188, "distance": 6.4498796832316625, "heading": -48.09399218229366, "wrist_angle": -51.48013327197449, "wrist_rotation": 84.86571915234848, "gripper": 65.66719971824119}, "rc-angle-target": {"0": 41.90600781770634, "1": 93.0, "2": 97.0, "3": 87.0, "4": 84.86571915234848}, "rc-pulse-target": {"0": 1005.0, "1": 1493.0, "2": 1577.0, "3": 1466.0, "4": 1442.0, "5": 1514.992004226382}, "reward": 0.0, "annotation": ""}