{"rc-position-target": {"height": 2.920455147674519, "distance": 6.549879683231662, "heading": -46.59399218229366, "wrist_angle": -49.98013327197449, "wrist_rotation": 84.36571915234848, "gripper": 65.66719971824119}, "rc-angle-target": {"0": 43.40600781770634, "1": 92.0, "2": 96.0, "3": 88.0, "4": 84.36571915234848}, "rc-pulse-target": {"0": 1022.0, "1": 1482.0, "2": 1566.0, "3": 1477.0, "4": 1437.0, "5": 1514.992004226382}, "reward": 0.0, "annotation": ""}