{"rc-position-target": {"height": 3.220455147674519, "distance": 6.849879683231661, "heading": -42.09399218229366, "wrist_angle": -45.48013327197449, "wrist_rotation": 82.86571915234848, "gripper": 65.66719971824119}, "rc-angle-target": {"0": 47.90600781770634, "1": 90.0, "2": 91.0, "3": 90.0, "4": 82.86571915234848}, "rc-pulse-target": {"0": 1072.0, "1": 1460.0, "2": 1511.0, "3": 1500.0, "4": 1420.0, "5": 1514.992004226382}, "reward": 0.0, "annotation": ""}