{"rc-position-target": {"height": 3.7204551476745196, "distance": 7.349879683231659, "heading": -34.59399218229366, "wrist_angle": -37.98013327197449, "wrist_rotation": 80.36571915234848, "gripper": 52.68064540303069}, "rc-angle-target": {"0": 55.40600781770634, "1": 87.0, "2": 84.0, "3": 93.0, "4": 80.36571915234848}, "rc-pulse-target": {"0": 1155.0, "1": 1426.0, "2": 1433.0, "3": 1533.0, "4": 1392.0, "5": 1709.7903189545395}, "reward": 0.0, "annotation": ""}