{"rc-position-target": {"height": 3.120455147674519, "distance": 6.749879683231661, "heading": -43.59399218229366, "wrist_angle": -46.98013327197449, "wrist_rotation": 83.36571915234848, "gripper": 65.66719971824119}, "rc-angle-target": {"0": 46.40600781770634, "1": 91.0, "2": 93.0, "3": 89.0, "4": 83.36571915234848}, "rc-pulse-target": {"0": 1055.0, "1": 1471.0, "2": 1533.0, "3": 1488.0, "4": 1426.0, "5": 1514.992004226382}, "reward": 0.0, "annotation": ""}