{"rc-position-target": {"height": 1.920455147674518, "distance": 5.908002845025548, "heading": -61.59399218229366, "wrist_angle": -52.5202205091691, "wrist_rotation": 88.00196574169036, "gripper": 65.66719971824119}, "rc-angle-target": {"0": 28.40600781770634, "1": 94.0, "2": 106.0, "3": 94.0, "4": 88.00196574169036}, "rc-pulse-target": {"0": 855.0, "1": 1504.0, "2": 1677.0, "3": 1544.0, "4": 1477.0, "5": 1514.992004226382}, "reward": 0.0, "annotation": ""}