{"rc-position-target": {"height": 2.2204551476745182, "distance": 5.908002845025548, "heading": -57.09399218229366, "wrist_angle": -52.5202205091691, "wrist_rotation": 87.86571915234848, "gripper": 65.66719971824119}, "rc-angle-target": {"0": 32.90600781770634, "1": 95.0, "2": 105.0, "3": 91.0, "4": 87.86571915234848}, "rc-pulse-target": {"0": 905.0, "1": 1515.0, "2": 1666.0, "3": 1511.0, "4": 1476.0, "5": 1514.992004226382}, "reward": 0.0, "annotation": ""}