{"rc-position-target": {"height": 2.4204551476745184, "distance": 6.049879683231664, "heading": -54.09399218229366, "wrist_angle": -52.5202205091691, "wrist_rotation": 86.86571915234848, "gripper": 65.66719971824119}, "rc-angle-target": {"0": 35.90600781770634, "1": 95.0, "2": 103.0, "3": 90.0, "4": 86.86571915234848}, "rc-pulse-target": {"0": 938.0, "1": 1515.0, "2": 1644.0, "3": 1500.0, "4": 1465.0, "5": 1514.992004226382}, "reward": 0.0, "annotation": ""}