{"rc-position-target": {"height": 2.3204551476745183, "distance": 5.949879683231664, "heading": -55.59399218229366, "wrist_angle": -52.5202205091691, "wrist_rotation": 87.36571915234848, "gripper": 65.66719971824119}, "rc-angle-target": {"0": 34.40600781770634, "1": 95.0, "2": 104.0, "3": 90.0, "4": 87.36571915234848}, "rc-pulse-target": {"0": 922.0, "1": 1515.0, "2": 1655.0, "3": 1500.0, "4": 1470.0, "5": 1514.992004226382}, "reward": 0.0, "annotation": ""}