{"rc-position-target": {"height": 2.7204551476745187, "distance": 6.349879683231663, "heading": -49.59399218229366, "wrist_angle": -52.5202205091691, "wrist_rotation": 85.36571915234848, "gripper": 65.66719971824119}, "rc-angle-target": {"0": 40.40600781770634, "1": 93.0, "2": 98.0, "3": 87.0, "4": 85.36571915234848}, "rc-pulse-target": {"0": 988.0, "1": 1493.0, "2": 1588.0, "3": 1466.0, "4": 1448.0, "5": 1514.992004226382}, "reward": 0.0, "annotation": ""}