{"rc-position-target": {"height": 2.120455147674518, "distance": 5.908002845025548, "heading": -58.59399218229366, "wrist_angle": -52.5202205091691, "wrist_rotation": 88.00196574169036, "gripper": 65.66719971824119}, "rc-angle-target": {"0": 31.40600781770634, "1": 95.0, "2": 105.0, "3": 92.0, "4": 88.00196574169036}, "rc-pulse-target": {"0": 888.0, "1": 1515.0, "2": 1666.0, "3": 1522.0, "4": 1477.0, "5": 1514.992004226382}, "reward": 0.0, "annotation": ""}