{"rc-position-target": {"height": 2.6204551476745186, "distance": 6.249879683231663, "heading": -51.09399218229366, "wrist_angle": -52.5202205091691, "wrist_rotation": 85.86571915234848, "gripper": 65.66719971824119}, "rc-angle-target": {"0": 38.90600781770634, "1": 94.0, "2": 100.0, "3": 88.0, "4": 85.86571915234848}, "rc-pulse-target": {"0": 972.0, "1": 1504.0, "2": 1611.0, "3": 1477.0, "4": 1454.0, "5": 1514.992004226382}, "reward": 0.0, "annotation": ""}