{"rc-position-target": {"height": 2.5204551476745185, "distance": 6.149879683231664, "heading": -52.59399218229366, "wrist_angle": -52.5202205091691, "wrist_rotation": 86.36571915234848, "gripper": 65.66719971824119}, "rc-angle-target": {"0": 37.40600781770634, "1": 94.0, "2": 101.0, "3": 89.0, "4": 86.36571915234848}, "rc-pulse-target": {"0": 955.0, "1": 1504.0, "2": 1622.0, "3": 1488.0, "4": 1459.0, "5": 1514.992004226382}, "reward": 0.0, "annotation": ""}