{"rc-position-target": {"height": 1.6204551476745177, "distance": 5.908002845025548, "heading": -66.09399218229366, "wrist_angle": -52.5202205091691, "wrist_rotation": 88.00196574169036, "gripper": 65.66719971824119}, "rc-angle-target": {"0": 23.90600781770634, "1": 92.0, "2": 107.0, "3": 97.0, "4": 88.00196574169036}, "rc-pulse-target": {"0": 805.0, "1": 1482.0, "2": 1688.0, "3": 1577.0, "4": 1477.0, "5": 1514.992004226382}, "reward": 0.0, "annotation": ""}