{"rc-position-target": {"height": 1.5204551476745176, "distance": 5.908002845025548, "heading": -67.59399218229366, "wrist_angle": -52.5202205091691, "wrist_rotation": 88.00196574169036, "gripper": 65.66719971824119}, "rc-angle-target": {"0": 22.40600781770634, "1": 91.0, "2": 107.0, "3": 98.0, "4": 88.00196574169036}, "rc-pulse-target": {"0": 788.0, "1": 1471.0, "2": 1688.0, "3": 1588.0, "4": 1477.0, "5": 1514.992004226382}, "reward": 0.0, "annotation": ""}