{"rc-position-target": {"height": 1.2382488985619124, "distance": 5.808002845025548, "heading": -87.09399218229366, "wrist_angle": -54.0202205091691, "wrist_rotation": 87.50196574169036, "gripper": 70.66719971824119}, "rc-angle-target": {"0": 2.906007817706339, "1": 90.0, "2": 108.0, "3": 99.0, "4": 87.50196574169036}, "rc-pulse-target": {"0": 572.0, "1": 1460.0, "2": 1700.0, "3": 1600.0, "4": 1472.0, "5": 1439.992004226382}, "reward": 0.0, "annotation": ""}