{"rc-position-target": {"height": 1.1382488985619124, "distance": 5.708002845025549, "heading": -85.66181287671492, "wrist_angle": -55.5202205091691, "wrist_rotation": 87.00196574169036, "gripper": 75.66719971824119}, "rc-angle-target": {"0": 4.338187123285081, "1": 90.0, "2": 110.0, "3": 99.0, "4": 87.00196574169036}, "rc-pulse-target": {"0": 588.0, "1": 1460.0, "2": 1722.0, "3": 1600.0, "4": 1466.0, "5": 1364.992004226382}, "reward": 0.0, "annotation": ""}