{"rc-position-target": {"height": 1.0715825170964233, "distance": 5.608002845025549, "heading": -85.66181287671492, "wrist_angle": -57.0202205091691, "wrist_rotation": 86.50196574169036, "gripper": 80.66719971824119}, "rc-angle-target": {"0": 4.338187123285081, "1": 90.0, "2": 111.0, "3": 98.0, "4": 86.50196574169036}, "rc-pulse-target": {"0": 588.0, "1": 1460.0, "2": 1733.0, "3": 1588.0, "4": 1461.0, "5": 1289.992004226382}, "reward": 0.0, "annotation": ""}