{"rc-position-target": {"height": 1.0715825170964233, "distance": 5.30800284502555, "heading": -85.66181287671492, "wrist_angle": -61.5202205091691, "wrist_rotation": 85.00196574169036, "gripper": 95.66719971824119}, "rc-angle-target": {"0": 4.338187123285081, "1": 94.0, "2": 114.0, "3": 93.0, "4": 85.00196574169036}, "rc-pulse-target": {"0": 588.0, "1": 1504.0, "2": 1766.0, "3": 1533.0, "4": 1444.0, "5": 1064.992004226382}, "reward": 0.0, "annotation": ""}