{"rc-position-target": {"height": 1.0715825170964233, "distance": 5.262255691873316, "heading": -85.66181287671492, "wrist_angle": -63.0202205091691, "wrist_rotation": 84.60272084368069, "gripper": 97.31614753715775}, "rc-angle-target": {"0": 4.338187123285081, "1": 94.0, "2": 114.0, "3": 92.0, "4": 84.60272084368069}, "rc-pulse-target": {"0": 588.0, "1": 1504.0, "2": 1766.0, "3": 1522.0, "4": 1440.0, "5": 1040.2577869426339}, "reward": 0.0, "annotation": ""}