{"rc-position-target": {"height": 1.0715825170964233, "distance": 5.40800284502555, "heading": -85.66181287671492, "wrist_angle": -60.0202205091691, "wrist_rotation": 85.50196574169036, "gripper": 90.66719971824119}, "rc-angle-target": {"0": 4.338187123285081, "1": 92.0, "2": 113.0, "3": 95.0, "4": 85.50196574169036}, "rc-pulse-target": {"0": 588.0, "1": 1482.0, "2": 1755.0, "3": 1555.0, "4": 1450.0, "5": 1139.992004226382}, "reward": 0.0, "annotation": ""}