{"rc-position-target": {"height": 1.0715825170964233, "distance": 5.508002845025549, "heading": -85.66181287671492, "wrist_angle": -58.5202205091691, "wrist_rotation": 86.00196574169036, "gripper": 85.66719971824119}, "rc-angle-target": {"0": 4.338187123285081, "1": 91.0, "2": 112.0, "3": 96.0, "4": 86.00196574169036}, "rc-pulse-target": {"0": 588.0, "1": 1471.0, "2": 1744.0, "3": 1566.0, "4": 1455.0, "5": 1214.992004226382}, "reward": 0.0, "annotation": ""}