{"rc-position-target": {"height": 1.3715825170964235, "distance": 5.562255691873315, "heading": -81.16181287671492, "wrist_angle": -70.52022050916909, "wrist_rotation": 83.10272084368069, "gripper": 82.31614753715775}, "rc-angle-target": {"0": 8.838187123285081, "1": 93.0, "2": 111.0, "3": 81.0, "4": 83.10272084368069}, "rc-pulse-target": {"0": 638.0, "1": 1493.0, "2": 1733.0, "3": 1400.0, "4": 1423.0, "5": 1265.2577869426339}, "reward": 0.0, "annotation": ""}