{"rc-position-target": {"height": 1.6715825170964238, "distance": 5.8622556918733135, "heading": -76.66181287671492, "wrist_angle": -66.02022050916909, "wrist_rotation": 81.60272084368069, "gripper": 77.68830381775422}, "rc-angle-target": {"0": 13.338187123285081, "1": 92.0, "2": 107.0, "3": 83.0, "4": 81.60272084368069}, "rc-pulse-target": {"0": 688.0, "1": 1482.0, "2": 1688.0, "3": 1422.0, "4": 1406.0, "5": 1334.6754427336869}, "reward": 0.0, "annotation": ""}