{"rc-position-target": {"height": 1.5715825170964237, "distance": 5.762255691873314, "heading": -78.16181287671492, "wrist_angle": -67.52022050916909, "wrist_rotation": 82.10272084368069, "gripper": 77.68830381775422}, "rc-angle-target": {"0": 11.838187123285081, "1": 93.0, "2": 108.0, "3": 82.0, "4": 82.10272084368069}, "rc-pulse-target": {"0": 671.0, "1": 1493.0, "2": 1700.0, "3": 1411.0, "4": 1412.0, "5": 1334.6754427336869}, "reward": 0.0, "annotation": ""}