{"rc-position-target": {"height": 1.771582517096424, "distance": 5.962255691873313, "heading": -75.16181287671492, "wrist_angle": -64.52022050916909, "wrist_rotation": 81.10272084368069, "gripper": 77.68830381775422}, "rc-angle-target": {"0": 14.838187123285081, "1": 92.0, "2": 106.0, "3": 84.0, "4": 81.10272084368069}, "rc-pulse-target": {"0": 704.0, "1": 1482.0, "2": 1677.0, "3": 1433.0, "4": 1401.0, "5": 1334.6754427336869}, "reward": 0.0, "annotation": ""}