{"rc-position-target": {"height": 1.4715825170964236, "distance": 5.662255691873314, "heading": -79.66181287671492, "wrist_angle": -69.02022050916909, "wrist_rotation": 82.60272084368069, "gripper": 77.68830381775422}, "rc-angle-target": {"0": 10.338187123285081, "1": 93.0, "2": 109.0, "3": 82.0, "4": 82.60272084368069}, "rc-pulse-target": {"0": 654.0, "1": 1493.0, "2": 1711.0, "3": 1411.0, "4": 1417.0, "5": 1334.6754427336869}, "reward": 0.0, "annotation": ""}