{"rc-position-target": {"height": 1.1715825170964234, "distance": 5.362255691873315, "heading": -84.16181287671492, "wrist_angle": -73.52022050916909, "wrist_rotation": 84.10272084368069, "gripper": 92.31614753715775}, "rc-angle-target": {"0": 5.838187123285081, "1": 94.0, "2": 113.0, "3": 80.0, "4": 84.10272084368069}, "rc-pulse-target": {"0": 604.0, "1": 1504.0, "2": 1755.0, "3": 1388.0, "4": 1434.0, "5": 1115.2577869426339}, "reward": 0.0, "annotation": ""}