{"rc-position-target": {"height": 1.871582517096424, "distance": 6.062255691873313, "heading": -73.66181287671492, "wrist_angle": -63.02022050916909, "wrist_rotation": 80.60272084368069, "gripper": 77.68830381775422}, "rc-angle-target": {"0": 16.33818712328508, "1": 92.0, "2": 104.0, "3": 84.0, "4": 80.60272084368069}, "rc-pulse-target": {"0": 721.0, "1": 1482.0, "2": 1655.0, "3": 1433.0, "4": 1395.0, "5": 1334.6754427336869}, "reward": 0.0, "annotation": ""}