{"rc-position-target": {"height": 1.2715825170964234, "distance": 5.462255691873315, "heading": -82.66181287671492, "wrist_angle": -72.02022050916909, "wrist_rotation": 83.60272084368069, "gripper": 87.31614753715775}, "rc-angle-target": {"0": 7.338187123285081, "1": 94.0, "2": 112.0, "3": 81.0, "4": 83.60272084368069}, "rc-pulse-target": {"0": 621.0, "1": 1504.0, "2": 1744.0, "3": 1400.0, "4": 1428.0, "5": 1190.2577869426339}, "reward": 0.0, "annotation": ""}