{"rc-position-target": {"height": 2.4715825170964245, "distance": 6.662255691873311, "heading": -64.66181287671492, "wrist_angle": -54.02022050916909, "wrist_rotation": 77.60272084368069, "gripper": 77.68830381775422}, "rc-angle-target": {"0": 25.33818712328508, "1": 89.0, "2": 96.0, "3": 88.0, "4": 77.60272084368069}, "rc-pulse-target": {"0": 821.0, "1": 1448.0, "2": 1566.0, "3": 1477.0, "4": 1362.0, "5": 1334.6754427336869}, "reward": 0.0, "annotation": ""}