{"rc-position-target": {"height": 2.6715825170964247, "distance": 6.86225569187331, "heading": -61.66181287671492, "wrist_angle": -51.02022050916909, "wrist_rotation": 76.60272084368069, "gripper": 77.68830381775422}, "rc-angle-target": {"0": 28.33818712328508, "1": 88.0, "2": 94.0, "3": 89.0, "4": 76.60272084368069}, "rc-pulse-target": {"0": 854.0, "1": 1437.0, "2": 1544.0, "3": 1488.0, "4": 1351.0, "5": 1334.6754427336869}, "reward": 0.0, "annotation": ""}