{"rc-position-target": {"height": 1.971582517096424, "distance": 6.1622556918733125, "heading": -72.16181287671492, "wrist_angle": -61.52022050916909, "wrist_rotation": 80.10272084368069, "gripper": 77.68830381775422}, "rc-angle-target": {"0": 17.83818712328508, "1": 91.0, "2": 103.0, "3": 85.0, "4": 80.10272084368069}, "rc-pulse-target": {"0": 738.0, "1": 1471.0, "2": 1644.0, "3": 1444.0, "4": 1390.0, "5": 1334.6754427336869}, "reward": 0.0, "annotation": ""}