{"rc-position-target": {"height": 2.3715825170964244, "distance": 6.562255691873311, "heading": -66.16181287671492, "wrist_angle": -55.52022050916909, "wrist_rotation": 78.10272084368069, "gripper": 77.68830381775422}, "rc-angle-target": {"0": 23.83818712328508, "1": 89.0, "2": 98.0, "3": 87.0, "4": 78.10272084368069}, "rc-pulse-target": {"0": 804.0, "1": 1448.0, "2": 1588.0, "3": 1466.0, "4": 1367.0, "5": 1334.6754427336869}, "reward": 0.0, "annotation": ""}