{"rc-position-target": {"height": 2.2715825170964243, "distance": 6.462255691873311, "heading": -67.66181287671492, "wrist_angle": -57.02022050916909, "wrist_rotation": 78.60272084368069, "gripper": 77.68830381775422}, "rc-angle-target": {"0": 22.33818712328508, "1": 90.0, "2": 99.0, "3": 87.0, "4": 78.60272084368069}, "rc-pulse-target": {"0": 788.0, "1": 1460.0, "2": 1600.0, "3": 1466.0, "4": 1373.0, "5": 1334.6754427336869}, "reward": 0.0, "annotation": ""}