{"rc-position-target": {"height": 2.871582517096425, "distance": 7.062255691873309, "heading": -58.71093230917661, "wrist_angle": -48.02022050916909, "wrist_rotation": 75.60272084368069, "gripper": 77.68830381775422}, "rc-angle-target": {"0": 31.289067690823387, "1": 87.0, "2": 91.0, "3": 90.0, "4": 75.60272084368069}, "rc-pulse-target": {"0": 887.0, "1": 1426.0, "2": 1511.0, "3": 1500.0, "4": 1340.0, "5": 1334.6754427336869}, "reward": 0.0, "annotation": ""}