{"rc-position-target": {"height": 2.1715825170964242, "distance": 6.362255691873312, "heading": -69.16181287671492, "wrist_angle": -58.52022050916909, "wrist_rotation": 79.10272084368069, "gripper": 77.68830381775422}, "rc-angle-target": {"0": 20.83818712328508, "1": 90.0, "2": 100.0, "3": 86.0, "4": 79.10272084368069}, "rc-pulse-target": {"0": 771.0, "1": 1460.0, "2": 1611.0, "3": 1455.0, "4": 1378.0, "5": 1334.6754427336869}, "reward": 0.0, "annotation": ""}