{"rc-position-target": {"height": 2.771582517096425, "distance": 6.96225569187331, "heading": -60.16181287671492, "wrist_angle": -49.52022050916909, "wrist_rotation": 76.10272084368069, "gripper": 77.68830381775422}, "rc-angle-target": {"0": 29.83818712328508, "1": 87.0, "2": 92.0, "3": 90.0, "4": 76.10272084368069}, "rc-pulse-target": {"0": 871.0, "1": 1426.0, "2": 1522.0, "3": 1500.0, "4": 1345.0, "5": 1334.6754427336869}, "reward": 0.0, "annotation": ""}