{"rc-position-target": {"height": 2.071582517096424, "distance": 6.262255691873312, "heading": -70.66181287671492, "wrist_angle": -60.02022050916909, "wrist_rotation": 79.60272084368069, "gripper": 77.68830381775422}, "rc-angle-target": {"0": 19.33818712328508, "1": 91.0, "2": 102.0, "3": 85.0, "4": 79.60272084368069}, "rc-pulse-target": {"0": 754.0, "1": 1471.0, "2": 1633.0, "3": 1444.0, "4": 1384.0, "5": 1334.6754427336869}, "reward": 0.0, "annotation": ""}