{"rc-position-target": {"height": 2.5715825170964246, "distance": 6.76225569187331, "heading": -63.16181287671492, "wrist_angle": -52.52022050916909, "wrist_rotation": 77.10272084368069, "gripper": 77.68830381775422}, "rc-angle-target": {"0": 26.83818712328508, "1": 88.0, "2": 95.0, "3": 89.0, "4": 77.10272084368069}, "rc-pulse-target": {"0": 838.0, "1": 1437.0, "2": 1555.0, "3": 1488.0, "4": 1356.0, "5": 1334.6754427336869}, "reward": 0.0, "annotation": ""}