{"rc-position-target": {"height": 3.3715825170964253, "distance": 7.5622556918733075, "heading": -58.71093230917661, "wrist_angle": -40.52022050916909, "wrist_rotation": 73.32783518443274, "gripper": 77.68830381775422}, "rc-angle-target": {"0": 31.289067690823387, "1": 84.0, "2": 83.0, "3": 94.0, "4": 73.32783518443274}, "rc-pulse-target": {"0": 887.0, "1": 1393.0, "2": 1422.0, "3": 1544.0, "4": 1314.0, "5": 1334.6754427336869}, "reward": 0.0, "annotation": ""}