{"rc-position-target": {"height": 3.5715825170964255, "distance": 7.762255691873307, "heading": -58.71093230917661, "wrist_angle": -37.52022050916909, "wrist_rotation": 73.32783518443274, "gripper": 77.68830381775422}, "rc-angle-target": {"0": 31.289067690823387, "1": 82.0, "2": 80.0, "3": 95.0, "4": 73.32783518443274}, "rc-pulse-target": {"0": 887.0, "1": 1371.0, "2": 1388.0, "3": 1555.0, "4": 1314.0, "5": 1334.6754427336869}, "reward": 0.0, "annotation": ""}