{"rc-position-target": {"height": 3.2715825170964252, "distance": 7.462255691873308, "heading": -58.71093230917661, "wrist_angle": -42.02022050916909, "wrist_rotation": 73.60272084368069, "gripper": 77.68830381775422}, "rc-angle-target": {"0": 31.289067690823387, "1": 84.0, "2": 85.0, "3": 93.0, "4": 73.60272084368069}, "rc-pulse-target": {"0": 887.0, "1": 1393.0, "2": 1444.0, "3": 1533.0, "4": 1317.0, "5": 1334.6754427336869}, "reward": 0.0, "annotation": ""}