{"rc-position-target": {"height": 3.171582517096425, "distance": 7.362255691873308, "heading": -58.71093230917661, "wrist_angle": -43.52022050916909, "wrist_rotation": 74.10272084368069, "gripper": 77.68830381775422}, "rc-angle-target": {"0": 31.289067690823387, "1": 85.0, "2": 86.0, "3": 92.0, "4": 74.10272084368069}, "rc-pulse-target": {"0": 887.0, "1": 1404.0, "2": 1455.0, "3": 1522.0, "4": 1323.0, "5": 1334.6754427336869}, "reward": 0.0, "annotation": ""}