{"rc-position-target": {"height": 2.971582517096425, "distance": 7.162255691873309, "heading": -58.71093230917661, "wrist_angle": -46.52022050916909, "wrist_rotation": 75.10272084368069, "gripper": 77.68830381775422}, "rc-angle-target": {"0": 31.289067690823387, "1": 86.0, "2": 89.0, "3": 91.0, "4": 75.10272084368069}, "rc-pulse-target": {"0": 887.0, "1": 1415.0, "2": 1488.0, "3": 1511.0, "4": 1334.0, "5": 1334.6754427336869}, "reward": 0.0, "annotation": ""}