{"rc-position-target": {"height": 3.071582517096425, "distance": 7.2622556918733085, "heading": -58.71093230917661, "wrist_angle": -45.02022050916909, "wrist_rotation": 74.60272084368069, "gripper": 77.68830381775422}, "rc-angle-target": {"0": 31.289067690823387, "1": 86.0, "2": 88.0, "3": 92.0, "4": 74.60272084368069}, "rc-pulse-target": {"0": 887.0, "1": 1415.0, "2": 1477.0, "3": 1522.0, "4": 1328.0, "5": 1334.6754427336869}, "reward": 0.0, "annotation": ""}