{"rc-position-target": {"height": 3.672303497266768, "distance": 7.953073226889586, "heading": -58.71093230917661, "wrist_angle": -18.020220509169093, "wrist_rotation": 73.32783518443274, "gripper": 77.68830381775422}, "rc-angle-target": {"0": 31.289067690823387, "1": 81.0, "2": 78.0, "3": 113.0, "4": 73.32783518443274}, "rc-pulse-target": {"0": 887.0, "1": 1360.0, "2": 1366.0, "3": 1755.0, "4": 1314.0, "5": 1334.6754427336869}, "reward": 0.0, "annotation": ""}