{"rc-position-target": {"height": 3.2723034972667677, "distance": 7.5530732268895875, "heading": -52.71093230917661, "wrist_angle": -15.020220509169093, "wrist_rotation": 75.32783518443274, "gripper": 57.68830381775422}, "rc-angle-target": {"0": 37.28906769082339, "1": 84.0, "2": 84.0, "3": 120.0, "4": 75.32783518443274}, "rc-pulse-target": {"0": 954.0, "1": 1393.0, "2": 1433.0, "3": 1833.0, "4": 1336.0, "5": 1634.6754427336869}, "reward": 0.0, "annotation": ""}