{"rc-position-target": {"height": 3.472303497266768, "distance": 7.753073226889587, "heading": -55.71093230917661, "wrist_angle": -12.020220509169093, "wrist_rotation": 74.32783518443274, "gripper": 67.68830381775422}, "rc-angle-target": {"0": 34.28906769082339, "1": 82.0, "2": 81.0, "3": 121.0, "4": 74.32783518443274}, "rc-pulse-target": {"0": 920.0, "1": 1371.0, "2": 1400.0, "3": 1844.0, "4": 1325.0, "5": 1484.6754427336869}, "reward": 0.0, "annotation": ""}