{"rc-position-target": {"height": 3.372303497266768, "distance": 7.653073226889587, "heading": -54.21093230917661, "wrist_angle": -13.520220509169093, "wrist_rotation": 74.82783518443274, "gripper": 62.68830381775422}, "rc-angle-target": {"0": 35.78906769082339, "1": 83.0, "2": 82.0, "3": 120.0, "4": 74.82783518443274}, "rc-pulse-target": {"0": 937.0, "1": 1382.0, "2": 1411.0, "3": 1833.0, "4": 1331.0, "5": 1559.6754427336869}, "reward": 0.0, "annotation": ""}