{"rc-position-target": {"height": 3.572303497266768, "distance": 7.853073226889586, "heading": -57.21093230917661, "wrist_angle": -10.520220509169093, "wrist_rotation": 73.82783518443274, "gripper": 72.68830381775422}, "rc-angle-target": {"0": 32.78906769082339, "1": 82.0, "2": 79.0, "3": 122.0, "4": 73.82783518443274}, "rc-pulse-target": {"0": 904.0, "1": 1371.0, "2": 1377.0, "3": 1855.0, "4": 1320.0, "5": 1409.6754427336869}, "reward": 0.0, "annotation": ""}