{"rc-position-target": {"height": 2.8723034972667674, "distance": 7.153073226889589, "heading": -50.88790797055168, "wrist_angle": -21.020220509169093, "wrist_rotation": 77.32783518443274, "gripper": 37.68830381775422}, "rc-angle-target": {"0": 39.11209202944832, "1": 86.0, "2": 90.0, "3": 117.0, "4": 77.32783518443274}, "rc-pulse-target": {"0": 974.0, "1": 1415.0, "2": 1500.0, "3": 1800.0, "4": 1359.0, "5": 1934.6754427336869}, "reward": 0.0, "annotation": ""}