{"rc-position-target": {"height": 3.1723034972667676, "distance": 7.453073226889588, "heading": -51.21093230917661, "wrist_angle": -16.520220509169093, "wrist_rotation": 75.82783518443274, "gripper": 52.68830381775422}, "rc-angle-target": {"0": 38.78906769082339, "1": 84.0, "2": 85.0, "3": 119.0, "4": 75.82783518443274}, "rc-pulse-target": {"0": 970.0, "1": 1393.0, "2": 1444.0, "3": 1822.0, "4": 1342.0, "5": 1709.6754427336869}, "reward": 0.0, "annotation": ""}