{"rc-position-target": {"height": 2.7723034972667673, "distance": 7.053073226889589, "heading": -50.88790797055168, "wrist_angle": -22.520220509169093, "wrist_rotation": 77.82783518443274, "gripper": 32.68830381775422}, "rc-angle-target": {"0": 39.11209202944832, "1": 86.0, "2": 91.0, "3": 117.0, "4": 77.82783518443274}, "rc-pulse-target": {"0": 974.0, "1": 1415.0, "2": 1511.0, "3": 1800.0, "4": 1364.0, "5": 2009.6754427336869}, "reward": 0.0, "annotation": ""}