{"rc-position-target": {"height": 2.272303497266767, "distance": 6.553073226889591, "heading": -50.88790797055168, "wrist_angle": -27.657028270518055, "wrist_rotation": 80.32783518443274, "gripper": 9.920688777927488}, "rc-angle-target": {"0": 39.11209202944832, "1": 89.0, "2": 98.0, "3": 116.0, "4": 80.32783518443274}, "rc-pulse-target": {"0": 974.0, "1": 1448.0, "2": 1588.0, "3": 1788.0, "4": 1392.0, "5": 2351.189668331088}, "reward": 0.0, "annotation": ""}