{"rc-position-target": {"height": 2.372303497266767, "distance": 6.653073226889591, "heading": -50.88790797055168, "wrist_angle": -27.657028270518055, "wrist_rotation": 79.82783518443274, "gripper": 12.688303817754218}, "rc-angle-target": {"0": 39.11209202944832, "1": 89.0, "2": 97.0, "3": 115.0, "4": 79.82783518443274}, "rc-pulse-target": {"0": 974.0, "1": 1448.0, "2": 1577.0, "3": 1777.0, "4": 1386.0, "5": 2309.675442733687}, "reward": 0.0, "annotation": ""}