{"rc-position-target": {"height": 2.472303497266767, "distance": 6.75307322688959, "heading": -50.88790797055168, "wrist_angle": -27.020220509169093, "wrist_rotation": 79.32783518443274, "gripper": 17.688303817754218}, "rc-angle-target": {"0": 39.11209202944832, "1": 88.0, "2": 95.0, "3": 115.0, "4": 79.32783518443274}, "rc-pulse-target": {"0": 974.0, "1": 1437.0, "2": 1555.0, "3": 1777.0, "4": 1381.0, "5": 2234.675442733687}, "reward": 0.0, "annotation": ""}