{"rc-position-target": {"height": 2.672303497266767, "distance": 6.95307322688959, "heading": -50.88790797055168, "wrist_angle": -24.020220509169093, "wrist_rotation": 78.32783518443274, "gripper": 27.688303817754218}, "rc-angle-target": {"0": 39.11209202944832, "1": 87.0, "2": 93.0, "3": 116.0, "4": 78.32783518443274}, "rc-pulse-target": {"0": 974.0, "1": 1426.0, "2": 1533.0, "3": 1788.0, "4": 1370.0, "5": 2084.675442733687}, "reward": 0.0, "annotation": ""}