{"rc-position-target": {"height": 3.0723034972667675, "distance": 7.353073226889588, "heading": -50.88790797055168, "wrist_angle": -18.020220509169093, "wrist_rotation": 76.32783518443274, "gripper": 47.68830381775422}, "rc-angle-target": {"0": 39.11209202944832, "1": 85.0, "2": 87.0, "3": 119.0, "4": 76.32783518443274}, "rc-pulse-target": {"0": 974.0, "1": 1404.0, "2": 1466.0, "3": 1822.0, "4": 1348.0, "5": 1784.6754427336869}, "reward": 0.0, "annotation": ""}