{"rc-position-target": {"height": 2.9723034972667675, "distance": 7.2530732268895886, "heading": -50.88790797055168, "wrist_angle": -19.520220509169093, "wrist_rotation": 76.82783518443274, "gripper": 42.68830381775422}, "rc-angle-target": {"0": 39.11209202944832, "1": 85.0, "2": 88.0, "3": 118.0, "4": 76.82783518443274}, "rc-pulse-target": {"0": 974.0, "1": 1404.0, "2": 1477.0, "3": 1811.0, "4": 1353.0, "5": 1859.6754427336869}, "reward": 0.0, "annotation": ""}