{"rc-position-target": {"height": 2.572303497266767, "distance": 6.85307322688959, "heading": -50.88790797055168, "wrist_angle": -25.520220509169093, "wrist_rotation": 78.82783518443274, "gripper": 22.688303817754218}, "rc-angle-target": {"0": 39.11209202944832, "1": 88.0, "2": 94.0, "3": 115.0, "4": 78.82783518443274}, "rc-pulse-target": {"0": 974.0, "1": 1437.0, "2": 1544.0, "3": 1777.0, "4": 1375.0, "5": 2159.675442733687}, "reward": 0.0, "annotation": ""}