{"rc-position-target": {"height": 1.7723034972667664, "distance": 6.053073226889593, "heading": -50.88790797055168, "wrist_angle": -27.657028270518055, "wrist_rotation": 82.82783518443274, "gripper": 9.920688777927488}, "rc-angle-target": {"0": 39.11209202944832, "1": 91.0, "2": 105.0, "3": 120.0, "4": 82.82783518443274}, "rc-pulse-target": {"0": 974.0, "1": 1471.0, "2": 1666.0, "3": 1833.0, "4": 1420.0, "5": 2351.189668331088}, "reward": 0.0, "annotation": ""}