{"rc-position-target": {"height": 1.8723034972667665, "distance": 6.1530732268895925, "heading": -50.88790797055168, "wrist_angle": -27.657028270518055, "wrist_rotation": 82.32783518443274, "gripper": 9.920688777927488}, "rc-angle-target": {"0": 39.11209202944832, "1": 91.0, "2": 103.0, "3": 120.0, "4": 82.32783518443274}, "rc-pulse-target": {"0": 974.0, "1": 1471.0, "2": 1644.0, "3": 1833.0, "4": 1414.0, "5": 2351.189668331088}, "reward": 0.0, "annotation": ""}