{"rc-position-target": {"height": 1.5515242751458826, "distance": 5.753073226889594, "heading": -50.88790797055168, "wrist_angle": -27.657028270518055, "wrist_rotation": 84.32783518443274, "gripper": 9.920688777927488}, "rc-angle-target": {"0": 39.11209202944832, "1": 93.0, "2": 108.0, "3": 122.0, "4": 84.32783518443274}, "rc-pulse-target": {"0": 974.0, "1": 1493.0, "2": 1700.0, "3": 1855.0, "4": 1436.0, "5": 2351.189668331088}, "reward": 0.0, "annotation": ""}