{"rc-position-target": {"height": 1.6723034972667663, "distance": 5.953073226889593, "heading": -50.88790797055168, "wrist_angle": -27.657028270518055, "wrist_rotation": 83.32783518443274, "gripper": 9.920688777927488}, "rc-angle-target": {"0": 39.11209202944832, "1": 91.0, "2": 106.0, "3": 121.0, "4": 83.32783518443274}, "rc-pulse-target": {"0": 974.0, "1": 1471.0, "2": 1677.0, "3": 1844.0, "4": 1425.0, "5": 2351.189668331088}, "reward": 0.0, "annotation": ""}