{"rc-position-target": {"height": 2.1723034972667667, "distance": 6.453073226889591, "heading": -50.88790797055168, "wrist_angle": -27.657028270518055, "wrist_rotation": 80.82783518443274, "gripper": 9.920688777927488}, "rc-angle-target": {"0": 39.11209202944832, "1": 89.0, "2": 99.0, "3": 117.0, "4": 80.82783518443274}, "rc-pulse-target": {"0": 974.0, "1": 1448.0, "2": 1600.0, "3": 1800.0, "4": 1398.0, "5": 2351.189668331088}, "reward": 0.0, "annotation": ""}