{"rc-position-target": {"height": 2.0723034972667667, "distance": 6.353073226889592, "heading": -50.88790797055168, "wrist_angle": -27.657028270518055, "wrist_rotation": 81.32783518443274, "gripper": 9.920688777927488}, "rc-angle-target": {"0": 39.11209202944832, "1": 90.0, "2": 101.0, "3": 118.0, "4": 81.32783518443274}, "rc-pulse-target": {"0": 974.0, "1": 1460.0, "2": 1622.0, "3": 1811.0, "4": 1403.0, "5": 2351.189668331088}, "reward": 0.0, "annotation": ""}