{"rc-position-target": {"height": 1.5723034972667662, "distance": 5.8530732268895935, "heading": -50.88790797055168, "wrist_angle": -27.657028270518055, "wrist_rotation": 83.82783518443274, "gripper": 9.920688777927488}, "rc-angle-target": {"0": 39.11209202944832, "1": 92.0, "2": 107.0, "3": 122.0, "4": 83.82783518443274}, "rc-pulse-target": {"0": 974.0, "1": 1482.0, "2": 1688.0, "3": 1855.0, "4": 1431.0, "5": 2351.189668331088}, "reward": 0.0, "annotation": ""}