{"rc-position-target": {"height": 1.9723034972667666, "distance": 6.253073226889592, "heading": -50.88790797055168, "wrist_angle": -27.657028270518055, "wrist_rotation": 81.82783518443274, "gripper": 9.920688777927488}, "rc-angle-target": {"0": 39.11209202944832, "1": 90.0, "2": 102.0, "3": 119.0, "4": 81.82783518443274}, "rc-pulse-target": {"0": 974.0, "1": 1460.0, "2": 1633.0, "3": 1822.0, "4": 1409.0, "5": 2351.189668331088}, "reward": 0.0, "annotation": ""}