{"rc-position-target": {"height": 1.5515242751458826, "distance": 5.453073226889595, "heading": -50.88790797055168, "wrist_angle": -27.657028270518055, "wrist_rotation": 84.6587744557304, "gripper": 9.920688777927488}, "rc-angle-target": {"0": 39.11209202944832, "1": 96.0, "2": 111.0, "3": 122.0, "4": 84.6587744557304}, "rc-pulse-target": {"0": 974.0, "1": 1526.0, "2": 1733.0, "3": 1855.0, "4": 1440.0, "5": 2351.189668331088}, "reward": 0.0, "annotation": ""}