{"rc-position-target": {"height": 1.5515242751458826, "distance": 4.953073226889597, "heading": -50.88790797055168, "wrist_angle": -27.657028270518055, "wrist_rotation": 84.6587744557304, "gripper": 9.920688777927488}, "rc-angle-target": {"0": 39.11209202944832, "1": 101.0, "2": 116.0, "3": 121.0, "4": 84.6587744557304}, "rc-pulse-target": {"0": 974.0, "1": 1582.0, "2": 1788.0, "3": 1844.0, "4": 1440.0, "5": 2351.189668331088}, "reward": 0.0, "annotation": ""}