{"rc-position-target": {"height": 4.800000000000001, "distance": 4.800000000000001, "heading": -3.0, "wrist_angle": -42.0, "wrist_rotation": 74.0, "gripper": 90.0}, "rc-angle-target": {"0": 87.0, "1": 116.0, "2": 100.0, "3": 76.0, "4": 74.0}, "rc-pulse-target": {"0": 1506.0, "1": 1748.0, "2": 1611.0, "3": 1344.0, "4": 1322.0, "5": 1150.0}, "reward": 0.0, "annotation": ""}