{"rc-position-target": {"height": 4.600000000000001, "distance": 4.799558636913746, "heading": -6.0, "wrist_angle": -39.0, "wrist_rotation": 73.0, "gripper": 80.0}, "rc-angle-target": {"0": 84.0, "1": 116.0, "2": 101.0, "3": 81.0, "4": 73.0}, "rc-pulse-target": {"0": 1473.0, "1": 1748.0, "2": 1622.0, "3": 1400.0, "4": 1311.0, "5": 1300.0}, "reward": 0.0, "annotation": ""}