{"rc-position-target": {"height": 4.534186441512052, "distance": 4.799558636913746, "heading": -9.0, "wrist_angle": -36.0, "wrist_rotation": 72.0, "gripper": 70.0}, "rc-angle-target": {"0": 81.0, "1": 116.0, "2": 102.0, "3": 84.0, "4": 72.0}, "rc-pulse-target": {"0": 1440.0, "1": 1748.0, "2": 1633.0, "3": 1433.0, "4": 1300.0, "5": 1450.0}, "reward": 0.0, "annotation": ""}