{"rc-position-target": {"height": 4.534186441512052, "distance": 4.799558636913746, "heading": -19.5, "wrist_angle": -32.401707712390845, "wrist_rotation": 68.5, "gripper": 35.0}, "rc-angle-target": {"0": 70.5, "1": 116.0, "2": 102.0, "3": 88.0, "4": 68.5}, "rc-pulse-target": {"0": 1323.0, "1": 1748.0, "2": 1633.0, "3": 1477.0, "4": 1261.0, "5": 1975.0}, "reward": 0.0, "annotation": ""}