{"rc-position-target": {"height": 4.534186441512052, "distance": 4.799558636913746, "heading": -15.0, "wrist_angle": -32.401707712390845, "wrist_rotation": 70.0, "gripper": 50.0}, "rc-angle-target": {"0": 75.0, "1": 116.0, "2": 102.0, "3": 88.0, "4": 70.0}, "rc-pulse-target": {"0": 1373.0, "1": 1748.0, "2": 1633.0, "3": 1477.0, "4": 1277.0, "5": 1750.0}, "reward": 0.0, "annotation": ""}