{"rc-position-target": {"height": 4.534186441512052, "distance": 4.799558636913746, "heading": -58.5, "wrist_angle": -32.401707712390845, "wrist_rotation": 68.0599929857293, "gripper": 31.778196938847316}, "rc-angle-target": {"0": 31.5, "1": 116.0, "2": 102.0, "3": 88.0, "4": 68.0599929857293}, "rc-pulse-target": {"0": 890.0, "1": 1748.0, "2": 1633.0, "3": 1477.0, "4": 1256.0, "5": 2023.3270459172902}, "reward": 0.0, "annotation": ""}