{"rc-position-target": {"height": 4.434186441512052, "distance": 4.899558636913746, "heading": -85.5, "wrist_angle": -30.901707712390845, "wrist_rotation": 68.5599929857293, "gripper": 36.778196938847316}, "rc-angle-target": {"0": 4.5, "1": 115.0, "2": 102.0, "3": 91.0, "4": 68.5599929857293}, "rc-pulse-target": {"0": 590.0, "1": 1737.0, "2": 1633.0, "3": 1511.0, "4": 1261.0, "5": 1948.3270459172902}, "reward": 0.0, "annotation": ""}