{"rc-position-target": {"height": 3.9341864415120535, "distance": 5.399558636913744, "heading": -78.0, "wrist_angle": -23.401707712390845, "wrist_rotation": 71.0599929857293, "gripper": 40.60969929654576}, "rc-angle-target": {"0": 12.0, "1": 108.0, "2": 101.0, "3": 104.0, "4": 71.0599929857293}, "rc-pulse-target": {"0": 673.0, "1": 1660.0, "2": 1622.0, "3": 1655.0, "4": 1289.0, "5": 1890.8545105518135}, "reward": 0.0, "annotation": ""}