{"rc-position-target": {"height": 4.034186441512054, "distance": 5.299558636913744, "heading": -79.5, "wrist_angle": -24.901707712390845, "wrist_rotation": 70.5599929857293, "gripper": 40.60969929654576}, "rc-angle-target": {"0": 10.5, "1": 109.0, "2": 101.0, "3": 101.0, "4": 70.5599929857293}, "rc-pulse-target": {"0": 656.0, "1": 1671.0, "2": 1622.0, "3": 1622.0, "4": 1283.0, "5": 1890.8545105518135}, "reward": 0.0, "annotation": ""}