{"rc-position-target": {"height": 3.7341864415120534, "distance": 5.599558636913743, "heading": -75.0, "wrist_angle": -20.401707712390845, "wrist_rotation": 72.0599929857293, "gripper": 40.60969929654576}, "rc-angle-target": {"0": 15.0, "1": 105.0, "2": 100.0, "3": 109.0, "4": 72.0599929857293}, "rc-pulse-target": {"0": 706.0, "1": 1626.0, "2": 1611.0, "3": 1711.0, "4": 1300.0, "5": 1890.8545105518135}, "reward": 0.0, "annotation": ""}