{"rc-position-target": {"height": 4.234186441512053, "distance": 5.099558636913745, "heading": -82.5, "wrist_angle": -27.901707712390845, "wrist_rotation": 69.5599929857293, "gripper": 40.60969929654576}, "rc-angle-target": {"0": 7.5, "1": 112.0, "2": 101.0, "3": 96.0, "4": 69.5599929857293}, "rc-pulse-target": {"0": 623.0, "1": 1704.0, "2": 1622.0, "3": 1566.0, "4": 1272.0, "5": 1890.8545105518135}, "reward": 0.0, "annotation": ""}