{"rc-position-target": {"height": 4.134186441512053, "distance": 5.1995586369137445, "heading": -81.0, "wrist_angle": -26.401707712390845, "wrist_rotation": 70.0599929857293, "gripper": 40.60969929654576}, "rc-angle-target": {"0": 9.0, "1": 111.0, "2": 101.0, "3": 99.0, "4": 70.0599929857293}, "rc-pulse-target": {"0": 640.0, "1": 1693.0, "2": 1622.0, "3": 1600.0, "4": 1278.0, "5": 1890.8545105518135}, "reward": 0.0, "annotation": ""}