{"rc-position-target": {"height": 3.534186441512053, "distance": 5.799558636913742, "heading": -72.0, "wrist_angle": -17.401707712390845, "wrist_rotation": 73.0599929857293, "gripper": 40.60969929654576}, "rc-angle-target": {"0": 18.0, "1": 102.0, "2": 100.0, "3": 114.0, "4": 73.0599929857293}, "rc-pulse-target": {"0": 740.0, "1": 1593.0, "2": 1611.0, "3": 1766.0, "4": 1311.0, "5": 1890.8545105518135}, "reward": 0.0, "annotation": ""}