{"rc-position-target": {"height": 3.6341864415120533, "distance": 5.699558636913743, "heading": -73.5, "wrist_angle": -18.901707712390845, "wrist_rotation": 72.5599929857293, "gripper": 40.60969929654576}, "rc-angle-target": {"0": 16.5, "1": 104.0, "2": 100.0, "3": 112.0, "4": 72.5599929857293}, "rc-pulse-target": {"0": 723.0, "1": 1615.0, "2": 1611.0, "3": 1744.0, "4": 1306.0, "5": 1890.8545105518135}, "reward": 0.0, "annotation": ""}