{"rc-position-target": {"height": 3.8341864415120535, "distance": 5.4995586369137435, "heading": -76.5, "wrist_angle": -21.901707712390845, "wrist_rotation": 71.5599929857293, "gripper": 40.60969929654576}, "rc-angle-target": {"0": 13.5, "1": 107.0, "2": 101.0, "3": 107.0, "4": 71.5599929857293}, "rc-pulse-target": {"0": 690.0, "1": 1648.0, "2": 1622.0, "3": 1688.0, "4": 1295.0, "5": 1890.8545105518135}, "reward": 0.0, "annotation": ""}