{"rc-position-target": {"height": 4.334186441512053, "distance": 4.999558636913745, "heading": -84.0, "wrist_angle": -29.401707712390845, "wrist_rotation": 69.0599929857293, "gripper": 40.60969929654576}, "rc-angle-target": {"0": 6.0, "1": 113.0, "2": 101.0, "3": 93.0, "4": 69.0599929857293}, "rc-pulse-target": {"0": 606.0, "1": 1715.0, "2": 1622.0, "3": 1533.0, "4": 1267.0, "5": 1890.8545105518135}, "reward": 0.0, "annotation": ""}