{"rc-position-target": {"height": 3.434186441512053, "distance": 5.899558636913742, "heading": -70.5, "wrist_angle": -16.049837033358145, "wrist_rotation": 73.5599929857293, "gripper": 40.60969929654576}, "rc-angle-target": {"0": 19.5, "1": 101.0, "2": 99.0, "3": 117.0, "4": 73.5599929857293}, "rc-pulse-target": {"0": 756.0, "1": 1582.0, "2": 1600.0, "3": 1800.0, "4": 1317.0, "5": 1890.8545105518135}, "reward": 0.0, "annotation": ""}