{"rc-position-target": {"height": 2.6341864415120524, "distance": 6.699558636913739, "heading": -67.96496936823068, "wrist_angle": -16.049837033358145, "wrist_rotation": 77.5599929857293, "gripper": 40.60969929654576}, "rc-angle-target": {"0": 22.035030631769317, "1": 89.0, "2": 95.0, "3": 124.0, "4": 77.5599929857293}, "rc-pulse-target": {"0": 784.0, "1": 1448.0, "2": 1555.0, "3": 1877.0, "4": 1361.0, "5": 1890.8545105518135}, "reward": 0.0, "annotation": ""}