{"rc-position-target": {"height": 3.234186441512053, "distance": 6.099558636913741, "heading": -67.96496936823068, "wrist_angle": -16.049837033358145, "wrist_rotation": 74.5599929857293, "gripper": 40.60969929654576}, "rc-angle-target": {"0": 22.035030631769317, "1": 98.0, "2": 98.0, "3": 119.0, "4": 74.5599929857293}, "rc-pulse-target": {"0": 784.0, "1": 1548.0, "2": 1588.0, "3": 1822.0, "4": 1328.0, "5": 1890.8545105518135}, "reward": 0.0, "annotation": ""}