{"rc-position-target": {"height": 2.8341864415120526, "distance": 6.49955863691374, "heading": -67.96496936823068, "wrist_angle": -16.049837033358145, "wrist_rotation": 76.5599929857293, "gripper": 40.60969929654576}, "rc-angle-target": {"0": 22.035030631769317, "1": 92.0, "2": 96.0, "3": 123.0, "4": 76.5599929857293}, "rc-pulse-target": {"0": 784.0, "1": 1482.0, "2": 1566.0, "3": 1866.0, "4": 1350.0, "5": 1890.8545105518135}, "reward": 0.0, "annotation": ""}