{"rc-position-target": {"height": 2.9341864415120527, "distance": 6.39955863691374, "heading": -67.96496936823068, "wrist_angle": -16.049837033358145, "wrist_rotation": 76.0599929857293, "gripper": 40.60969929654576}, "rc-angle-target": {"0": 22.035030631769317, "1": 94.0, "2": 97.0, "3": 122.0, "4": 76.0599929857293}, "rc-pulse-target": {"0": 784.0, "1": 1504.0, "2": 1577.0, "3": 1855.0, "4": 1345.0, "5": 1890.8545105518135}, "reward": 0.0, "annotation": ""}