{"rc-position-target": {"height": 3.134186441512053, "distance": 6.199558636913741, "heading": -67.96496936823068, "wrist_angle": -16.049837033358145, "wrist_rotation": 75.0599929857293, "gripper": 40.60969929654576}, "rc-angle-target": {"0": 22.035030631769317, "1": 97.0, "2": 98.0, "3": 120.0, "4": 75.0599929857293}, "rc-pulse-target": {"0": 784.0, "1": 1537.0, "2": 1588.0, "3": 1833.0, "4": 1333.0, "5": 1890.8545105518135}, "reward": 0.0, "annotation": ""}