{"rc-position-target": {"height": 2.5341864415120523, "distance": 6.799558636913739, "heading": -67.96496936823068, "wrist_angle": -16.049837033358145, "wrist_rotation": 78.0599929857293, "gripper": 40.60969929654576}, "rc-angle-target": {"0": 22.035030631769317, "1": 88.0, "2": 95.0, "3": 125.0, "4": 78.0599929857293}, "rc-pulse-target": {"0": 784.0, "1": 1437.0, "2": 1555.0, "3": 1888.0, "4": 1367.0, "5": 1890.8545105518135}, "reward": 0.0, "annotation": ""}