{"rc-position-target": {"height": 3.334186441512053, "distance": 5.999558636913742, "heading": -69.0, "wrist_angle": -16.049837033358145, "wrist_rotation": 74.0599929857293, "gripper": 40.60969929654576}, "rc-angle-target": {"0": 21.0, "1": 99.0, "2": 99.0, "3": 118.0, "4": 74.0599929857293}, "rc-pulse-target": {"0": 773.0, "1": 1560.0, "2": 1600.0, "3": 1811.0, "4": 1322.0, "5": 1890.8545105518135}, "reward": 0.0, "annotation": ""}