{"rc-position-target": {"height": 3.0341864415120527, "distance": 6.299558636913741, "heading": -67.96496936823068, "wrist_angle": -16.049837033358145, "wrist_rotation": 75.5599929857293, "gripper": 40.60969929654576}, "rc-angle-target": {"0": 22.035030631769317, "1": 95.0, "2": 98.0, "3": 121.0, "4": 75.5599929857293}, "rc-pulse-target": {"0": 784.0, "1": 1515.0, "2": 1588.0, "3": 1844.0, "4": 1339.0, "5": 1890.8545105518135}, "reward": 0.0, "annotation": ""}