{"rc-position-target": {"height": 1.9341864415120518, "distance": 7.399558636913737, "heading": -67.96496936823068, "wrist_angle": -16.049837033358145, "wrist_rotation": 79.43917439211839, "gripper": 40.60969929654576}, "rc-angle-target": {"0": 22.035030631769317, "1": 79.0, "2": 90.0, "3": 130.0, "4": 79.43917439211839}, "rc-pulse-target": {"0": 784.0, "1": 1337.0, "2": 1500.0, "3": 1944.0, "4": 1382.0, "5": 1890.8545105518135}, "reward": 0.0, "annotation": ""}