{"rc-position-target": {"height": 1.6341864415120515, "distance": 7.699558636913736, "heading": -67.96496936823068, "wrist_angle": -16.049837033358145, "wrist_rotation": 79.43917439211839, "gripper": 40.60969929654576}, "rc-angle-target": {"0": 22.035030631769317, "1": 75.0, "2": 88.0, "3": 132.0, "4": 79.43917439211839}, "rc-pulse-target": {"0": 784.0, "1": 1293.0, "2": 1477.0, "3": 1966.0, "4": 1382.0, "5": 1890.8545105518135}, "reward": 0.0, "annotation": ""}