{"rc-position-target": {"height": 2.334186441512052, "distance": 6.999558636913738, "heading": -67.96496936823068, "wrist_angle": -16.049837033358145, "wrist_rotation": 79.0599929857293, "gripper": 40.60969929654576}, "rc-angle-target": {"0": 22.035030631769317, "1": 85.0, "2": 93.0, "3": 127.0, "4": 79.0599929857293}, "rc-pulse-target": {"0": 784.0, "1": 1404.0, "2": 1533.0, "3": 1911.0, "4": 1378.0, "5": 1890.8545105518135}, "reward": 0.0, "annotation": ""}