{"rc-position-target": {"height": 1.3557525906065577, "distance": 7.830952392508012, "heading": -66.46496936823068, "wrist_angle": -15.749153868125632, "wrist_rotation": 79.46257718877769, "gripper": 45.60969929654576}, "rc-angle-target": {"0": 23.535030631769317, "1": 72.0, "2": 87.0, "3": 134.0, "4": 79.46257718877769}, "rc-pulse-target": {"0": 801.0, "1": 1260.0, "2": 1466.0, "3": 1988.0, "4": 1382.0, "5": 1815.8545105518135}, "reward": 0.0, "annotation": ""}