{"rc-position-target": {"height": 1.4557525906065578, "distance": 7.930952392508011, "heading": -64.96496936823068, "wrist_angle": -15.749153868125632, "wrist_rotation": 79.46257718877769, "gripper": 47.6075650699171}, "rc-angle-target": {"0": 25.035030631769317, "1": 72.0, "2": 86.0, "3": 133.0, "4": 79.46257718877769}, "rc-pulse-target": {"0": 818.0, "1": 1260.0, "2": 1455.0, "3": 1977.0, "4": 1382.0, "5": 1785.8865239512434}, "reward": 0.0, "annotation": ""}