{"rc-position-target": {"height": 1.555752590606558, "distance": 8.030952392508011, "heading": -63.46496936823068, "wrist_angle": -15.749153868125632, "wrist_rotation": 79.46257718877769, "gripper": 47.6075650699171}, "rc-angle-target": {"0": 26.535030631769317, "1": 71.0, "2": 85.0, "3": 132.0, "4": 79.46257718877769}, "rc-pulse-target": {"0": 834.0, "1": 1248.0, "2": 1444.0, "3": 1966.0, "4": 1382.0, "5": 1785.8865239512434}, "reward": 0.0, "annotation": ""}