{"rc-position-target": {"height": 1.755752590606558, "distance": 8.23095239250801, "heading": -60.46496936823068, "wrist_angle": -15.749153868125632, "wrist_rotation": 79.46257718877769, "gripper": 47.6075650699171}, "rc-angle-target": {"0": 29.535030631769317, "1": 71.0, "2": 82.0, "3": 130.0, "4": 79.46257718877769}, "rc-pulse-target": {"0": 868.0, "1": 1248.0, "2": 1411.0, "3": 1944.0, "4": 1382.0, "5": 1785.8865239512434}, "reward": 0.0, "annotation": ""}