{"rc-position-target": {"height": 1.8557525906065582, "distance": 8.33095239250801, "heading": -58.96496936823068, "wrist_angle": -15.749153868125632, "wrist_rotation": 79.46257718877769, "gripper": 47.6075650699171}, "rc-angle-target": {"0": 31.035030631769317, "1": 70.0, "2": 80.0, "3": 129.0, "4": 79.46257718877769}, "rc-pulse-target": {"0": 884.0, "1": 1237.0, "2": 1388.0, "3": 1933.0, "4": 1382.0, "5": 1785.8865239512434}, "reward": 0.0, "annotation": ""}