{"rc-position-target": {"height": 1.655752590606558, "distance": 8.13095239250801, "heading": -61.96496936823068, "wrist_angle": -15.749153868125632, "wrist_rotation": 79.46257718877769, "gripper": 47.6075650699171}, "rc-angle-target": {"0": 28.035030631769317, "1": 71.0, "2": 83.0, "3": 131.0, "4": 79.46257718877769}, "rc-pulse-target": {"0": 851.0, "1": 1248.0, "2": 1422.0, "3": 1955.0, "4": 1382.0, "5": 1785.8865239512434}, "reward": 0.0, "annotation": ""}