{"rc-position-target": {"height": 1.9557525906065583, "distance": 8.43095239250801, "heading": -57.46496936823068, "wrist_angle": -15.749153868125632, "wrist_rotation": 79.46257718877769, "gripper": 47.6075650699171}, "rc-angle-target": {"0": 32.53503063176932, "1": 70.0, "2": 79.0, "3": 128.0, "4": 79.46257718877769}, "rc-pulse-target": {"0": 901.0, "1": 1237.0, "2": 1377.0, "3": 1922.0, "4": 1382.0, "5": 1785.8865239512434}, "reward": 0.0, "annotation": ""}