{"rc-position-target": {"height": 2.1557525906065584, "distance": 8.588732212576524, "heading": -54.46496936823068, "wrist_angle": -15.749153868125632, "wrist_rotation": 79.46257718877769, "gripper": 47.6075650699171}, "rc-angle-target": {"0": 35.53503063176932, "1": 69.0, "2": 77.0, "3": 126.0, "4": 79.46257718877769}, "rc-pulse-target": {"0": 934.0, "1": 1226.0, "2": 1355.0, "3": 1900.0, "4": 1382.0, "5": 1785.8865239512434}, "reward": 0.0, "annotation": ""}