{"rc-position-target": {"height": 2.3557525906065586, "distance": 8.588732212576524, "heading": -51.46496936823068, "wrist_angle": -15.749153868125632, "wrist_rotation": 79.46257718877769, "gripper": 47.6075650699171}, "rc-angle-target": {"0": 38.53503063176932, "1": 70.0, "2": 76.0, "3": 124.0, "4": 79.46257718877769}, "rc-pulse-target": {"0": 968.0, "1": 1237.0, "2": 1344.0, "3": 1877.0, "4": 1382.0, "5": 1785.8865239512434}, "reward": 0.0, "annotation": ""}