{"rc-position-target": {"height": 2.655752590606559, "distance": 8.588732212576524, "heading": -46.96496936823068, "wrist_angle": -15.749153868125632, "wrist_rotation": 79.46257718877769, "gripper": 47.6075650699171}, "rc-angle-target": {"0": 43.03503063176932, "1": 72.0, "2": 75.0, "3": 122.0, "4": 79.46257718877769}, "rc-pulse-target": {"0": 1018.0, "1": 1260.0, "2": 1333.0, "3": 1855.0, "4": 1382.0, "5": 1785.8865239512434}, "reward": 0.0, "annotation": ""}