{"rc-position-target": {"height": 2.955752590606559, "distance": 8.588732212576524, "heading": -42.46496936823068, "wrist_angle": -15.749153868125632, "wrist_rotation": 79.46257718877769, "gripper": 47.6075650699171}, "rc-angle-target": {"0": 47.53503063176932, "1": 73.0, "2": 74.0, "3": 120.0, "4": 79.46257718877769}, "rc-pulse-target": {"0": 1068.0, "1": 1271.0, "2": 1322.0, "3": 1833.0, "4": 1382.0, "5": 1785.8865239512434}, "reward": 0.0, "annotation": ""}