{"rc-position-target": {"height": 3.0557525906065592, "distance": 8.588732212576524, "heading": -40.96496936823068, "wrist_angle": -15.749153868125632, "wrist_rotation": 79.46257718877769, "gripper": 47.6075650699171}, "rc-angle-target": {"0": 49.03503063176932, "1": 73.0, "2": 73.0, "3": 119.0, "4": 79.46257718877769}, "rc-pulse-target": {"0": 1084.0, "1": 1271.0, "2": 1311.0, "3": 1822.0, "4": 1382.0, "5": 1785.8865239512434}, "reward": 0.0, "annotation": ""}