{"rc-position-target": {"height": 3.3557525906065595, "distance": 8.588732212576524, "heading": -36.46496936823068, "wrist_angle": -15.749153868125632, "wrist_rotation": 79.46257718877769, "gripper": 47.6075650699171}, "rc-angle-target": {"0": 53.53503063176932, "1": 74.0, "2": 72.0, "3": 117.0, "4": 79.46257718877769}, "rc-pulse-target": {"0": 1134.0, "1": 1282.0, "2": 1300.0, "3": 1800.0, "4": 1382.0, "5": 1785.8865239512434}, "reward": 0.0, "annotation": ""}