{"rc-position-target": {"height": 3.4557525906065596, "distance": 8.588732212576524, "heading": -34.96496936823068, "wrist_angle": -15.749153868125632, "wrist_rotation": 79.46257718877769, "gripper": 47.6075650699171}, "rc-angle-target": {"0": 55.03503063176932, "1": 74.0, "2": 72.0, "3": 116.0, "4": 79.46257718877769}, "rc-pulse-target": {"0": 1151.0, "1": 1282.0, "2": 1300.0, "3": 1788.0, "4": 1382.0, "5": 1785.8865239512434}, "reward": 0.0, "annotation": ""}