{"rc-position-target": {"height": 3.2557525906065594, "distance": 8.588732212576524, "heading": -37.96496936823068, "wrist_angle": -15.749153868125632, "wrist_rotation": 79.46257718877769, "gripper": 47.6075650699171}, "rc-angle-target": {"0": 52.03503063176932, "1": 74.0, "2": 73.0, "3": 118.0, "4": 79.46257718877769}, "rc-pulse-target": {"0": 1118.0, "1": 1282.0, "2": 1311.0, "3": 1811.0, "4": 1382.0, "5": 1785.8865239512434}, "reward": 0.0, "annotation": ""}