{"rc-position-target": {"height": 3.5469765939366233, "distance": 8.588732212576524, "heading": 71.53503063176932, "wrist_angle": -15.749153868125632, "wrist_rotation": 79.46257718877769, "gripper": 47.6075650699171}, "rc-angle-target": {"0": 161.5350306317693, "1": 74.0, "2": 71.0, "3": 116.0, "4": 79.46257718877769}, "rc-pulse-target": {"0": 2334.0, "1": 1282.0, "2": 1288.0, "3": 1788.0, "4": 1382.0, "5": 1785.8865239512434}, "reward": 0.0, "annotation": ""}