{"rc-position-target": {"height": 3.6848413162167395, "distance": 8.787957514377196, "heading": 81.93060975380234, "wrist_angle": -20.24915386812563, "wrist_rotation": 77.96257718877769, "gripper": 62.6075650699171}, "rc-angle-target": {"0": 171.93060975380234, "1": 73.0, "2": 68.0, "3": 110.0, "4": 77.96257718877769}, "rc-pulse-target": {"0": 2450.0, "1": 1271.0, "2": 1255.0, "3": 1722.0, "4": 1366.0, "5": 1560.8865239512434}, "reward": 0.0, "annotation": ""}