{"rc-position-target": {"height": 3.6469765939366234, "distance": 8.688732212576523, "heading": 84.93060975380234, "wrist_angle": -17.24915386812563, "wrist_rotation": 78.96257718877769, "gripper": 52.6075650699171}, "rc-angle-target": {"0": 174.93060975380234, "1": 74.0, "2": 70.0, "3": 113.0, "4": 78.96257718877769}, "rc-pulse-target": {"0": 2483.0, "1": 1282.0, "2": 1277.0, "3": 1755.0, "4": 1377.0, "5": 1710.8865239512434}, "reward": 0.0, "annotation": ""}