{"rc-position-target": {"height": 3.6848413162167395, "distance": 8.787957514377196, "heading": 83.43060975380234, "wrist_angle": -18.74915386812563, "wrist_rotation": 78.46257718877769, "gripper": 57.6075650699171}, "rc-angle-target": {"0": 173.43060975380234, "1": 73.0, "2": 68.0, "3": 111.0, "4": 78.46257718877769}, "rc-pulse-target": {"0": 2467.0, "1": 1271.0, "2": 1255.0, "3": 1733.0, "4": 1371.0, "5": 1635.8865239512434}, "reward": 0.0, "annotation": ""}