{"rc-position-target": {"height": 3.6848413162167395, "distance": 8.787957514377196, "heading": 78.93060975380234, "wrist_angle": -23.24915386812563, "wrist_rotation": 76.96257718877769, "gripper": 72.6075650699171}, "rc-angle-target": {"0": 168.93060975380234, "1": 73.0, "2": 68.0, "3": 107.0, "4": 76.96257718877769}, "rc-pulse-target": {"0": 2417.0, "1": 1271.0, "2": 1255.0, "3": 1688.0, "4": 1355.0, "5": 1410.8865239512434}, "reward": 0.0, "annotation": ""}