{"rc-position-target": {"height": 3.6848413162167395, "distance": 8.787957514377196, "heading": 80.43060975380234, "wrist_angle": -21.74915386812563, "wrist_rotation": 77.46257718877769, "gripper": 67.6075650699171}, "rc-angle-target": {"0": 170.43060975380234, "1": 73.0, "2": 68.0, "3": 108.0, "4": 77.46257718877769}, "rc-pulse-target": {"0": 2433.0, "1": 1271.0, "2": 1255.0, "3": 1700.0, "4": 1360.0, "5": 1485.8865239512434}, "reward": 0.0, "annotation": ""}