{"rc-position-target": {"height": 3.6848413162167395, "distance": 8.787957514377196, "heading": 75.93060975380234, "wrist_angle": -26.24915386812563, "wrist_rotation": 75.96257718877769, "gripper": 82.6075650699171}, "rc-angle-target": {"0": 165.93060975380234, "1": 73.0, "2": 68.0, "3": 104.0, "4": 75.96257718877769}, "rc-pulse-target": {"0": 2383.0, "1": 1271.0, "2": 1255.0, "3": 1655.0, "4": 1344.0, "5": 1260.8865239512434}, "reward": 0.0, "annotation": ""}