{"rc-position-target": {"height": 3.6848413162167395, "distance": 8.787957514377196, "heading": 66.93060975380234, "wrist_angle": -35.24915386812563, "wrist_rotation": 72.96257718877769, "gripper": 91.04931978506492}, "rc-angle-target": {"0": 156.93060975380234, "1": 73.0, "2": 68.0, "3": 95.0, "4": 72.96257718877769}, "rc-pulse-target": {"0": 2283.0, "1": 1271.0, "2": 1255.0, "3": 1555.0, "4": 1310.0, "5": 1134.260203224026}, "reward": 0.0, "annotation": ""}