{"rc-position-target": {"height": 3.6848413162167395, "distance": 8.787957514377196, "heading": 77.43060975380234, "wrist_angle": -24.74915386812563, "wrist_rotation": 76.46257718877769, "gripper": 77.6075650699171}, "rc-angle-target": {"0": 167.43060975380234, "1": 73.0, "2": 68.0, "3": 105.0, "4": 76.46257718877769}, "rc-pulse-target": {"0": 2400.0, "1": 1271.0, "2": 1255.0, "3": 1666.0, "4": 1349.0, "5": 1335.8865239512434}, "reward": 0.0, "annotation": ""}