{"rc-position-target": {"height": 3.6848413162167395, "distance": 8.787957514377196, "heading": 74.43060975380234, "wrist_angle": -27.74915386812563, "wrist_rotation": 75.46257718877769, "gripper": 87.6075650699171}, "rc-angle-target": {"0": 164.43060975380234, "1": 73.0, "2": 68.0, "3": 102.0, "4": 75.46257718877769}, "rc-pulse-target": {"0": 2367.0, "1": 1271.0, "2": 1255.0, "3": 1633.0, "4": 1338.0, "5": 1185.8865239512434}, "reward": 0.0, "annotation": ""}