{"rc-position-target": {"height": 3.6848413162167395, "distance": 8.787957514377196, "heading": 65.43060975380234, "wrist_angle": -36.74915386812563, "wrist_rotation": 72.46257718877769, "gripper": 91.04931978506492}, "rc-angle-target": {"0": 155.43060975380234, "1": 73.0, "2": 68.0, "3": 93.0, "4": 72.46257718877769}, "rc-pulse-target": {"0": 2267.0, "1": 1271.0, "2": 1255.0, "3": 1533.0, "4": 1305.0, "5": 1134.260203224026}, "reward": 0.0, "annotation": ""}