{"rc-position-target": {"height": 3.6848413162167395, "distance": 8.787957514377196, "heading": 60.930609753802344, "wrist_angle": -41.24915386812563, "wrist_rotation": 70.96257718877769, "gripper": 91.04931978506492}, "rc-angle-target": {"0": 150.93060975380234, "1": 73.0, "2": 68.0, "3": 89.0, "4": 70.96257718877769}, "rc-pulse-target": {"0": 2217.0, "1": 1271.0, "2": 1255.0, "3": 1488.0, "4": 1288.0, "5": 1134.260203224026}, "reward": 0.0, "annotation": ""}