{"rc-position-target": {"height": 3.6848413162167395, "distance": 8.787957514377196, "heading": 48.930609753802344, "wrist_angle": -53.24915386812563, "wrist_rotation": 66.96257718877769, "gripper": 91.04931978506492}, "rc-angle-target": {"0": 138.93060975380234, "1": 73.0, "2": 68.0, "3": 77.0, "4": 66.96257718877769}, "rc-pulse-target": {"0": 2083.0, "1": 1271.0, "2": 1255.0, "3": 1355.0, "4": 1244.0, "5": 1134.260203224026}, "reward": 0.0, "annotation": ""}