{"rc-position-target": {"height": 3.6848413162167395, "distance": 8.787957514377196, "heading": 57.930609753802344, "wrist_angle": -44.24915386812563, "wrist_rotation": 69.96257718877769, "gripper": 91.04931978506492}, "rc-angle-target": {"0": 147.93060975380234, "1": 73.0, "2": 68.0, "3": 86.0, "4": 69.96257718877769}, "rc-pulse-target": {"0": 2183.0, "1": 1271.0, "2": 1255.0, "3": 1455.0, "4": 1277.0, "5": 1134.260203224026}, "reward": 0.0, "annotation": ""}