{"rc-position-target": {"height": 3.6848413162167395, "distance": 8.787957514377196, "heading": 59.430609753802344, "wrist_angle": -42.74915386812563, "wrist_rotation": 70.46257718877769, "gripper": 91.04931978506492}, "rc-angle-target": {"0": 149.43060975380234, "1": 73.0, "2": 68.0, "3": 87.0, "4": 70.46257718877769}, "rc-pulse-target": {"0": 2200.0, "1": 1271.0, "2": 1255.0, "3": 1466.0, "4": 1282.0, "5": 1134.260203224026}, "reward": 0.0, "annotation": ""}