{"rc-position-target": {"height": 3.6848413162167395, "distance": 8.787957514377196, "heading": 39.930609753802344, "wrist_angle": -62.24915386812563, "wrist_rotation": 63.962577188777686, "gripper": 91.04931978506492}, "rc-angle-target": {"0": 129.93060975380234, "1": 73.0, "2": 68.0, "3": 68.0, "4": 63.962577188777686}, "rc-pulse-target": {"0": 1983.0, "1": 1271.0, "2": 1255.0, "3": 1255.0, "4": 1210.0, "5": 1134.260203224026}, "reward": 0.0, "annotation": ""}