{"rc-position-target": {"height": 3.6848413162167395, "distance": 8.787957514377196, "heading": 44.430609753802344, "wrist_angle": -57.74915386812563, "wrist_rotation": 65.46257718877769, "gripper": 91.04931978506492}, "rc-angle-target": {"0": 134.43060975380234, "1": 73.0, "2": 68.0, "3": 72.0, "4": 65.46257718877769}, "rc-pulse-target": {"0": 2033.0, "1": 1271.0, "2": 1255.0, "3": 1300.0, "4": 1227.0, "5": 1134.260203224026}, "reward": 0.0, "annotation": ""}