{"rc-position-target": {"height": 3.6848413162167395, "distance": 8.787957514377196, "heading": 38.430609753802344, "wrist_angle": -63.74915386812563, "wrist_rotation": 63.462577188777686, "gripper": 91.04931978506492}, "rc-angle-target": {"0": 128.43060975380234, "1": 73.0, "2": 68.0, "3": 66.0, "4": 63.462577188777686}, "rc-pulse-target": {"0": 1967.0, "1": 1271.0, "2": 1255.0, "3": 1233.0, "4": 1205.0, "5": 1134.260203224026}, "reward": 0.0, "annotation": ""}