{"rc-position-target": {"height": 3.6848413162167395, "distance": 8.787957514377196, "heading": -35.069390246197656, "wrist_angle": -63.75856448048776, "wrist_rotation": 62.40565555384909, "gripper": 91.04931978506492}, "rc-angle-target": {"0": 54.930609753802344, "1": 73.0, "2": 68.0, "3": 66.0, "4": 62.40565555384909}, "rc-pulse-target": {"0": 1150.0, "1": 1271.0, "2": 1255.0, "3": 1233.0, "4": 1193.0, "5": 1134.260203224026}, "reward": 0.0, "annotation": ""}