{"rc-position-target": {"height": 4.08484131621674, "distance": 8.387957514377197, "heading": -80.06939024619766, "wrist_angle": -69.75856448048776, "wrist_rotation": 64.40565555384909, "gripper": 78.54543215204771}, "rc-angle-target": {"0": 9.930609753802344, "1": 78.0, "2": 71.0, "3": 58.0, "4": 64.40565555384909}, "rc-pulse-target": {"0": 650.0, "1": 1326.0, "2": 1288.0, "3": 1144.0, "4": 1215.0, "5": 1321.8185177192845}, "reward": 0.0, "annotation": ""}