{"rc-position-target": {"height": 3.8848413162167397, "distance": 8.587957514377196, "heading": -83.06939024619766, "wrist_angle": -66.75856448048776, "wrist_rotation": 63.40565555384909, "gripper": 81.04931978506492}, "rc-angle-target": {"0": 6.930609753802344, "1": 75.0, "2": 70.0, "3": 62.0, "4": 63.40565555384909}, "rc-pulse-target": {"0": 617.0, "1": 1293.0, "2": 1277.0, "3": 1188.0, "4": 1204.0, "5": 1284.260203224026}, "reward": 0.0, "annotation": ""}