{"rc-position-target": {"height": 4.384841316216739, "distance": 8.087957514377198, "heading": -75.56939024619766, "wrist_angle": -74.25856448048776, "wrist_rotation": 65.90565555384909, "gripper": 78.54543215204771}, "rc-angle-target": {"0": 14.430609753802344, "1": 81.0, "2": 72.0, "3": 51.0, "4": 65.90565555384909}, "rc-pulse-target": {"0": 700.0, "1": 1360.0, "2": 1300.0, "3": 1066.0, "4": 1232.0, "5": 1321.8185177192845}, "reward": 0.0, "annotation": ""}