{"rc-position-target": {"height": 4.484841316216738, "distance": 7.987957514377198, "heading": -74.06939024619766, "wrist_angle": -75.75856448048776, "wrist_rotation": 66.40565555384909, "gripper": 78.54543215204771}, "rc-angle-target": {"0": 15.930609753802344, "1": 82.0, "2": 73.0, "3": 49.0, "4": 66.40565555384909}, "rc-pulse-target": {"0": 717.0, "1": 1371.0, "2": 1311.0, "3": 1044.0, "4": 1237.0, "5": 1321.8185177192845}, "reward": 0.0, "annotation": ""}