{"rc-position-target": {"height": 3.7848413162167396, "distance": 8.687957514377196, "heading": -84.56939024619766, "wrist_angle": -65.25856448048776, "wrist_rotation": 62.90565555384909, "gripper": 86.04931978506492}, "rc-angle-target": {"0": 5.430609753802344, "1": 74.0, "2": 69.0, "3": 64.0, "4": 62.90565555384909}, "rc-pulse-target": {"0": 600.0, "1": 1282.0, "2": 1266.0, "3": 1211.0, "4": 1198.0, "5": 1209.260203224026}, "reward": 0.0, "annotation": ""}