{"rc-position-target": {"height": 4.284841316216739, "distance": 8.187957514377198, "heading": -77.06939024619766, "wrist_angle": -72.75856448048776, "wrist_rotation": 65.40565555384909, "gripper": 78.54543215204771}, "rc-angle-target": {"0": 12.930609753802344, "1": 80.0, "2": 72.0, "3": 54.0, "4": 65.40565555384909}, "rc-pulse-target": {"0": 683.0, "1": 1348.0, "2": 1300.0, "3": 1100.0, "4": 1226.0, "5": 1321.8185177192845}, "reward": 0.0, "annotation": ""}