{"rc-position-target": {"height": 4.664144588325822, "distance": 7.787957514377199, "heading": -71.06939024619766, "wrist_angle": -78.75856448048776, "wrist_rotation": 67.40565555384909, "gripper": 78.54543215204771}, "rc-angle-target": {"0": 18.930609753802344, "1": 85.0, "2": 74.0, "3": 45.0, "4": 67.40565555384909}, "rc-pulse-target": {"0": 750.0, "1": 1404.0, "2": 1322.0, "3": 1000.0, "4": 1248.0, "5": 1321.8185177192845}, "reward": 0.0, "annotation": ""}