{"rc-position-target": {"height": 4.1848413162167395, "distance": 8.287957514377197, "heading": -78.56939024619766, "wrist_angle": -71.25856448048776, "wrist_rotation": 64.90565555384909, "gripper": 78.54543215204771}, "rc-angle-target": {"0": 11.430609753802344, "1": 79.0, "2": 71.0, "3": 56.0, "4": 64.90565555384909}, "rc-pulse-target": {"0": 667.0, "1": 1337.0, "2": 1288.0, "3": 1122.0, "4": 1221.0, "5": 1321.8185177192845}, "reward": 0.0, "annotation": ""}