{"rc-position-target": {"height": 3.9848413162167398, "distance": 8.487957514377197, "heading": -81.56939024619766, "wrist_angle": -68.25856448048776, "wrist_rotation": 63.90565555384909, "gripper": 78.54543215204771}, "rc-angle-target": {"0": 8.430609753802344, "1": 77.0, "2": 70.0, "3": 60.0, "4": 63.90565555384909}, "rc-pulse-target": {"0": 633.0, "1": 1315.0, "2": 1277.0, "3": 1166.0, "4": 1210.0, "5": 1321.8185177192845}, "reward": 0.0, "annotation": ""}