{"rc-position-target": {"height": 4.584841316216738, "distance": 7.887957514377199, "heading": -72.56939024619766, "wrist_angle": -77.25856448048776, "wrist_rotation": 66.90565555384909, "gripper": 78.54543215204771}, "rc-angle-target": {"0": 17.430609753802344, "1": 84.0, "2": 73.0, "3": 47.0, "4": 66.90565555384909}, "rc-pulse-target": {"0": 733.0, "1": 1393.0, "2": 1311.0, "3": 1022.0, "4": 1243.0, "5": 1321.8185177192845}, "reward": 0.0, "annotation": ""}