{"rc-position-target": {"height": 4.664144588325822, "distance": 7.687957514377199, "heading": -69.56939024619766, "wrist_angle": -80.25856448048776, "wrist_rotation": 67.90565555384909, "gripper": 78.54543215204771}, "rc-angle-target": {"0": 20.430609753802344, "1": 86.0, "2": 75.0, "3": 44.0, "4": 67.90565555384909}, "rc-pulse-target": {"0": 767.0, "1": 1415.0, "2": 1333.0, "3": 988.0, "4": 1254.0, "5": 1321.8185177192845}, "reward": 0.0, "annotation": ""}