{"rc-position-target": {"height": 4.664144588325822, "distance": 7.4879575143772, "heading": -66.56939024619766, "wrist_angle": -80.41916240320819, "wrist_rotation": 68.90565555384909, "gripper": 78.54543215204771}, "rc-angle-target": {"0": 23.430609753802344, "1": 88.0, "2": 77.0, "3": 44.0, "4": 68.90565555384909}, "rc-pulse-target": {"0": 800.0, "1": 1437.0, "2": 1355.0, "3": 988.0, "4": 1265.0, "5": 1321.8185177192845}, "reward": 0.0, "annotation": ""}