{"rc-position-target": {"height": 4.664144588325822, "distance": 7.087957514377202, "heading": -60.569390246197656, "wrist_angle": -80.41916240320819, "wrist_rotation": 70.90565555384909, "gripper": 78.54543215204771}, "rc-angle-target": {"0": 29.430609753802344, "1": 92.0, "2": 81.0, "3": 44.0, "4": 70.90565555384909}, "rc-pulse-target": {"0": 867.0, "1": 1482.0, "2": 1400.0, "3": 988.0, "4": 1287.0, "5": 1321.8185177192845}, "reward": 0.0, "annotation": ""}