{"rc-position-target": {"height": 4.664144588325822, "distance": 7.5879575143772, "heading": -68.06939024619766, "wrist_angle": -80.41916240320819, "wrist_rotation": 68.40565555384909, "gripper": 78.54543215204771}, "rc-angle-target": {"0": 21.930609753802344, "1": 87.0, "2": 76.0, "3": 43.0, "4": 68.40565555384909}, "rc-pulse-target": {"0": 783.0, "1": 1426.0, "2": 1344.0, "3": 977.0, "4": 1260.0, "5": 1321.8185177192845}, "reward": 0.0, "annotation": ""}