{"rc-position-target": {"height": 4.664144588325822, "distance": 7.3879575143772005, "heading": -65.06939024619766, "wrist_angle": -80.41916240320819, "wrist_rotation": 69.40565555384909, "gripper": 78.54543215204771}, "rc-angle-target": {"0": 24.930609753802344, "1": 89.0, "2": 78.0, "3": 44.0, "4": 69.40565555384909}, "rc-pulse-target": {"0": 817.0, "1": 1448.0, "2": 1366.0, "3": 988.0, "4": 1271.0, "5": 1321.8185177192845}, "reward": 0.0, "annotation": ""}