{"rc-position-target": {"height": 4.664144588325822, "distance": 7.287957514377201, "heading": -63.569390246197656, "wrist_angle": -80.41916240320819, "wrist_rotation": 69.90565555384909, "gripper": 78.54543215204771}, "rc-angle-target": {"0": 26.430609753802344, "1": 90.0, "2": 79.0, "3": 44.0, "4": 69.90565555384909}, "rc-pulse-target": {"0": 833.0, "1": 1460.0, "2": 1377.0, "3": 988.0, "4": 1276.0, "5": 1321.8185177192845}, "reward": 0.0, "annotation": ""}