{"rc-position-target": {"height": 4.664144588325822, "distance": 7.065173300558134, "heading": -54.569390246197656, "wrist_angle": -80.41916240320819, "wrist_rotation": 72.90565555384909, "gripper": 78.54543215204771}, "rc-angle-target": {"0": 35.430609753802344, "1": 92.0, "2": 81.0, "3": 44.0, "4": 72.90565555384909}, "rc-pulse-target": {"0": 933.0, "1": 1482.0, "2": 1400.0, "3": 988.0, "4": 1310.0, "5": 1321.8185177192845}, "reward": 0.0, "annotation": ""}