{"rc-position-target": {"height": 4.364144588325823, "distance": 6.765173300558135, "heading": 14.430609753802344, "wrist_angle": -75.91916240320819, "wrist_rotation": 80.74315669513794, "gripper": 75.3930443481858}, "rc-angle-target": {"0": 104.43060975380234, "1": 94.0, "2": 86.0, "3": 50.0, "4": 80.74315669513794}, "rc-pulse-target": {"0": 1700.0, "1": 1504.0, "2": 1455.0, "3": 1055.0, "4": 1397.0, "5": 1369.1043347772131}, "reward": 0.0, "annotation": ""}