{"rc-position-target": {"height": 3.964144588325824, "distance": 6.365173300558136, "heading": 8.430609753802344, "wrist_angle": -69.91916240320819, "wrist_rotation": 82.74315669513794, "gripper": 75.3930443481858}, "rc-angle-target": {"0": 98.43060975380234, "1": 98.0, "2": 92.0, "3": 59.0, "4": 82.74315669513794}, "rc-pulse-target": {"0": 1633.0, "1": 1548.0, "2": 1522.0, "3": 1155.0, "4": 1419.0, "5": 1369.1043347772131}, "reward": 0.0, "annotation": ""}