{"rc-position-target": {"height": 3.764144588325824, "distance": 6.165173300558137, "heading": 5.430609753802344, "wrist_angle": -66.91916240320819, "wrist_rotation": 83.74315669513794, "gripper": 75.3930443481858}, "rc-angle-target": {"0": 95.43060975380234, "1": 99.0, "2": 95.0, "3": 64.0, "4": 83.74315669513794}, "rc-pulse-target": {"0": 1600.0, "1": 1560.0, "2": 1555.0, "3": 1211.0, "4": 1430.0, "5": 1369.1043347772131}, "reward": 0.0, "annotation": ""}