{"rc-position-target": {"height": 4.2641445883258235, "distance": 6.665173300558135, "heading": 12.930609753802344, "wrist_angle": -74.41916240320819, "wrist_rotation": 81.24315669513794, "gripper": 75.3930443481858}, "rc-angle-target": {"0": 102.93060975380234, "1": 95.0, "2": 88.0, "3": 52.0, "4": 81.24315669513794}, "rc-pulse-target": {"0": 1683.0, "1": 1515.0, "2": 1477.0, "3": 1077.0, "4": 1402.0, "5": 1369.1043347772131}, "reward": 0.0, "annotation": ""}