{"rc-position-target": {"height": 4.5641445883258225, "distance": 6.965173300558134, "heading": 17.430609753802344, "wrist_angle": -78.91916240320819, "wrist_rotation": 79.74315669513794, "gripper": 75.3930443481858}, "rc-angle-target": {"0": 107.43060975380234, "1": 93.0, "2": 83.0, "3": 46.0, "4": 79.74315669513794}, "rc-pulse-target": {"0": 1733.0, "1": 1493.0, "2": 1422.0, "3": 1011.0, "4": 1386.0, "5": 1369.1043347772131}, "reward": 0.0, "annotation": ""}