{"rc-position-target": {"height": 4.464144588325823, "distance": 6.865173300558134, "heading": 15.930609753802344, "wrist_angle": -77.41916240320819, "wrist_rotation": 80.24315669513794, "gripper": 75.3930443481858}, "rc-angle-target": {"0": 105.93060975380234, "1": 93.0, "2": 84.0, "3": 48.0, "4": 80.24315669513794}, "rc-pulse-target": {"0": 1717.0, "1": 1493.0, "2": 1433.0, "3": 1033.0, "4": 1391.0, "5": 1369.1043347772131}, "reward": 0.0, "annotation": ""}