{"rc-position-target": {"height": 4.064144588325824, "distance": 6.465173300558136, "heading": 9.930609753802344, "wrist_angle": -71.41916240320819, "wrist_rotation": 82.24315669513794, "gripper": 75.3930443481858}, "rc-angle-target": {"0": 99.93060975380234, "1": 97.0, "2": 91.0, "3": 57.0, "4": 82.24315669513794}, "rc-pulse-target": {"0": 1650.0, "1": 1537.0, "2": 1511.0, "3": 1133.0, "4": 1413.0, "5": 1369.1043347772131}, "reward": 0.0, "annotation": ""}