{"rc-position-target": {"height": 3.664144588325824, "distance": 6.065173300558137, "heading": 3.9306097538023437, "wrist_angle": -65.41916240320819, "wrist_rotation": 84.24315669513794, "gripper": 75.3930443481858}, "rc-angle-target": {"0": 93.93060975380234, "1": 100.0, "2": 97.0, "3": 66.0, "4": 84.24315669513794}, "rc-pulse-target": {"0": 1583.0, "1": 1571.0, "2": 1577.0, "3": 1233.0, "4": 1436.0, "5": 1369.1043347772131}, "reward": 0.0, "annotation": ""}