{"rc-position-target": {"height": 3.864144588325824, "distance": 6.2651733005581365, "heading": 6.930609753802344, "wrist_angle": -68.41916240320819, "wrist_rotation": 83.24315669513794, "gripper": 75.3930443481858}, "rc-angle-target": {"0": 96.93060975380234, "1": 98.0, "2": 94.0, "3": 61.0, "4": 83.24315669513794}, "rc-pulse-target": {"0": 1617.0, "1": 1548.0, "2": 1544.0, "3": 1177.0, "4": 1424.0, "5": 1369.1043347772131}, "reward": 0.0, "annotation": ""}