{"rc-position-target": {"height": 4.164144588325824, "distance": 6.565173300558135, "heading": 11.430609753802344, "wrist_angle": -72.91916240320819, "wrist_rotation": 81.74315669513794, "gripper": 75.3930443481858}, "rc-angle-target": {"0": 101.43060975380234, "1": 96.0, "2": 89.0, "3": 55.0, "4": 81.74315669513794}, "rc-pulse-target": {"0": 1667.0, "1": 1526.0, "2": 1488.0, "3": 1111.0, "4": 1408.0, "5": 1369.1043347772131}, "reward": 0.0, "annotation": ""}