{"rc-position-target": {"height": 3.1641445883258235, "distance": 5.565173300558139, "heading": -3.5693902461976563, "wrist_angle": -57.91916240320819, "wrist_rotation": 86.74315669513794, "gripper": 75.3930443481858}, "rc-angle-target": {"0": 86.43060975380234, "1": 104.0, "2": 104.0, "3": 77.0, "4": 86.74315669513794}, "rc-pulse-target": {"0": 1500.0, "1": 1615.0, "2": 1655.0, "3": 1355.0, "4": 1463.0, "5": 1369.1043347772131}, "reward": 0.0, "annotation": ""}