{"rc-position-target": {"height": 2.9641445883258233, "distance": 5.36517330055814, "heading": -6.569390246197656, "wrist_angle": -54.91916240320819, "wrist_rotation": 86.99855799746545, "gripper": 75.3930443481858}, "rc-angle-target": {"0": 83.43060975380234, "1": 105.0, "2": 107.0, "3": 81.0, "4": 86.99855799746545}, "rc-pulse-target": {"0": 1467.0, "1": 1626.0, "2": 1688.0, "3": 1400.0, "4": 1466.0, "5": 1369.1043347772131}, "reward": 0.0, "annotation": ""}