{"rc-position-target": {"height": 2.764144588325823, "distance": 5.16517330055814, "heading": -9.569390246197656, "wrist_angle": -51.91916240320819, "wrist_rotation": 86.99855799746545, "gripper": 75.3930443481858}, "rc-angle-target": {"0": 80.43060975380234, "1": 107.0, "2": 109.0, "3": 85.0, "4": 86.99855799746545}, "rc-pulse-target": {"0": 1433.0, "1": 1648.0, "2": 1711.0, "3": 1444.0, "4": 1466.0, "5": 1369.1043347772131}, "reward": 0.0, "annotation": ""}