{"rc-position-target": {"height": 3.3641445883258236, "distance": 5.765173300558138, "heading": -0.5693902461976563, "wrist_angle": -60.91916240320819, "wrist_rotation": 85.74315669513794, "gripper": 75.3930443481858}, "rc-angle-target": {"0": 89.43060975380234, "1": 102.0, "2": 101.0, "3": 72.0, "4": 85.74315669513794}, "rc-pulse-target": {"0": 1533.0, "1": 1593.0, "2": 1622.0, "3": 1300.0, "4": 1452.0, "5": 1369.1043347772131}, "reward": 0.0, "annotation": ""}