{"rc-position-target": {"height": 3.564144588325824, "distance": 5.9651733005581375, "heading": 2.4306097538023437, "wrist_angle": -63.91916240320819, "wrist_rotation": 84.74315669513794, "gripper": 75.3930443481858}, "rc-angle-target": {"0": 92.43060975380234, "1": 101.0, "2": 98.0, "3": 68.0, "4": 84.74315669513794}, "rc-pulse-target": {"0": 1567.0, "1": 1582.0, "2": 1588.0, "3": 1255.0, "4": 1441.0, "5": 1369.1043347772131}, "reward": 0.0, "annotation": ""}