{"rc-position-target": {"height": 2.664144588325823, "distance": 5.065173300558141, "heading": -11.069390246197656, "wrist_angle": -50.41916240320819, "wrist_rotation": 86.99855799746545, "gripper": 75.3930443481858}, "rc-angle-target": {"0": 78.93060975380234, "1": 107.0, "2": 111.0, "3": 87.0, "4": 86.99855799746545}, "rc-pulse-target": {"0": 1417.0, "1": 1648.0, "2": 1733.0, "3": 1466.0, "4": 1466.0, "5": 1369.1043347772131}, "reward": 0.0, "annotation": ""}