{"rc-position-target": {"height": 2.864144588325823, "distance": 5.26517330055814, "heading": -8.069390246197656, "wrist_angle": -53.41916240320819, "wrist_rotation": 86.99855799746545, "gripper": 75.3930443481858}, "rc-angle-target": {"0": 81.93060975380234, "1": 106.0, "2": 108.0, "3": 83.0, "4": 86.99855799746545}, "rc-pulse-target": {"0": 1450.0, "1": 1637.0, "2": 1700.0, "3": 1422.0, "4": 1466.0, "5": 1369.1043347772131}, "reward": 0.0, "annotation": ""}