{"rc-position-target": {"height": 3.2641445883258235, "distance": 5.665173300558139, "heading": -2.0693902461976563, "wrist_angle": -59.41916240320819, "wrist_rotation": 86.24315669513794, "gripper": 75.3930443481858}, "rc-angle-target": {"0": 87.93060975380234, "1": 103.0, "2": 102.0, "3": 74.0, "4": 86.24315669513794}, "rc-pulse-target": {"0": 1517.0, "1": 1604.0, "2": 1633.0, "3": 1322.0, "4": 1458.0, "5": 1369.1043347772131}, "reward": 0.0, "annotation": ""}