{"rc-position-target": {"height": 3.0641445883258234, "distance": 5.465173300558139, "heading": -5.069390246197656, "wrist_angle": -56.41916240320819, "wrist_rotation": 86.99855799746545, "gripper": 75.3930443481858}, "rc-angle-target": {"0": 84.93060975380234, "1": 104.0, "2": 105.0, "3": 79.0, "4": 86.99855799746545}, "rc-pulse-target": {"0": 1483.0, "1": 1615.0, "2": 1666.0, "3": 1377.0, "4": 1466.0, "5": 1369.1043347772131}, "reward": 0.0, "annotation": ""}