{"rc-position-target": {"height": 3.4641445883258237, "distance": 5.865173300558138, "heading": 0.9306097538023437, "wrist_angle": -62.41916240320819, "wrist_rotation": 85.24315669513794, "gripper": 75.3930443481858}, "rc-angle-target": {"0": 90.93060975380234, "1": 101.0, "2": 99.0, "3": 70.0, "4": 85.24315669513794}, "rc-pulse-target": {"0": 1550.0, "1": 1582.0, "2": 1600.0, "3": 1277.0, "4": 1447.0, "5": 1369.1043347772131}, "reward": 0.0, "annotation": ""}