{"rc-position-target": {"height": 2.4332063976673695, "distance": 4.465173300558143, "heading": -20.069390246197656, "wrist_angle": -47.005707009922055, "wrist_rotation": 86.99855799746545, "gripper": 75.3930443481858}, "rc-angle-target": {"0": 69.93060975380234, "1": 114.0, "2": 117.0, "3": 91.0, "4": 86.99855799746545}, "rc-pulse-target": {"0": 1317.0, "1": 1726.0, "2": 1800.0, "3": 1511.0, "4": 1466.0, "5": 1369.1043347772131}, "reward": 0.0, "annotation": ""}