{"rc-position-target": {"height": 2.4332063976673695, "distance": 4.5651733005581425, "heading": -18.569390246197656, "wrist_angle": -47.005707009922055, "wrist_rotation": 86.99855799746545, "gripper": 75.3930443481858}, "rc-angle-target": {"0": 71.43060975380234, "1": 112.0, "2": 116.0, "3": 91.0, "4": 86.99855799746545}, "rc-pulse-target": {"0": 1333.0, "1": 1704.0, "2": 1788.0, "3": 1511.0, "4": 1466.0, "5": 1369.1043347772131}, "reward": 0.0, "annotation": ""}