{"rc-position-target": {"height": 2.4332063976673695, "distance": 4.365173300558143, "heading": -21.569390246197656, "wrist_angle": -47.005707009922055, "wrist_rotation": 86.99855799746545, "gripper": 75.3930443481858}, "rc-angle-target": {"0": 68.43060975380234, "1": 115.0, "2": 118.0, "3": 90.0, "4": 86.99855799746545}, "rc-pulse-target": {"0": 1300.0, "1": 1737.0, "2": 1811.0, "3": 1500.0, "4": 1466.0, "5": 1369.1043347772131}, "reward": 0.0, "annotation": ""}