{"rc-position-target": {"height": 2.564144588325823, "distance": 4.965173300558141, "heading": -12.569390246197656, "wrist_angle": -48.91916240320819, "wrist_rotation": 86.99855799746545, "gripper": 75.3930443481858}, "rc-angle-target": {"0": 77.43060975380234, "1": 108.0, "2": 112.0, "3": 90.0, "4": 86.99855799746545}, "rc-pulse-target": {"0": 1400.0, "1": 1660.0, "2": 1744.0, "3": 1500.0, "4": 1466.0, "5": 1369.1043347772131}, "reward": 0.0, "annotation": ""}