{"rc-position-target": {"height": 2.464144588325823, "distance": 4.8651733005581415, "heading": -14.069390246197656, "wrist_angle": -47.41916240320819, "wrist_rotation": 86.99855799746545, "gripper": 75.3930443481858}, "rc-angle-target": {"0": 75.93060975380234, "1": 109.0, "2": 113.0, "3": 92.0, "4": 86.99855799746545}, "rc-pulse-target": {"0": 1383.0, "1": 1671.0, "2": 1755.0, "3": 1522.0, "4": 1466.0, "5": 1369.1043347772131}, "reward": 0.0, "annotation": ""}