{"rc-position-target": {"height": 2.4332063976673695, "distance": 4.765173300558142, "heading": -15.569390246197656, "wrist_angle": -47.005707009922055, "wrist_rotation": 86.99855799746545, "gripper": 75.3930443481858}, "rc-angle-target": {"0": 74.43060975380234, "1": 110.0, "2": 114.0, "3": 92.0, "4": 86.99855799746545}, "rc-pulse-target": {"0": 1367.0, "1": 1682.0, "2": 1766.0, "3": 1522.0, "4": 1466.0, "5": 1369.1043347772131}, "reward": 0.0, "annotation": ""}