{"rc-position-target": {"height": 2.4332063976673695, "distance": 4.265173300558144, "heading": -23.069390246197656, "wrist_angle": -47.005707009922055, "wrist_rotation": 86.99855799746545, "gripper": 75.3930443481858}, "rc-angle-target": {"0": 66.93060975380234, "1": 116.0, "2": 119.0, "3": 90.0, "4": 86.99855799746545}, "rc-pulse-target": {"0": 1283.0, "1": 1748.0, "2": 1822.0, "3": 1500.0, "4": 1466.0, "5": 1369.1043347772131}, "reward": 0.0, "annotation": ""}