{"rc-position-target": {"height": 2.4332063976673695, "distance": 3.765173300558144, "heading": -30.569390246197656, "wrist_angle": -47.005707009922055, "wrist_rotation": 86.99855799746545, "gripper": 75.3930443481858}, "rc-angle-target": {"0": 59.430609753802344, "1": 124.0, "2": 123.0, "3": 87.0, "4": 86.99855799746545}, "rc-pulse-target": {"0": 1200.0, "1": 1837.0, "2": 1866.0, "3": 1466.0, "4": 1466.0, "5": 1369.1043347772131}, "reward": 0.0, "annotation": ""}