{"rc-position-target": {"height": 2.4332063976673695, "distance": 3.3651733005581437, "heading": -36.569390246197656, "wrist_angle": -47.005707009922055, "wrist_rotation": 86.99855799746545, "gripper": 75.3930443481858}, "rc-angle-target": {"0": 53.430609753802344, "1": 130.0, "2": 126.0, "3": 84.0, "4": 86.99855799746545}, "rc-pulse-target": {"0": 1133.0, "1": 1904.0, "2": 1900.0, "3": 1433.0, "4": 1466.0, "5": 1369.1043347772131}, "reward": 0.0, "annotation": ""}