{"rc-position-target": {"height": 2.4332063976673695, "distance": 3.4651733005581438, "heading": -35.069390246197656, "wrist_angle": -47.005707009922055, "wrist_rotation": 86.99855799746545, "gripper": 75.3930443481858}, "rc-angle-target": {"0": 54.930609753802344, "1": 129.0, "2": 126.0, "3": 84.0, "4": 86.99855799746545}, "rc-pulse-target": {"0": 1150.0, "1": 1893.0, "2": 1900.0, "3": 1433.0, "4": 1466.0, "5": 1369.1043347772131}, "reward": 0.0, "annotation": ""}