{"rc-position-target": {"height": 2.4332063976673695, "distance": 3.1651733005581435, "heading": -39.569390246197656, "wrist_angle": -47.005707009922055, "wrist_rotation": 86.99855799746545, "gripper": 75.3930443481858}, "rc-angle-target": {"0": 50.430609753802344, "1": 134.0, "2": 128.0, "3": 82.0, "4": 86.99855799746545}, "rc-pulse-target": {"0": 1100.0, "1": 1948.0, "2": 1922.0, "3": 1411.0, "4": 1466.0, "5": 1369.1043347772131}, "reward": 0.0, "annotation": ""}