{"rc-position-target": {"height": 2.4332063976673695, "distance": 3.665173300558144, "heading": -32.069390246197656, "wrist_angle": -47.005707009922055, "wrist_rotation": 86.99855799746545, "gripper": 75.3930443481858}, "rc-angle-target": {"0": 57.930609753802344, "1": 125.0, "2": 124.0, "3": 86.0, "4": 86.99855799746545}, "rc-pulse-target": {"0": 1183.0, "1": 1848.0, "2": 1877.0, "3": 1455.0, "4": 1466.0, "5": 1369.1043347772131}, "reward": 0.0, "annotation": ""}