{"rc-position-target": {"height": 2.4332063976673695, "distance": 3.865173300558144, "heading": -29.069390246197656, "wrist_angle": -47.005707009922055, "wrist_rotation": 86.99855799746545, "gripper": 75.3930443481858}, "rc-angle-target": {"0": 60.930609753802344, "1": 122.0, "2": 122.0, "3": 88.0, "4": 86.99855799746545}, "rc-pulse-target": {"0": 1217.0, "1": 1815.0, "2": 1855.0, "3": 1477.0, "4": 1466.0, "5": 1369.1043347772131}, "reward": 0.0, "annotation": ""}