{"rc-position-target": {"height": 2.4332063976673695, "distance": 3.2651733005581436, "heading": -38.069390246197656, "wrist_angle": -47.005707009922055, "wrist_rotation": 86.99855799746545, "gripper": 75.3930443481858}, "rc-angle-target": {"0": 51.930609753802344, "1": 132.0, "2": 127.0, "3": 83.0, "4": 86.99855799746545}, "rc-pulse-target": {"0": 1117.0, "1": 1926.0, "2": 1911.0, "3": 1422.0, "4": 1466.0, "5": 1369.1043347772131}, "reward": 0.0, "annotation": ""}