{"rc-position-target": {"height": 2.4332063976673695, "distance": 3.565173300558144, "heading": -33.569390246197656, "wrist_angle": -47.005707009922055, "wrist_rotation": 86.99855799746545, "gripper": 75.3930443481858}, "rc-angle-target": {"0": 56.430609753802344, "1": 127.0, "2": 125.0, "3": 85.0, "4": 86.99855799746545}, "rc-pulse-target": {"0": 1167.0, "1": 1871.0, "2": 1888.0, "3": 1444.0, "4": 1466.0, "5": 1369.1043347772131}, "reward": 0.0, "annotation": ""}