{"rc-position-target": {"height": 2.4332063976673695, "distance": 3.1157454434148453, "heading": -44.069390246197656, "wrist_angle": -47.005707009922055, "wrist_rotation": 86.99855799746545, "gripper": 75.3930443481858}, "rc-angle-target": {"0": 45.930609753802344, "1": 135.0, "2": 128.0, "3": 81.0, "4": 86.99855799746545}, "rc-pulse-target": {"0": 1050.0, "1": 1960.0, "2": 1922.0, "3": 1400.0, "4": 1466.0, "5": 1369.1043347772131}, "reward": 0.0, "annotation": ""}