{"rc-position-target": {"height": 2.4599158407422004, "distance": 3.4157454434148455, "heading": -56.069390246197656, "wrist_angle": -51.505707009922055, "wrist_rotation": 85.49855799746545, "gripper": 69.84873619618742}, "rc-angle-target": {"0": 33.930609753802344, "1": 130.0, "2": 126.0, "3": 79.0, "4": 85.49855799746545}, "rc-pulse-target": {"0": 917.0, "1": 1904.0, "2": 1900.0, "3": 1377.0, "4": 1449.0, "5": 1452.2689570571888}, "reward": 0.0, "annotation": ""}