{"rc-position-target": {"height": 2.4599158407422004, "distance": 3.815745443414846, "heading": -50.069390246197656, "wrist_angle": -57.505707009922055, "wrist_rotation": 83.49855799746545, "gripper": 69.84873619618742}, "rc-angle-target": {"0": 39.930609753802344, "1": 123.0, "2": 123.0, "3": 76.0, "4": 83.49855799746545}, "rc-pulse-target": {"0": 983.0, "1": 1826.0, "2": 1866.0, "3": 1344.0, "4": 1427.0, "5": 1452.2689570571888}, "reward": 0.0, "annotation": ""}