{"rc-position-target": {"height": 2.4599158407422004, "distance": 3.2157454434148454, "heading": -59.069390246197656, "wrist_angle": -48.505707009922055, "wrist_rotation": 86.49855799746545, "gripper": 70.3930443481858}, "rc-angle-target": {"0": 30.930609753802344, "1": 133.0, "2": 127.0, "3": 80.0, "4": 86.49855799746545}, "rc-pulse-target": {"0": 883.0, "1": 1937.0, "2": 1911.0, "3": 1388.0, "4": 1461.0, "5": 1444.1043347772131}, "reward": 0.0, "annotation": ""}