{"rc-position-target": {"height": 2.4599158407422004, "distance": 3.715745443414846, "heading": -51.569390246197656, "wrist_angle": -56.005707009922055, "wrist_rotation": 83.99855799746545, "gripper": 69.84873619618742}, "rc-angle-target": {"0": 38.430609753802344, "1": 125.0, "2": 123.0, "3": 77.0, "4": 83.99855799746545}, "rc-pulse-target": {"0": 967.0, "1": 1848.0, "2": 1866.0, "3": 1355.0, "4": 1433.0, "5": 1452.2689570571888}, "reward": 0.0, "annotation": ""}