{"rc-position-target": {"height": 2.4599158407422004, "distance": 3.6157454434148457, "heading": -53.069390246197656, "wrist_angle": -54.505707009922055, "wrist_rotation": 84.49855799746545, "gripper": 69.84873619618742}, "rc-angle-target": {"0": 36.930609753802344, "1": 126.0, "2": 124.0, "3": 78.0, "4": 84.49855799746545}, "rc-pulse-target": {"0": 950.0, "1": 1860.0, "2": 1877.0, "3": 1366.0, "4": 1438.0, "5": 1452.2689570571888}, "reward": 0.0, "annotation": ""}