{"rc-position-target": {"height": 2.4599158407422004, "distance": 3.5157454434148456, "heading": -54.569390246197656, "wrist_angle": -53.005707009922055, "wrist_rotation": 84.99855799746545, "gripper": 69.84873619618742}, "rc-angle-target": {"0": 35.430609753802344, "1": 128.0, "2": 125.0, "3": 79.0, "4": 84.99855799746545}, "rc-pulse-target": {"0": 933.0, "1": 1882.0, "2": 1888.0, "3": 1377.0, "4": 1444.0, "5": 1452.2689570571888}, "reward": 0.0, "annotation": ""}