{"rc-position-target": {"height": 2.4599158407422004, "distance": 3.3157454434148455, "heading": -57.569390246197656, "wrist_angle": -50.005707009922055, "wrist_rotation": 85.99855799746545, "gripper": 69.84873619618742}, "rc-angle-target": {"0": 32.430609753802344, "1": 131.0, "2": 127.0, "3": 80.0, "4": 85.99855799746545}, "rc-pulse-target": {"0": 900.0, "1": 1915.0, "2": 1911.0, "3": 1388.0, "4": 1455.0, "5": 1452.2689570571888}, "reward": 0.0, "annotation": ""}