{"rc-position-target": {"height": 2.4599158407422004, "distance": 4.015745443414846, "heading": -47.069390246197656, "wrist_angle": -60.505707009922055, "wrist_rotation": 82.49855799746545, "gripper": 69.84873619618742}, "rc-angle-target": {"0": 42.930609753802344, "1": 120.0, "2": 121.0, "3": 75.0, "4": 82.49855799746545}, "rc-pulse-target": {"0": 1017.0, "1": 1793.0, "2": 1844.0, "3": 1333.0, "4": 1416.0, "5": 1452.2689570571888}, "reward": 0.0, "annotation": ""}