{"rc-position-target": {"height": 2.4599158407422004, "distance": 4.364473620255567, "heading": -41.069390246197656, "wrist_angle": -66.50570700992205, "wrist_rotation": 80.49855799746545, "gripper": 69.84873619618742}, "rc-angle-target": {"0": 48.930609753802344, "1": 115.0, "2": 118.0, "3": 71.0, "4": 80.49855799746545}, "rc-pulse-target": {"0": 1083.0, "1": 1737.0, "2": 1811.0, "3": 1288.0, "4": 1394.0, "5": 1452.2689570571888}, "reward": 0.0, "annotation": ""}