{"rc-position-target": {"height": 2.4599158407422004, "distance": 3.915745443414846, "heading": -48.569390246197656, "wrist_angle": -59.005707009922055, "wrist_rotation": 82.99855799746545, "gripper": 69.84873619618742}, "rc-angle-target": {"0": 41.430609753802344, "1": 122.0, "2": 122.0, "3": 76.0, "4": 82.99855799746545}, "rc-pulse-target": {"0": 1000.0, "1": 1815.0, "2": 1855.0, "3": 1344.0, "4": 1422.0, "5": 1452.2689570571888}, "reward": 0.0, "annotation": ""}