{"rc-position-target": {"height": 2.4599158407422004, "distance": 4.115745443414846, "heading": -45.569390246197656, "wrist_angle": -62.005707009922055, "wrist_rotation": 81.99855799746545, "gripper": 69.84873619618742}, "rc-angle-target": {"0": 44.430609753802344, "1": 119.0, "2": 120.0, "3": 74.0, "4": 81.99855799746545}, "rc-pulse-target": {"0": 1033.0, "1": 1782.0, "2": 1833.0, "3": 1322.0, "4": 1411.0, "5": 1452.2689570571888}, "reward": 0.0, "annotation": ""}