{"rc-position-target": {"height": 2.4599158407422004, "distance": 4.315745443414845, "heading": -42.569390246197656, "wrist_angle": -65.00570700992205, "wrist_rotation": 80.99855799746545, "gripper": 69.84873619618742}, "rc-angle-target": {"0": 47.430609753802344, "1": 116.0, "2": 118.0, "3": 72.0, "4": 80.99855799746545}, "rc-pulse-target": {"0": 1067.0, "1": 1748.0, "2": 1811.0, "3": 1300.0, "4": 1399.0, "5": 1452.2689570571888}, "reward": 0.0, "annotation": ""}