{"rc-position-target": {"height": 2.4599158407422004, "distance": 4.215745443414845, "heading": -44.069390246197656, "wrist_angle": -63.505707009922055, "wrist_rotation": 81.49855799746545, "gripper": 69.84873619618742}, "rc-angle-target": {"0": 45.930609753802344, "1": 117.0, "2": 119.0, "3": 73.0, "4": 81.49855799746545}, "rc-pulse-target": {"0": 1050.0, "1": 1760.0, "2": 1822.0, "3": 1311.0, "4": 1405.0, "5": 1452.2689570571888}, "reward": 0.0, "annotation": ""}