{"rc-position-target": {"height": 2.4599158407422004, "distance": 4.364473620255567, "heading": -0.5693902461976563, "wrist_angle": -69.40735105541758, "wrist_rotation": 66.99855799746545, "gripper": 69.84873619618742}, "rc-angle-target": {"0": 89.43060975380234, "1": 115.0, "2": 118.0, "3": 68.0, "4": 66.99855799746545}, "rc-pulse-target": {"0": 1533.0, "1": 1737.0, "2": 1811.0, "3": 1255.0, "4": 1244.0, "5": 1452.2689570571888}, "reward": 0.0, "annotation": ""}