{"rc-position-target": {"height": 1.7599158407421998, "distance": 5.064473620255565, "heading": 32.430609753802344, "wrist_angle": -58.90735105541758, "wrist_rotation": 65.65077601069737, "gripper": 87.29367397330371}, "rc-angle-target": {"0": 122.43060975380234, "1": 102.0, "2": 114.0, "3": 88.0, "4": 65.65077601069737}, "rc-pulse-target": {"0": 1900.0, "1": 1593.0, "2": 1766.0, "3": 1477.0, "4": 1229.0, "5": 1190.5948904004445}, "reward": 0.0, "annotation": ""}