{"rc-position-target": {"height": 1.9599158407422, "distance": 4.864473620255565, "heading": 35.430609753802344, "wrist_angle": -61.90735105541758, "wrist_rotation": 64.65077601069737, "gripper": 87.29367397330371}, "rc-angle-target": {"0": 125.43060975380234, "1": 106.0, "2": 115.0, "3": 83.0, "4": 64.65077601069737}, "rc-pulse-target": {"0": 1933.0, "1": 1637.0, "2": 1777.0, "3": 1422.0, "4": 1218.0, "5": 1190.5948904004445}, "reward": 0.0, "annotation": ""}