{"rc-position-target": {"height": 2.2599158407422, "distance": 4.5644736202555665, "heading": 39.930609753802344, "wrist_angle": -66.40735105541758, "wrist_rotation": 63.15077601069737, "gripper": 79.84873619618742}, "rc-angle-target": {"0": 129.93060975380234, "1": 111.0, "2": 117.0, "3": 74.0, "4": 63.15077601069737}, "rc-pulse-target": {"0": 1983.0, "1": 1693.0, "2": 1800.0, "3": 1322.0, "4": 1201.0, "5": 1302.2689570571888}, "reward": 0.0, "annotation": ""}