{"rc-position-target": {"height": 1.6599158407421997, "distance": 5.164473620255564, "heading": 30.930609753802344, "wrist_angle": -57.40735105541758, "wrist_rotation": 66.15077601069737, "gripper": 87.29367397330371}, "rc-angle-target": {"0": 120.93060975380234, "1": 100.0, "2": 114.0, "3": 91.0, "4": 66.15077601069737}, "rc-pulse-target": {"0": 1883.0, "1": 1571.0, "2": 1766.0, "3": 1511.0, "4": 1235.0, "5": 1190.5948904004445}, "reward": 0.0, "annotation": ""}