{"rc-position-target": {"height": 1.8599158407421998, "distance": 4.964473620255565, "heading": 33.930609753802344, "wrist_angle": -60.40735105541758, "wrist_rotation": 65.15077601069737, "gripper": 87.29367397330371}, "rc-angle-target": {"0": 123.93060975380234, "1": 104.0, "2": 115.0, "3": 85.0, "4": 65.15077601069737}, "rc-pulse-target": {"0": 1917.0, "1": 1615.0, "2": 1777.0, "3": 1444.0, "4": 1223.0, "5": 1190.5948904004445}, "reward": 0.0, "annotation": ""}