{"rc-position-target": {"height": 2.3599158407422003, "distance": 4.464473620255567, "heading": 41.430609753802344, "wrist_angle": -67.90735105541758, "wrist_rotation": 62.65077601069737, "gripper": 74.84873619618742}, "rc-angle-target": {"0": 131.43060975380234, "1": 113.0, "2": 117.0, "3": 71.0, "4": 62.65077601069737}, "rc-pulse-target": {"0": 2000.0, "1": 1715.0, "2": 1800.0, "3": 1288.0, "4": 1196.0, "5": 1377.2689570571888}, "reward": 0.0, "annotation": ""}