{"rc-position-target": {"height": 2.0599158407422, "distance": 4.764473620255566, "heading": 36.930609753802344, "wrist_angle": -63.40735105541758, "wrist_rotation": 64.15077601069737, "gripper": 87.29367397330371}, "rc-angle-target": {"0": 126.93060975380234, "1": 107.0, "2": 116.0, "3": 80.0, "4": 64.15077601069737}, "rc-pulse-target": {"0": 1950.0, "1": 1648.0, "2": 1788.0, "3": 1388.0, "4": 1212.0, "5": 1190.5948904004445}, "reward": 0.0, "annotation": ""}