{"rc-position-target": {"height": 2.1599158407422, "distance": 4.664473620255566, "heading": 38.430609753802344, "wrist_angle": -64.90735105541758, "wrist_rotation": 63.65077601069737, "gripper": 84.84873619618742}, "rc-angle-target": {"0": 128.43060975380234, "1": 109.0, "2": 117.0, "3": 77.0, "4": 63.65077601069737}, "rc-pulse-target": {"0": 1967.0, "1": 1671.0, "2": 1800.0, "3": 1355.0, "4": 1207.0, "5": 1227.2689570571888}, "reward": 0.0, "annotation": ""}