{"rc-position-target": {"height": 1.1599158407421992, "distance": 5.664473620255563, "heading": 23.430609753802344, "wrist_angle": -49.90735105541758, "wrist_rotation": 68.65077601069737, "gripper": 87.29367397330371}, "rc-angle-target": {"0": 113.43060975380234, "1": 91.0, "2": 110.0, "3": 104.0, "4": 68.65077601069737}, "rc-pulse-target": {"0": 1800.0, "1": 1471.0, "2": 1722.0, "3": 1655.0, "4": 1262.0, "5": 1190.5948904004445}, "reward": 0.0, "annotation": ""}