{"rc-position-target": {"height": 1.0033732880568076, "distance": 6.064473620255561, "heading": 17.430609753802344, "wrist_angle": -43.90735105541758, "wrist_rotation": 70.65077601069737, "gripper": 87.29367397330371}, "rc-angle-target": {"0": 107.43060975380234, "1": 85.0, "2": 106.0, "3": 112.0, "4": 70.65077601069737}, "rc-pulse-target": {"0": 1733.0, "1": 1404.0, "2": 1677.0, "3": 1744.0, "4": 1285.0, "5": 1190.5948904004445}, "reward": 0.0, "annotation": ""}