{"rc-position-target": {"height": 1.0599158407421991, "distance": 5.764473620255562, "heading": 21.930609753802344, "wrist_angle": -48.40735105541758, "wrist_rotation": 69.15077601069737, "gripper": 87.29367397330371}, "rc-angle-target": {"0": 111.93060975380234, "1": 89.0, "2": 109.0, "3": 107.0, "4": 69.15077601069737}, "rc-pulse-target": {"0": 1783.0, "1": 1448.0, "2": 1711.0, "3": 1688.0, "4": 1268.0, "5": 1190.5948904004445}, "reward": 0.0, "annotation": ""}