{"rc-position-target": {"height": 1.5599158407421996, "distance": 5.264473620255564, "heading": 29.430609753802344, "wrist_angle": -55.90735105541758, "wrist_rotation": 66.65077601069737, "gripper": 87.29367397330371}, "rc-angle-target": {"0": 119.43060975380234, "1": 98.0, "2": 113.0, "3": 94.0, "4": 66.65077601069737}, "rc-pulse-target": {"0": 1867.0, "1": 1548.0, "2": 1755.0, "3": 1544.0, "4": 1240.0, "5": 1190.5948904004445}, "reward": 0.0, "annotation": ""}