{"rc-position-target": {"height": 1.4599158407421995, "distance": 5.364473620255564, "heading": 27.930609753802344, "wrist_angle": -54.40735105541758, "wrist_rotation": 67.15077601069737, "gripper": 87.29367397330371}, "rc-angle-target": {"0": 117.93060975380234, "1": 96.0, "2": 112.0, "3": 96.0, "4": 67.15077601069737}, "rc-pulse-target": {"0": 1850.0, "1": 1526.0, "2": 1744.0, "3": 1566.0, "4": 1246.0, "5": 1190.5948904004445}, "reward": 0.0, "annotation": ""}