{"rc-position-target": {"height": 1.2599158407421993, "distance": 5.564473620255563, "heading": 24.930609753802344, "wrist_angle": -51.40735105541758, "wrist_rotation": 68.15077601069737, "gripper": 87.29367397330371}, "rc-angle-target": {"0": 114.93060975380234, "1": 92.0, "2": 111.0, "3": 102.0, "4": 68.15077601069737}, "rc-pulse-target": {"0": 1817.0, "1": 1482.0, "2": 1733.0, "3": 1633.0, "4": 1257.0, "5": 1190.5948904004445}, "reward": 0.0, "annotation": ""}