{"rc-position-target": {"height": 1.0033732880568076, "distance": 5.9644736202555615, "heading": 18.930609753802344, "wrist_angle": -45.40735105541758, "wrist_rotation": 70.15077601069737, "gripper": 87.29367397330371}, "rc-angle-target": {"0": 108.93060975380234, "1": 86.0, "2": 107.0, "3": 110.0, "4": 70.15077601069737}, "rc-pulse-target": {"0": 1750.0, "1": 1415.0, "2": 1688.0, "3": 1722.0, "4": 1279.0, "5": 1190.5948904004445}, "reward": 0.0, "annotation": ""}