{"rc-position-target": {"height": 1.0033732880568076, "distance": 6.164473620255561, "heading": 15.930609753802344, "wrist_angle": -42.40735105541758, "wrist_rotation": 71.15077601069737, "gripper": 87.29367397330371}, "rc-angle-target": {"0": 105.93060975380234, "1": 84.0, "2": 105.0, "3": 113.0, "4": 71.15077601069737}, "rc-pulse-target": {"0": 1717.0, "1": 1393.0, "2": 1666.0, "3": 1755.0, "4": 1290.0, "5": 1190.5948904004445}, "reward": 0.0, "annotation": ""}