{"rc-position-target": {"height": 1.3599158407421994, "distance": 5.464473620255563, "heading": 26.430609753802344, "wrist_angle": -52.90735105541758, "wrist_rotation": 67.65077601069737, "gripper": 87.29367397330371}, "rc-angle-target": {"0": 116.43060975380234, "1": 94.0, "2": 112.0, "3": 99.0, "4": 67.65077601069737}, "rc-pulse-target": {"0": 1833.0, "1": 1504.0, "2": 1744.0, "3": 1600.0, "4": 1251.0, "5": 1190.5948904004445}, "reward": 0.0, "annotation": ""}