{"rc-position-target": {"height": 1.0033732880568076, "distance": 5.864473620255562, "heading": 20.430609753802344, "wrist_angle": -46.90735105541758, "wrist_rotation": 69.65077601069737, "gripper": 87.29367397330371}, "rc-angle-target": {"0": 110.43060975380234, "1": 87.0, "2": 108.0, "3": 109.0, "4": 69.65077601069737}, "rc-pulse-target": {"0": 1767.0, "1": 1426.0, "2": 1700.0, "3": 1711.0, "4": 1273.0, "5": 1190.5948904004445}, "reward": 0.0, "annotation": ""}