{"rc-position-target": {"height": 1.0033732880568076, "distance": 6.26447362025556, "heading": 14.430609753802344, "wrist_angle": -42.254410343340965, "wrist_rotation": 71.65077601069737, "gripper": 87.29367397330371}, "rc-angle-target": {"0": 104.43060975380234, "1": 84.0, "2": 104.0, "3": 113.0, "4": 71.65077601069737}, "rc-pulse-target": {"0": 1700.0, "1": 1393.0, "2": 1655.0, "3": 1755.0, "4": 1296.0, "5": 1190.5948904004445}, "reward": 0.0, "annotation": ""}