{"rc-position-target": {"height": 1.0033732880568076, "distance": 6.403959395652086, "heading": 2.4306097538023437, "wrist_angle": -42.254410343340965, "wrist_rotation": 75.65077601069737, "gripper": 87.29367397330371}, "rc-angle-target": {"0": 92.43060975380234, "1": 82.0, "2": 103.0, "3": 113.0, "4": 75.65077601069737}, "rc-pulse-target": {"0": 1567.0, "1": 1371.0, "2": 1644.0, "3": 1755.0, "4": 1340.0, "5": 1190.5948904004445}, "reward": 0.0, "annotation": ""}