{"rc-position-target": {"height": 1.0033732880568076, "distance": 6.36447362025556, "heading": 12.930609753802344, "wrist_angle": -42.254410343340965, "wrist_rotation": 72.15077601069737, "gripper": 87.29367397330371}, "rc-angle-target": {"0": 102.93060975380234, "1": 83.0, "2": 103.0, "3": 113.0, "4": 72.15077601069737}, "rc-pulse-target": {"0": 1683.0, "1": 1382.0, "2": 1644.0, "3": 1755.0, "4": 1301.0, "5": 1190.5948904004445}, "reward": 0.0, "annotation": ""}