{"rc-position-target": {"height": 1.0033732880568076, "distance": 6.403959395652086, "heading": -9.569390246197656, "wrist_angle": -42.254410343340965, "wrist_rotation": 79.65077601069737, "gripper": 87.29367397330371}, "rc-angle-target": {"0": 80.43060975380234, "1": 82.0, "2": 103.0, "3": 113.0, "4": 79.65077601069737}, "rc-pulse-target": {"0": 1433.0, "1": 1371.0, "2": 1644.0, "3": 1755.0, "4": 1385.0, "5": 1190.5948904004445}, "reward": 0.0, "annotation": ""}