{"rc-position-target": {"height": 1.1033732880568077, "distance": 6.303959395652086, "heading": -40.73602238179775, "wrist_angle": -40.754410343340965, "wrist_rotation": 80.72413920031605, "gripper": 82.29367397330371}, "rc-angle-target": {"0": 49.26397761820225, "1": 84.0, "2": 104.0, "3": 114.0, "4": 80.72413920031605}, "rc-pulse-target": {"0": 1087.0, "1": 1393.0, "2": 1655.0, "3": 1766.0, "4": 1396.0, "5": 1265.5948904004445}, "reward": 0.0, "annotation": ""}