{"rc-position-target": {"height": 1.0033732880568076, "distance": 6.403959395652086, "heading": -39.569390246197656, "wrist_angle": -42.254410343340965, "wrist_rotation": 81.22413920031605, "gripper": 87.29367397330371}, "rc-angle-target": {"0": 50.430609753802344, "1": 82.0, "2": 103.0, "3": 113.0, "4": 81.22413920031605}, "rc-pulse-target": {"0": 1100.0, "1": 1371.0, "2": 1644.0, "3": 1755.0, "4": 1402.0, "5": 1190.5948904004445}, "reward": 0.0, "annotation": ""}