{"rc-position-target": {"height": 1.3033732880568079, "distance": 6.103959395652087, "heading": -37.73602238179775, "wrist_angle": -37.754410343340965, "wrist_rotation": 79.72413920031605, "gripper": 72.29367397330371}, "rc-angle-target": {"0": 52.26397761820225, "1": 87.0, "2": 105.0, "3": 115.0, "4": 79.72413920031605}, "rc-pulse-target": {"0": 1120.0, "1": 1426.0, "2": 1666.0, "3": 1777.0, "4": 1385.0, "5": 1415.5948904004445}, "reward": 0.0, "annotation": ""}