{"rc-position-target": {"height": 1.403373288056808, "distance": 6.003959395652087, "heading": -36.23602238179775, "wrist_angle": -36.254410343340965, "wrist_rotation": 79.22413920031605, "gripper": 67.29367397330371}, "rc-angle-target": {"0": 53.76397761820225, "1": 89.0, "2": 106.0, "3": 115.0, "4": 79.22413920031605}, "rc-pulse-target": {"0": 1137.0, "1": 1448.0, "2": 1677.0, "3": 1777.0, "4": 1380.0, "5": 1490.5948904004445}, "reward": 0.0, "annotation": ""}