{"rc-position-target": {"height": 1.503373288056808, "distance": 5.9039593956520875, "heading": -34.73602238179775, "wrist_angle": -34.754410343340965, "wrist_rotation": 78.72413920031605, "gripper": 62.29367397330371}, "rc-angle-target": {"0": 55.26397761820225, "1": 91.0, "2": 107.0, "3": 116.0, "4": 78.72413920031605}, "rc-pulse-target": {"0": 1154.0, "1": 1471.0, "2": 1688.0, "3": 1788.0, "4": 1374.0, "5": 1565.5948904004445}, "reward": 0.0, "annotation": ""}