{"rc-position-target": {"height": 2.1033732880568086, "distance": 5.30395939565209, "heading": -25.736022381797753, "wrist_angle": -25.754410343340965, "wrist_rotation": 75.72413920031605, "gripper": 45.22858556083818}, "rc-angle-target": {"0": 64.26397761820225, "1": 101.0, "2": 111.0, "3": 118.0, "4": 75.72413920031605}, "rc-pulse-target": {"0": 1254.0, "1": 1582.0, "2": 1733.0, "3": 1811.0, "4": 1341.0, "5": 1821.5712165874274}, "reward": 0.0, "annotation": ""}