{"rc-position-target": {"height": 1.7033732880568082, "distance": 5.703959395652088, "heading": -31.736022381797753, "wrist_angle": -31.754410343340965, "wrist_rotation": 77.72413920031605, "gripper": 52.29367397330371}, "rc-angle-target": {"0": 58.26397761820225, "1": 94.0, "2": 108.0, "3": 117.0, "4": 77.72413920031605}, "rc-pulse-target": {"0": 1187.0, "1": 1504.0, "2": 1700.0, "3": 1800.0, "4": 1363.0, "5": 1715.5948904004445}, "reward": 0.0, "annotation": ""}