{"rc-position-target": {"height": 1.6033732880568081, "distance": 5.803959395652088, "heading": -33.23602238179775, "wrist_angle": -33.254410343340965, "wrist_rotation": 78.22413920031605, "gripper": 57.29367397330371}, "rc-angle-target": {"0": 56.76397761820225, "1": 92.0, "2": 108.0, "3": 116.0, "4": 78.22413920031605}, "rc-pulse-target": {"0": 1170.0, "1": 1482.0, "2": 1700.0, "3": 1788.0, "4": 1369.0, "5": 1640.5948904004445}, "reward": 0.0, "annotation": ""}