{"rc-position-target": {"height": 1.9033732880568084, "distance": 5.503959395652089, "heading": -28.736022381797753, "wrist_angle": -28.754410343340965, "wrist_rotation": 76.72413920031605, "gripper": 45.22858556083818}, "rc-angle-target": {"0": 61.26397761820225, "1": 98.0, "2": 110.0, "3": 118.0, "4": 76.72413920031605}, "rc-pulse-target": {"0": 1220.0, "1": 1548.0, "2": 1722.0, "3": 1811.0, "4": 1352.0, "5": 1821.5712165874274}, "reward": 0.0, "annotation": ""}