{"rc-position-target": {"height": 2.0033732880568085, "distance": 5.403959395652089, "heading": -27.236022381797753, "wrist_angle": -27.254410343340965, "wrist_rotation": 76.22413920031605, "gripper": 45.22858556083818}, "rc-angle-target": {"0": 62.76397761820225, "1": 100.0, "2": 110.0, "3": 118.0, "4": 76.22413920031605}, "rc-pulse-target": {"0": 1237.0, "1": 1571.0, "2": 1722.0, "3": 1811.0, "4": 1346.0, "5": 1821.5712165874274}, "reward": 0.0, "annotation": ""}