{"rc-position-target": {"height": 1.8033732880568083, "distance": 5.603959395652089, "heading": -30.236022381797753, "wrist_angle": -30.254410343340965, "wrist_rotation": 77.22413920031605, "gripper": 47.29367397330371}, "rc-angle-target": {"0": 59.76397761820225, "1": 96.0, "2": 109.0, "3": 117.0, "4": 77.22413920031605}, "rc-pulse-target": {"0": 1204.0, "1": 1526.0, "2": 1711.0, "3": 1800.0, "4": 1358.0, "5": 1790.5948904004445}, "reward": 0.0, "annotation": ""}