{"rc-position-target": {"height": 1.2033732880568078, "distance": 6.203959395652086, "heading": -39.23602238179775, "wrist_angle": -39.254410343340965, "wrist_rotation": 80.22413920031605, "gripper": 77.29367397330371}, "rc-angle-target": {"0": 50.76397761820225, "1": 86.0, "2": 105.0, "3": 114.0, "4": 80.22413920031605}, "rc-pulse-target": {"0": 1104.0, "1": 1415.0, "2": 1666.0, "3": 1766.0, "4": 1391.0, "5": 1340.5948904004445}, "reward": 0.0, "annotation": ""}