{"rc-position-target": {"height": 2.9033732880568093, "distance": 4.5039593956520925, "heading": -13.736022381797753, "wrist_angle": -13.754410343340965, "wrist_rotation": 73.36438808368793, "gripper": 45.22858556083818}, "rc-angle-target": {"0": 76.26397761820225, "1": 115.0, "2": 114.0, "3": 120.0, "4": 73.36438808368793}, "rc-pulse-target": {"0": 1387.0, "1": 1737.0, "2": 1766.0, "3": 1833.0, "4": 1315.0, "5": 1821.5712165874274}, "reward": 0.0, "annotation": ""}