{"rc-position-target": {"height": 2.703373288056809, "distance": 4.703959395652092, "heading": -16.736022381797753, "wrist_angle": -16.754410343340965, "wrist_rotation": 73.36438808368793, "gripper": 45.22858556083818}, "rc-angle-target": {"0": 73.26397761820225, "1": 112.0, "2": 114.0, "3": 119.0, "4": 73.36438808368793}, "rc-pulse-target": {"0": 1354.0, "1": 1704.0, "2": 1766.0, "3": 1822.0, "4": 1315.0, "5": 1821.5712165874274}, "reward": 0.0, "annotation": ""}