{"rc-position-target": {"height": 2.503373288056809, "distance": 4.903959395652091, "heading": -19.736022381797753, "wrist_angle": -19.754410343340965, "wrist_rotation": 73.72413920031605, "gripper": 45.22858556083818}, "rc-angle-target": {"0": 70.26397761820225, "1": 108.0, "2": 113.0, "3": 119.0, "4": 73.72413920031605}, "rc-pulse-target": {"0": 1320.0, "1": 1660.0, "2": 1755.0, "3": 1822.0, "4": 1319.0, "5": 1821.5712165874274}, "reward": 0.0, "annotation": ""}