{"rc-position-target": {"height": 3.0033732880568094, "distance": 4.403959395652093, "heading": -12.236022381797753, "wrist_angle": -12.254410343340965, "wrist_rotation": 73.36438808368793, "gripper": 45.22858556083818}, "rc-angle-target": {"0": 77.76397761820225, "1": 117.0, "2": 115.0, "3": 120.0, "4": 73.36438808368793}, "rc-pulse-target": {"0": 1404.0, "1": 1760.0, "2": 1777.0, "3": 1833.0, "4": 1315.0, "5": 1821.5712165874274}, "reward": 0.0, "annotation": ""}