{"rc-position-target": {"height": 2.403373288056809, "distance": 5.003959395652091, "heading": -21.236022381797753, "wrist_angle": -21.254410343340965, "wrist_rotation": 74.22413920031605, "gripper": 45.22858556083818}, "rc-angle-target": {"0": 68.76397761820225, "1": 107.0, "2": 112.0, "3": 119.0, "4": 74.22413920031605}, "rc-pulse-target": {"0": 1304.0, "1": 1648.0, "2": 1744.0, "3": 1822.0, "4": 1324.0, "5": 1821.5712165874274}, "reward": 0.0, "annotation": ""}