{"rc-position-target": {"height": 3.1033732880568095, "distance": 4.303959395652093, "heading": -10.736022381797753, "wrist_angle": -11.583474453933249, "wrist_rotation": 73.36438808368793, "gripper": 45.22858556083818}, "rc-angle-target": {"0": 79.26397761820225, "1": 119.0, "2": 115.0, "3": 119.0, "4": 73.36438808368793}, "rc-pulse-target": {"0": 1420.0, "1": 1782.0, "2": 1777.0, "3": 1822.0, "4": 1315.0, "5": 1821.5712165874274}, "reward": 0.0, "annotation": ""}