{"rc-position-target": {"height": 2.603373288056809, "distance": 4.803959395652091, "heading": -18.236022381797753, "wrist_angle": -18.254410343340965, "wrist_rotation": 73.36438808368793, "gripper": 45.22858556083818}, "rc-angle-target": {"0": 71.76397761820225, "1": 110.0, "2": 113.0, "3": 119.0, "4": 73.36438808368793}, "rc-pulse-target": {"0": 1337.0, "1": 1682.0, "2": 1755.0, "3": 1822.0, "4": 1315.0, "5": 1821.5712165874274}, "reward": 0.0, "annotation": ""}