{"rc-position-target": {"height": 2.2033732880568087, "distance": 5.20395939565209, "heading": -24.236022381797753, "wrist_angle": -24.254410343340965, "wrist_rotation": 75.22413920031605, "gripper": 45.22858556083818}, "rc-angle-target": {"0": 65.76397761820225, "1": 103.0, "2": 111.0, "3": 119.0, "4": 75.22413920031605}, "rc-pulse-target": {"0": 1270.0, "1": 1604.0, "2": 1733.0, "3": 1822.0, "4": 1335.0, "5": 1821.5712165874274}, "reward": 0.0, "annotation": ""}