{"rc-position-target": {"height": 2.803373288056809, "distance": 4.603959395652092, "heading": -15.236022381797753, "wrist_angle": -15.254410343340965, "wrist_rotation": 73.36438808368793, "gripper": 45.22858556083818}, "rc-angle-target": {"0": 74.76397761820225, "1": 114.0, "2": 114.0, "3": 120.0, "4": 73.36438808368793}, "rc-pulse-target": {"0": 1370.0, "1": 1726.0, "2": 1766.0, "3": 1833.0, "4": 1315.0, "5": 1821.5712165874274}, "reward": 0.0, "annotation": ""}