{"rc-position-target": {"height": 2.3033732880568087, "distance": 5.10395939565209, "heading": -22.736022381797753, "wrist_angle": -22.754410343340965, "wrist_rotation": 74.72413920031605, "gripper": 45.22858556083818}, "rc-angle-target": {"0": 67.26397761820225, "1": 105.0, "2": 112.0, "3": 119.0, "4": 74.72413920031605}, "rc-pulse-target": {"0": 1287.0, "1": 1626.0, "2": 1744.0, "3": 1822.0, "4": 1330.0, "5": 1821.5712165874274}, "reward": 0.0, "annotation": ""}