{"rc-position-target": {"height": 3.80337328805681, "distance": 3.603959395652094, "heading": -0.2360223817977527, "wrist_angle": -11.583474453933249, "wrist_rotation": 73.36438808368793, "gripper": 45.22858556083818}, "rc-angle-target": {"0": 89.76397761820225, "1": 130.0, "2": 116.0, "3": 108.0, "4": 73.36438808368793}, "rc-pulse-target": {"0": 1537.0, "1": 1904.0, "2": 1788.0, "3": 1700.0, "4": 1315.0, "5": 1821.5712165874274}, "reward": 0.0, "annotation": ""}