{"rc-position-target": {"height": 3.70337328805681, "distance": 3.703959395652094, "heading": -1.7360223817977527, "wrist_angle": -11.583474453933249, "wrist_rotation": 73.36438808368793, "gripper": 45.22858556083818}, "rc-angle-target": {"0": 88.26397761820225, "1": 129.0, "2": 116.0, "3": 110.0, "4": 73.36438808368793}, "rc-pulse-target": {"0": 1520.0, "1": 1893.0, "2": 1788.0, "3": 1722.0, "4": 1315.0, "5": 1821.5712165874274}, "reward": 0.0, "annotation": ""}