{"rc-position-target": {"height": 3.2033732880568095, "distance": 4.2039593956520935, "heading": -9.236022381797753, "wrist_angle": -11.583474453933249, "wrist_rotation": 73.36438808368793, "gripper": 45.22858556083818}, "rc-angle-target": {"0": 80.76397761820225, "1": 121.0, "2": 115.0, "3": 117.0, "4": 73.36438808368793}, "rc-pulse-target": {"0": 1437.0, "1": 1804.0, "2": 1777.0, "3": 1800.0, "4": 1315.0, "5": 1821.5712165874274}, "reward": 0.0, "annotation": ""}