{"rc-position-target": {"height": 3.3033732880568096, "distance": 4.103959395652094, "heading": -7.736022381797753, "wrist_angle": -11.583474453933249, "wrist_rotation": 73.36438808368793, "gripper": 45.22858556083818}, "rc-angle-target": {"0": 82.26397761820225, "1": 122.0, "2": 115.0, "3": 116.0, "4": 73.36438808368793}, "rc-pulse-target": {"0": 1454.0, "1": 1815.0, "2": 1777.0, "3": 1788.0, "4": 1315.0, "5": 1821.5712165874274}, "reward": 0.0, "annotation": ""}