{"rc-position-target": {"height": 3.90337328805681, "distance": 3.600903342992803, "heading": 1.2639776182022473, "wrist_angle": -11.583474453933249, "wrist_rotation": 73.36438808368793, "gripper": 45.22858556083818}, "rc-angle-target": {"0": 91.26397761820225, "1": 130.0, "2": 115.0, "3": 107.0, "4": 73.36438808368793}, "rc-pulse-target": {"0": 1554.0, "1": 1904.0, "2": 1777.0, "3": 1688.0, "4": 1315.0, "5": 1821.5712165874274}, "reward": 0.0, "annotation": ""}