{"rc-position-target": {"height": 3.60337328805681, "distance": 3.803959395652094, "heading": -3.2360223817977527, "wrist_angle": -11.583474453933249, "wrist_rotation": 73.36438808368793, "gripper": 45.22858556083818}, "rc-angle-target": {"0": 86.76397761820225, "1": 127.0, "2": 116.0, "3": 111.0, "4": 73.36438808368793}, "rc-pulse-target": {"0": 1504.0, "1": 1871.0, "2": 1788.0, "3": 1733.0, "4": 1315.0, "5": 1821.5712165874274}, "reward": 0.0, "annotation": ""}