{"rc-position-target": {"height": 3.50337328805681, "distance": 3.903959395652094, "heading": -4.736022381797753, "wrist_angle": -11.583474453933249, "wrist_rotation": 73.36438808368793, "gripper": 45.22858556083818}, "rc-angle-target": {"0": 85.26397761820225, "1": 126.0, "2": 115.0, "3": 113.0, "4": 73.36438808368793}, "rc-pulse-target": {"0": 1487.0, "1": 1860.0, "2": 1777.0, "3": 1755.0, "4": 1315.0, "5": 1821.5712165874274}, "reward": 0.0, "annotation": ""}