{"rc-position-target": {"height": 3.4033732880568097, "distance": 4.003959395652094, "heading": -6.236022381797753, "wrist_angle": -11.583474453933249, "wrist_rotation": 73.36438808368793, "gripper": 45.22858556083818}, "rc-angle-target": {"0": 83.76397761820225, "1": 124.0, "2": 115.0, "3": 114.0, "4": 73.36438808368793}, "rc-pulse-target": {"0": 1470.0, "1": 1837.0, "2": 1777.0, "3": 1766.0, "4": 1315.0, "5": 1821.5712165874274}, "reward": 0.0, "annotation": ""}