{"rc-position-target": {"height": 4.021001666863176, "distance": 3.600903342992803, "heading": 43.26397761820225, "wrist_angle": -11.583474453933249, "wrist_rotation": 73.36438808368793, "gripper": 45.22858556083818}, "rc-angle-target": {"0": 133.26397761820226, "1": 130.0, "2": 114.0, "3": 106.0, "4": 73.36438808368793}, "rc-pulse-target": {"0": 2020.0, "1": 1904.0, "2": 1766.0, "3": 1677.0, "4": 1315.0, "5": 1821.5712165874274}, "reward": 0.0, "annotation": ""}