{"rc-position-target": {"height": 3.521001666863176, "distance": 3.5775795445428793, "heading": 62.76397761820225, "wrist_angle": -4.083474453933249, "wrist_rotation": 75.86438808368793, "gripper": 70.22858556083818}, "rc-angle-target": {"0": 152.76397761820226, "1": 130.0, "2": 118.0, "3": 118.0, "4": 75.86438808368793}, "rc-pulse-target": {"0": 2237.0, "1": 1904.0, "2": 1811.0, "3": 1811.0, "4": 1342.0, "5": 1446.5712165874272}, "reward": 0.0, "annotation": ""}