{"rc-position-target": {"height": 3.4210016668631757, "distance": 3.5775795445428793, "heading": 61.26397761820225, "wrist_angle": -2.7068723873062055, "wrist_rotation": 76.36438808368793, "gripper": 75.22858556083818}, "rc-angle-target": {"0": 151.26397761820226, "1": 130.0, "2": 118.0, "3": 120.0, "4": 76.36438808368793}, "rc-pulse-target": {"0": 2220.0, "1": 1904.0, "2": 1811.0, "3": 1833.0, "4": 1348.0, "5": 1371.5712165874272}, "reward": 0.0, "annotation": ""}