{"rc-position-target": {"height": 3.921001666863176, "distance": 3.5775795445428793, "heading": 68.76397761820225, "wrist_angle": -10.083474453933249, "wrist_rotation": 73.86438808368793, "gripper": 50.22858556083818}, "rc-angle-target": {"0": 158.76397761820226, "1": 131.0, "2": 115.0, "3": 109.0, "4": 73.86438808368793}, "rc-pulse-target": {"0": 2304.0, "1": 1915.0, "2": 1777.0, "3": 1711.0, "4": 1320.0, "5": 1746.5712165874274}, "reward": 0.0, "annotation": ""}