{"rc-position-target": {"height": 3.621001666863176, "distance": 3.5775795445428793, "heading": 64.26397761820225, "wrist_angle": -5.583474453933249, "wrist_rotation": 75.36438808368793, "gripper": 65.22858556083818}, "rc-angle-target": {"0": 154.26397761820226, "1": 130.0, "2": 117.0, "3": 116.0, "4": 75.36438808368793}, "rc-pulse-target": {"0": 2254.0, "1": 1904.0, "2": 1800.0, "3": 1788.0, "4": 1337.0, "5": 1521.5712165874272}, "reward": 0.0, "annotation": ""}