{"rc-position-target": {"height": 3.721001666863176, "distance": 3.5775795445428793, "heading": 65.76397761820225, "wrist_angle": -7.083474453933249, "wrist_rotation": 74.86438808368793, "gripper": 60.22858556083818}, "rc-angle-target": {"0": 155.76397761820226, "1": 130.0, "2": 116.0, "3": 113.0, "4": 74.86438808368793}, "rc-pulse-target": {"0": 2270.0, "1": 1904.0, "2": 1788.0, "3": 1755.0, "4": 1331.0, "5": 1596.5712165874274}, "reward": 0.0, "annotation": ""}