{"rc-position-target": {"height": 3.821001666863176, "distance": 3.5775795445428793, "heading": 67.26397761820225, "wrist_angle": -8.583474453933249, "wrist_rotation": 74.36438808368793, "gripper": 55.22858556083818}, "rc-angle-target": {"0": 157.26397761820226, "1": 131.0, "2": 116.0, "3": 111.0, "4": 74.36438808368793}, "rc-pulse-target": {"0": 2287.0, "1": 1915.0, "2": 1788.0, "3": 1733.0, "4": 1326.0, "5": 1671.5712165874274}, "reward": 0.0, "annotation": ""}