{"rc-position-target": {"height": 3.2210016668631756, "distance": 3.5775795445428793, "heading": 58.26397761820225, "wrist_angle": -2.7068723873062055, "wrist_rotation": 77.36438808368793, "gripper": 85.22858556083818}, "rc-angle-target": {"0": 148.26397761820226, "1": 130.0, "2": 120.0, "3": 122.0, "4": 77.36438808368793}, "rc-pulse-target": {"0": 2187.0, "1": 1904.0, "2": 1833.0, "3": 1855.0, "4": 1359.0, "5": 1221.5712165874272}, "reward": 0.0, "annotation": ""}