{"rc-position-target": {"height": 3.3210016668631757, "distance": 3.5775795445428793, "heading": 59.76397761820225, "wrist_angle": -2.7068723873062055, "wrist_rotation": 76.86438808368793, "gripper": 80.22858556083818}, "rc-angle-target": {"0": 149.76397761820226, "1": 130.0, "2": 119.0, "3": 121.0, "4": 76.86438808368793}, "rc-pulse-target": {"0": 2204.0, "1": 1904.0, "2": 1822.0, "3": 1844.0, "4": 1354.0, "5": 1296.5712165874272}, "reward": 0.0, "annotation": ""}