{"rc-position-target": {"height": 2.521001666863175, "distance": 3.5775795445428793, "heading": 47.76397761820225, "wrist_angle": -2.7068723873062055, "wrist_rotation": 80.58957550608045, "gripper": 88.32795597050284}, "rc-angle-target": {"0": 137.76397761820226, "1": 127.0, "2": 124.0, "3": 129.0, "4": 80.58957550608045}, "rc-pulse-target": {"0": 2070.0, "1": 1871.0, "2": 1877.0, "3": 1933.0, "4": 1395.0, "5": 1175.0806604424574}, "reward": 0.0, "annotation": ""}