{"rc-position-target": {"height": 2.721001666863175, "distance": 3.5775795445428793, "heading": 50.76397761820225, "wrist_angle": -2.7068723873062055, "wrist_rotation": 79.86438808368793, "gripper": 88.32795597050284}, "rc-angle-target": {"0": 140.76397761820226, "1": 128.0, "2": 123.0, "3": 127.0, "4": 79.86438808368793}, "rc-pulse-target": {"0": 2104.0, "1": 1882.0, "2": 1866.0, "3": 1911.0, "4": 1387.0, "5": 1175.0806604424574}, "reward": 0.0, "annotation": ""}