{"rc-position-target": {"height": 2.621001666863175, "distance": 3.5775795445428793, "heading": 49.26397761820225, "wrist_angle": -2.7068723873062055, "wrist_rotation": 80.36438808368793, "gripper": 88.32795597050284}, "rc-angle-target": {"0": 139.26397761820226, "1": 128.0, "2": 124.0, "3": 128.0, "4": 80.36438808368793}, "rc-pulse-target": {"0": 2087.0, "1": 1882.0, "2": 1877.0, "3": 1922.0, "4": 1392.0, "5": 1175.0806604424574}, "reward": 0.0, "annotation": ""}