{"rc-position-target": {"height": 2.9210016668631753, "distance": 3.5775795445428793, "heading": 53.76397761820225, "wrist_angle": -2.7068723873062055, "wrist_rotation": 78.86438808368793, "gripper": 88.32795597050284}, "rc-angle-target": {"0": 143.76397761820226, "1": 129.0, "2": 122.0, "3": 125.0, "4": 78.86438808368793}, "rc-pulse-target": {"0": 2137.0, "1": 1893.0, "2": 1855.0, "3": 1888.0, "4": 1376.0, "5": 1175.0806604424574}, "reward": 0.0, "annotation": ""}