{"rc-position-target": {"height": 3.1210016668631755, "distance": 3.5775795445428793, "heading": 56.76397761820225, "wrist_angle": -2.7068723873062055, "wrist_rotation": 77.86438808368793, "gripper": 88.32795597050284}, "rc-angle-target": {"0": 146.76397761820226, "1": 129.0, "2": 120.0, "3": 123.0, "4": 77.86438808368793}, "rc-pulse-target": {"0": 2170.0, "1": 1893.0, "2": 1833.0, "3": 1866.0, "4": 1365.0, "5": 1175.0806604424574}, "reward": 0.0, "annotation": ""}