{"rc-position-target": {"height": 3.0210016668631754, "distance": 3.5775795445428793, "heading": 55.26397761820225, "wrist_angle": -2.7068723873062055, "wrist_rotation": 78.36438808368793, "gripper": 88.32795597050284}, "rc-angle-target": {"0": 145.26397761820226, "1": 129.0, "2": 121.0, "3": 124.0, "4": 78.36438808368793}, "rc-pulse-target": {"0": 2154.0, "1": 1893.0, "2": 1844.0, "3": 1877.0, "4": 1370.0, "5": 1175.0806604424574}, "reward": 0.0, "annotation": ""}