{"rc-position-target": {"height": 2.821001666863175, "distance": 3.5775795445428793, "heading": 52.26397761820225, "wrist_angle": -2.7068723873062055, "wrist_rotation": 79.36438808368793, "gripper": 88.32795597050284}, "rc-angle-target": {"0": 142.26397761820226, "1": 128.0, "2": 122.0, "3": 126.0, "4": 79.36438808368793}, "rc-pulse-target": {"0": 2120.0, "1": 1882.0, "2": 1855.0, "3": 1900.0, "4": 1381.0, "5": 1175.0806604424574}, "reward": 0.0, "annotation": ""}