{"rc-position-target": {"height": 2.3210016668631748, "distance": 3.5775795445428793, "heading": 44.76397761820225, "wrist_angle": -2.7068723873062055, "wrist_rotation": 80.58957550608045, "gripper": 88.32795597050284}, "rc-angle-target": {"0": 134.76397761820226, "1": 126.0, "2": 125.0, "3": 131.0, "4": 80.58957550608045}, "rc-pulse-target": {"0": 2037.0, "1": 1860.0, "2": 1888.0, "3": 1955.0, "4": 1395.0, "5": 1175.0806604424574}, "reward": 0.0, "annotation": ""}