{"rc-position-target": {"height": 2.2210016668631747, "distance": 3.5775795445428793, "heading": 43.26397761820225, "wrist_angle": -2.7068723873062055, "wrist_rotation": 80.58957550608045, "gripper": 88.32795597050284}, "rc-angle-target": {"0": 133.26397761820226, "1": 126.0, "2": 126.0, "3": 132.0, "4": 80.58957550608045}, "rc-pulse-target": {"0": 2020.0, "1": 1860.0, "2": 1900.0, "3": 1966.0, "4": 1395.0, "5": 1175.0806604424574}, "reward": 0.0, "annotation": ""}