{"rc-position-target": {"height": 1.7210016668631742, "distance": 3.5775795445428793, "heading": 35.76397761820225, "wrist_angle": -2.7068723873062055, "wrist_rotation": 80.58957550608045, "gripper": 88.32795597050284}, "rc-angle-target": {"0": 125.76397761820225, "1": 122.0, "2": 128.0, "3": 138.0, "4": 80.58957550608045}, "rc-pulse-target": {"0": 1937.0, "1": 1815.0, "2": 1922.0, "3": 2033.0, "4": 1395.0, "5": 1175.0806604424574}, "reward": 0.0, "annotation": ""}