{"rc-position-target": {"height": 1.8210016668631743, "distance": 3.5775795445428793, "heading": 37.26397761820225, "wrist_angle": -2.7068723873062055, "wrist_rotation": 80.58957550608045, "gripper": 88.32795597050284}, "rc-angle-target": {"0": 127.26397761820225, "1": 123.0, "2": 128.0, "3": 137.0, "4": 80.58957550608045}, "rc-pulse-target": {"0": 1954.0, "1": 1826.0, "2": 1922.0, "3": 2022.0, "4": 1395.0, "5": 1175.0806604424574}, "reward": 0.0, "annotation": ""}