{"rc-position-target": {"height": 1.9210016668631744, "distance": 3.5775795445428793, "heading": 38.76397761820225, "wrist_angle": -2.7068723873062055, "wrist_rotation": 80.58957550608045, "gripper": 88.32795597050284}, "rc-angle-target": {"0": 128.76397761820226, "1": 124.0, "2": 127.0, "3": 135.0, "4": 80.58957550608045}, "rc-pulse-target": {"0": 1970.0, "1": 1837.0, "2": 1911.0, "3": 2000.0, "4": 1395.0, "5": 1175.0806604424574}, "reward": 0.0, "annotation": ""}