{"rc-position-target": {"height": 2.0210016668631745, "distance": 3.5775795445428793, "heading": 40.26397761820225, "wrist_angle": -2.7068723873062055, "wrist_rotation": 80.58957550608045, "gripper": 88.32795597050284}, "rc-angle-target": {"0": 130.26397761820226, "1": 124.0, "2": 127.0, "3": 134.0, "4": 80.58957550608045}, "rc-pulse-target": {"0": 1987.0, "1": 1837.0, "2": 1911.0, "3": 1988.0, "4": 1395.0, "5": 1175.0806604424574}, "reward": 0.0, "annotation": ""}