{"rc-position-target": {"height": 2.1210016668631746, "distance": 3.5775795445428793, "heading": 41.76397761820225, "wrist_angle": -2.7068723873062055, "wrist_rotation": 80.58957550608045, "gripper": 88.32795597050284}, "rc-angle-target": {"0": 131.76397761820226, "1": 125.0, "2": 126.0, "3": 133.0, "4": 80.58957550608045}, "rc-pulse-target": {"0": 2004.0, "1": 1848.0, "2": 1900.0, "3": 1977.0, "4": 1395.0, "5": 1175.0806604424574}, "reward": 0.0, "annotation": ""}