{"rc-position-target": {"height": 1.6210016668631742, "distance": 3.5775795445428793, "heading": 34.26397761820225, "wrist_angle": -2.7068723873062055, "wrist_rotation": 80.58957550608045, "gripper": 88.32795597050284}, "rc-angle-target": {"0": 124.26397761820225, "1": 121.0, "2": 129.0, "3": 139.0, "4": 80.58957550608045}, "rc-pulse-target": {"0": 1920.0, "1": 1804.0, "2": 1933.0, "3": 2044.0, "4": 1395.0, "5": 1175.0806604424574}, "reward": 0.0, "annotation": ""}