{"rc-position-target": {"height": 1.3210016668631739, "distance": 3.5775795445428793, "heading": 29.763977618202247, "wrist_angle": -2.7068723873062055, "wrist_rotation": 80.58957550608045, "gripper": 88.32795597050284}, "rc-angle-target": {"0": 119.76397761820225, "1": 119.0, "2": 130.0, "3": 143.0, "4": 80.58957550608045}, "rc-pulse-target": {"0": 1870.0, "1": 1782.0, "2": 1944.0, "3": 2088.0, "4": 1395.0, "5": 1175.0806604424574}, "reward": 0.0, "annotation": ""}